OPTION parallel-n64-cpucore=cached_interpreter
OPTION parallel-n64-disable_expmem=enabled
OPTION parallel-n64-gfxplugin=angrylion
OPTION parallel-n64-rspplugin=cxd4
OPTION parallel-n64-angrylion-multithread=4
OPTION parallel-n64-angrylion-overscan=disabled
OPTION parallel-n64-OverrideSaveType=EEPROM_16KB
CORE ParaLLEl N64 1.0 2f3bf60 fullpath=1
TEST ADAPTER: in-memory ED/16K EEPROM header; disk ROM unchanged
mupen64plus: Using full mem base
EmuThread: M64CMD_ROM_OPEN
mupen64plus: Goodname: Perfect Dark (unknown rom)
mupen64plus: Name: Perfect Dark        
mupen64plus: MD5: 94514D72AAC81BAAC6FCE32BC7BE1F79
mupen64plus: CRC: F27D6FA5 2F4FC739
mupen64plus: Imagetype: .z64 (native)
mupen64plus: Rom size: 33554432 bytes (or 32 Mb or 256 Megabits)
mupen64plus: Version: 1449
mupen64plus: Manufacturer: Nintendo
mupen64plus: Country: USA
EmuThread: M64CMD_ROM_GET_HEADER
CONTROLLERS mask=15 input_ranges=8
plugin_start_gfx
EmuThread: M64CMD_EXECUTE.
mupen64plus: Game controller 0 (Standard controller) has nothing plugged in
mupen64plus: Game controller 1 (Standard controller) has nothing plugged in
mupen64plus: Game controller 2 (Standard controller) has nothing plugged in
mupen64plus: Game controller 3 (Standard controller) has nothing plugged in
mupen64plus: Using CIC type X105
mupen64plus: Initializing 4 RDRAM modules for a total of 8 MB
mupen64plus: Starting R4300 emulator: Cached Interpreter
FRAME 300 video=300 640x480 seconds=27.4
FRAME 600 video=453 640x480 seconds=42.9
FRAME 900 video=453 640x480 seconds=46.4
FRAME 1200 video=453 640x480 seconds=49.6
PDOBS authenticated normal-v86f enqueue code; read-only; limit8192
PDOBS {"n":1,"ev":"guest_exec","pc":"80001960","count":"6c93c317","frame":1,"a":"8006b3d8","b":"80211968","sp":"00000243","mi":"00000000","mask":"0000003f","cause":"10000000","sr":"2400ff01","dp":"00000008","type":41419384,"locked":0,"sp_due":"00000000","rsp":"00000000","rs":"00000000","rdp":"00000000","next":"00000000","qvalid":0,"qcapacity":8,"thread":"8006cf70","tasks":0}
PDOBS {"n":2,"ev":"sp_write_before","pc":"80035fd8","count":"6c93d4e5","frame":1,"a":"00002b00","b":"ffffffff","sp":"00000243","mi":"00000000","mask":"0000003f","cause":"10000000","sr":"2400ff01","dp":"00000008","type":41419384,"locked":0,"sp_due":"00000000","rsp":"00000000","rs":"00000000","rdp":"00000000","next":"00000000","qvalid":0,"qcapacity":8,"thread":"8006cf70","tasks":0}
PDOBS {"n":3,"ev":"sp_write_after","pc":"80035fd8","count":"6c93d4e5","frame":1,"a":"00002b00","b":"ffffffff","sp":"00000043","mi":"00000000","mask":"0000003f","cause":"10000000","sr":"2400ff01","dp":"00000008","type":41419384,"locked":0,"sp_due":"00000000","rsp":"00000000","rs":"00000000","rdp":"00000000","next":"00000000","qvalid":0,"qcapacity":8,"thread":"8006cf70","tasks":0}
PDOBS {"n":4,"ev":"sp_write_before","pc":"80035fd8","count":"6c93d63d","frame":1,"a":"00000125","b":"ffffffff","sp":"00000043","mi":"00000000","mask":"0000003f","cause":"10000000","sr":"2400ff01","dp":"00000008","type":2,"locked":0,"sp_due":"00000000","rsp":"00000000","rs":"00000000","rdp":"00000000","next":"00000000","qvalid":0,"qcapacity":8,"thread":"8006cf70","tasks":0}
PDOBS {"n":5,"ev":"rsp_begin","pc":"80035fd8","count":"6c93d63d","frame":1,"a":"00000002","b":"04001000","sp":"00000040","mi":"00000000","mask":"0000003f","cause":"10000000","sr":"2400ff01","dp":"00000008","type":2,"locked":0,"sp_due":"00000000","rsp":"00000000","rs":"00000000","rdp":"00000000","next":"00000000","qvalid":0,"qcapacity":8,"thread":"8006cf70","tasks":0}
PDOBS {"n":6,"ev":"rsp_return","pc":"80035fd8","count":"6c93d63d","frame":1,"a":"02800280","b":"04001144","sp":"00000243","mi":"00000001","mask":"0000003f","cause":"10000400","sr":"2400ff01","dp":"00000008","type":41943680,"locked":0,"sp_due":"00000000","rsp":"00000000","rs":"00000000","rdp":"00000000","next":"00000000","qvalid":0,"qcapacity":8,"thread":"8006cf70","tasks":0}
PDOBS {"n":7,"ev":"mi_clear","pc":"80035fd8","count":"6c93d641","frame":1,"a":"00000001","b":"00000000","sp":"00000243","mi":"00000001","mask":"0000003f","cause":"10000400","sr":"2400ff01","dp":"00000008","type":41943680,"locked":0,"sp_due":"00000000","rsp":"00000000","rs":"00000000","rdp":"00000000","next":"00000000","qvalid":0,"qcapacity":8,"thread":"8006cf70","tasks":0}
PDOBS {"n":8,"ev":"rsp_deferred","pc":"80035fd8","count":"6c93d641","frame":1,"a":"00000fa0","b":"00000000","sp":"00000243","mi":"00000000","mask":"0000003f","cause":"10000000","sr":"2400ff01","dp":"00000008","type":41943680,"locked":0,"sp_due":"6c93e5e1","rsp":"00000000","rs":"00000000","rdp":"00000000","next":"00000000","qvalid":0,"qcapacity":8,"thread":"8006cf70","tasks":0}
PDOBS {"n":9,"ev":"rsp_exit","pc":"80035fd8","count":"6c93d641","frame":1,"a":"00000fa0","b":"00000000","sp":"00000040","mi":"00000000","mask":"0000003f","cause":"10000000","sr":"2400ff01","dp":"00000008","type":41943680,"locked":0,"sp_due":"6c93e5e1","rsp":"00000000","rs":"00000000","rdp":"00000000","next":"00000000","qvalid":0,"qcapacity":8,"thread":"8006cf70","tasks":0}
PDOBS {"n":10,"ev":"sp_write_after","pc":"80035fd8","count":"6c93d641","frame":1,"a":"00000125","b":"ffffffff","sp":"00000040","mi":"00000000","mask":"0000003f","cause":"10000000","sr":"2400ff01","dp":"00000008","type":41943680,"locked":0,"sp_due":"6c93e5e1","rsp":"00000000","rs":"00000000","rdp":"00000000","next":"00000000","qvalid":0,"qcapacity":8,"thread":"8006cf70","tasks":0}
PDOBS {"n":11,"ev":"sp_event","pc":"80033dc0","count":"6c93e5fd","frame":1,"a":"00000000","b":"00000000","sp":"00000040","mi":"00000000","mask":"00000000","cause":"10000000","sr":"2400ff01","dp":"00000008","type":41943680,"locked":0,"sp_due":"00000000","rsp":"80211968","rs":"00000000","rdp":"00000000","next":"00000000","qvalid":0,"qcapacity":8,"thread":"8006cf70","tasks":0}
PDOBS {"n":12,"ev":"mi_raise","pc":"80033dc0","count":"6c93e5fd","frame":1,"a":"00000001","b":"00000000","sp":"00000243","mi":"00000000","mask":"00000000","cause":"10000000","sr":"2400ff01","dp":"00000008","type":41943680,"locked":0,"sp_due":"00000000","rsp":"80211968","rs":"00000000","rdp":"00000000","next":"00000000","qvalid":0,"qcapacity":8,"thread":"8006cf70","tasks":0}
PDOBS {"n":13,"ev":"sp_write_before","pc":"80002fa4","count":"6c93e849","frame":1,"a":"00008008","b":"ffffffff","sp":"00000243","mi":"00000001","mask":"0000003f","cause":"10000400","sr":"2400ff00","dp":"00000008","type":41943680,"locked":0,"sp_due":"00000000","rsp":"80211968","rs":"00000000","rdp":"00000000","next":"00000000","qvalid":0,"qcapacity":8,"thread":"8006cf70","tasks":0}
PDOBS {"n":14,"ev":"mi_clear","pc":"80002fa4","count":"6c93e849","frame":1,"a":"00000001","b":"00000000","sp":"00000243","mi":"00000001","mask":"0000003f","cause":"10000400","sr":"2400ff00","dp":"00000008","type":41943680,"locked":0,"sp_due":"00000000","rsp":"80211968","rs":"00000000","rdp":"00000000","next":"00000000","qvalid":0,"qcapacity":8,"thread":"8006cf70","tasks":0}
PDOBS {"n":15,"ev":"sp_write_after","pc":"80002fa4","count":"6c93e849","frame":1,"a":"00008008","b":"ffffffff","sp":"00000243","mi":"00000000","mask":"0000003f","cause":"10000000","sr":"2400ff00","dp":"00000008","type":41943680,"locked":0,"sp_due":"00000000","rsp":"80211968","rs":"00000000","rdp":"00000000","next":"00000000","qvalid":0,"qcapacity":8,"thread":"8006cf70","tasks":0}
PDOBS {"n":16,"ev":"guest_send","pc":"80003208","count":"6c93e85d","frame":1,"a":"00000020","b":"8006b418","sp":"00000243","mi":"00000000","mask":"0000003f","cause":"10000000","sr":"2400ff00","dp":"00000008","type":41943680,"locked":0,"sp_due":"00000000","rsp":"80211968","rs":"00000000","rdp":"00000000","next":"00000000","qvalid":0,"qcapacity":8,"thread":"8006cf70","tasks":0}
PDOBS {"n":17,"ev":"guest_fullcheck","pc":"80003230","count":"6c93e86b","frame":1,"a":"00000020","b":"8006b418","sp":"00000243","mi":"00000000","mask":"0000003f","cause":"10000000","sr":"2400ff00","dp":"00000008","type":41943680,"locked":0,"sp_due":"00000000","rsp":"80211968","rs":"00000000","rdp":"00000000","next":"00000000","qvalid":0,"qcapacity":8,"thread":"8006cf70","tasks":0}
PDOBS {"n":18,"ev":"guest_sp_handler","pc":"80001f68","count":"6c93ea85","frame":1,"a":"8006b3d8","b":"80360718","sp":"00000243","mi":"00000000","mask":"0000003f","cause":"10000000","sr":"2400ff01","dp":"00000008","type":41943680,"locked":0,"sp_due":"00000000","rsp":"80211968","rs":"00000000","rdp":"00000000","next":"00000000","qvalid":0,"qcapacity":8,"thread":"80068f90","tasks":0}
PDOBS {"n":19,"ev":"guest_complete","pc":"80001e50","count":"6c93eab3","frame":1,"a":"8006b3d8","b":"80211968","sp":"00000243","mi":"00000000","mask":"0000003f","cause":"10000000","sr":"2400ff01","dp":"00000008","type":41943680,"locked":0,"sp_due":"00000000","rsp":"00000000","rs":"00000000","rdp":"00000000","next":"00000000","qvalid":0,"qcapacity":8,"thread":"80068f90","tasks":0}
PDOBS {"n":20,"ev":"guest_exec","pc":"80001960","count":"6cac840f","frame":1,"a":"8006b3d8","b":"802125c8","sp":"00000243","mi":"00000000","mask":"0000003f","cause":"10000000","sr":"2400ff01","dp":"00000008","type":41943680,"locked":0,"sp_due":"00000000","rsp":"00000000","rs":"00000000","rdp":"00000000","next":"00000000","qvalid":0,"qcapacity":8,"thread":"8006cf70","tasks":0}
PDOBS {"n":21,"ev":"sp_write_before","pc":"80035fd8","count":"6cac95dd","frame":1,"a":"00002b00","b":"ffffffff","sp":"00000243","mi":"00000000","mask":"0000003f","cause":"10000000","sr":"2400ff01","dp":"00000008","type":41943680,"locked":0,"sp_due":"00000000","rsp":"00000000","rs":"00000000","rdp":"00000000","next":"00000000","qvalid":0,"qcapacity":8,"thread":"8006cf70","tasks":0}
PDOBS {"n":22,"ev":"sp_write_after","pc":"80035fd8","count":"6cac95dd","frame":1,"a":"00002b00","b":"ffffffff","sp":"00000043","mi":"00000000","mask":"0000003f","cause":"10000000","sr":"2400ff01","dp":"00000008","type":41943680,"locked":0,"sp_due":"00000000","rsp":"00000000","rs":"00000000","rdp":"00000000","next":"00000000","qvalid":0,"qcapacity":8,"thread":"8006cf70","tasks":0}
PDOBS {"n":23,"ev":"sp_write_before","pc":"80035fd8","count":"6cac9735","frame":1,"a":"00000125","b":"ffffffff","sp":"00000043","mi":"00000000","mask":"0000003f","cause":"10000000","sr":"2400ff01","dp":"00000008","type":2,"locked":0,"sp_due":"00000000","rsp":"00000000","rs":"00000000","rdp":"00000000","next":"00000000","qvalid":0,"qcapacity":8,"thread":"8006cf70","tasks":0}
PDOBS {"n":24,"ev":"rsp_begin","pc":"80035fd8","count":"6cac9735","frame":1,"a":"00000002","b":"04001000","sp":"00000040","mi":"00000000","mask":"0000003f","cause":"10000000","sr":"2400ff01","dp":"00000008","type":2,"locked":0,"sp_due":"00000000","rsp":"00000000","rs":"00000000","rdp":"00000000","next":"00000000","qvalid":0,"qcapacity":8,"thread":"8006cf70","tasks":0}
PDOBS {"n":25,"ev":"rsp_return","pc":"80035fd8","count":"6cac9735","frame":1,"a":"02880288","b":"04001144","sp":"00000243","mi":"00000001","mask":"0000003f","cause":"10000400","sr":"2400ff01","dp":"00000008","type":42467976,"locked":0,"sp_due":"00000000","rsp":"00000000","rs":"00000000","rdp":"00000000","next":"00000000","qvalid":0,"qcapacity":8,"thread":"8006cf70","tasks":0}
PDOBS {"n":26,"ev":"mi_clear","pc":"80035fd8","count":"6cac9739","frame":1,"a":"00000001","b":"00000000","sp":"00000243","mi":"00000001","mask":"0000003f","cause":"10000400","sr":"2400ff01","dp":"00000008","type":42467976,"locked":0,"sp_due":"00000000","rsp":"00000000","rs":"00000000","rdp":"00000000","next":"00000000","qvalid":0,"qcapacity":8,"thread":"8006cf70","tasks":0}
PDOBS {"n":27,"ev":"rsp_deferred","pc":"80035fd8","count":"6cac9739","frame":1,"a":"00000fa0","b":"00000000","sp":"00000243","mi":"00000000","mask":"0000003f","cause":"10000000","sr":"2400ff01","dp":"00000008","type":42467976,"locked":0,"sp_due":"6caca6d9","rsp":"00000000","rs":"00000000","rdp":"00000000","next":"00000000","qvalid":0,"qcapacity":8,"thread":"8006cf70","tasks":0}
PDOBS {"n":28,"ev":"rsp_exit","pc":"80035fd8","count":"6cac9739","frame":1,"a":"00000fa0","b":"00000000","sp":"00000040","mi":"00000000","mask":"0000003f","cause":"10000000","sr":"2400ff01","dp":"00000008","type":42467976,"locked":0,"sp_due":"6caca6d9","rsp":"00000000","rs":"00000000","rdp":"00000000","next":"00000000","qvalid":0,"qcapacity":8,"thread":"8006cf70","tasks":0}
PDOBS {"n":29,"ev":"sp_write_after","pc":"80035fd8","count":"6cac9739","frame":1,"a":"00000125","b":"ffffffff","sp":"00000040","mi":"00000000","mask":"0000003f","cause":"10000000","sr":"2400ff01","dp":"00000008","type":42467976,"locked":0,"sp_due":"6caca6d9","rsp":"00000000","rs":"00000000","rdp":"00000000","next":"00000000","qvalid":0,"qcapacity":8,"thread":"8006cf70","tasks":0}
PDOBS {"n":30,"ev":"sp_event","pc":"80033dc0","count":"6caca6f5","frame":1,"a":"00000000","b":"00000000","sp":"00000040","mi":"00000000","mask":"00000000","cause":"10000000","sr":"2400ff01","dp":"00000008","type":42467976,"locked":0,"sp_due":"00000000","rsp":"802125c8","rs":"00000000","rdp":"00000000","next":"00000000","qvalid":0,"qcapacity":8,"thread":"8006cf70","tasks":0}
PDOBS {"n":31,"ev":"mi_raise","pc":"80033dc0","count":"6caca6f5","frame":1,"a":"00000001","b":"00000000","sp":"00000243","mi":"00000000","mask":"00000000","cause":"10000000","sr":"2400ff01","dp":"00000008","type":42467976,"locked":0,"sp_due":"00000000","rsp":"802125c8","rs":"00000000","rdp":"00000000","next":"00000000","qvalid":0,"qcapacity":8,"thread":"8006cf70","tasks":0}
PDOBS {"n":32,"ev":"sp_write_before","pc":"80002fa4","count":"6caca941","frame":1,"a":"00008008","b":"ffffffff","sp":"00000243","mi":"00000001","mask":"0000003f","cause":"10000400","sr":"2400ff00","dp":"00000008","type":42467976,"locked":0,"sp_due":"00000000","rsp":"802125c8","rs":"00000000","rdp":"00000000","next":"00000000","qvalid":0,"qcapacity":8,"thread":"8006cf70","tasks":0}
PDOBS {"n":33,"ev":"mi_clear","pc":"80002fa4","count":"6caca941","frame":1,"a":"00000001","b":"00000000","sp":"00000243","mi":"00000001","mask":"0000003f","cause":"10000400","sr":"2400ff00","dp":"00000008","type":42467976,"locked":0,"sp_due":"00000000","rsp":"802125c8","rs":"00000000","rdp":"00000000","next":"00000000","qvalid":0,"qcapacity":8,"thread":"8006cf70","tasks":0}
PDOBS {"n":34,"ev":"sp_write_after","pc":"80002fa4","count":"6caca941","frame":1,"a":"00008008","b":"ffffffff","sp":"00000243","mi":"00000000","mask":"0000003f","cause":"10000000","sr":"2400ff00","dp":"00000008","type":42467976,"locked":0,"sp_due":"00000000","rsp":"802125c8","rs":"00000000","rdp":"00000000","next":"00000000","qvalid":0,"qcapacity":8,"thread":"8006cf70","tasks":0}
PDOBS {"n":35,"ev":"guest_send","pc":"80003208","count":"6caca955","frame":1,"a":"00000020","b":"8006b418","sp":"00000243","mi":"00000000","mask":"0000003f","cause":"10000000","sr":"2400ff00","dp":"00000008","type":42467976,"locked":0,"sp_due":"00000000","rsp":"802125c8","rs":"00000000","rdp":"00000000","next":"00000000","qvalid":0,"qcapacity":8,"thread":"8006cf70","tasks":0}
PDOBS {"n":36,"ev":"guest_fullcheck","pc":"80003230","count":"6caca963","frame":1,"a":"00000020","b":"8006b418","sp":"00000243","mi":"00000000","mask":"0000003f","cause":"10000000","sr":"2400ff00","dp":"00000008","type":42467976,"locked":0,"sp_due":"00000000","rsp":"802125c8","rs":"00000000","rdp":"00000000","next":"00000000","qvalid":0,"qcapacity":8,"thread":"8006cf70","tasks":0}
PDOBS {"n":37,"ev":"guest_sp_handler","pc":"80001f68","count":"6cacab7d","frame":1,"a":"8006b3d8","b":"80360718","sp":"00000243","mi":"00000000","mask":"0000003f","cause":"10000000","sr":"2400ff01","dp":"00000008","type":42467976,"locked":0,"sp_due":"00000000","rsp":"802125c8","rs":"00000000","rdp":"00000000","next":"00000000","qvalid":0,"qcapacity":8,"thread":"80068f90","tasks":0}
PDOBS {"n":38,"ev":"guest_complete","pc":"80001e50","count":"6cacabab","frame":1,"a":"8006b3d8","b":"802125c8","sp":"00000243","mi":"00000000","mask":"0000003f","cause":"10000000","sr":"2400ff01","dp":"00000008","type":42467976,"locked":0,"sp_due":"00000000","rsp":"00000000","rs":"00000000","rdp":"00000000","next":"00000000","qvalid":0,"qcapacity":8,"thread":"80068f90","tasks":0}
PDOBS {"n":39,"ev":"guest_exec","pc":"80001960","count":"6cc544e7","frame":1,"a":"8006b3d8","b":"80210d08","sp":"00000243","mi":"00000000","mask":"0000003f","cause":"10000000","sr":"2400ff01","dp":"00000008","type":42467976,"locked":0,"sp_due":"00000000","rsp":"00000000","rs":"00000000","rdp":"00000000","next":"00000000","qvalid":0,"qcapacity":8,"thread":"8006cf70","tasks":0}
PDOBS {"n":40,"ev":"sp_write_before","pc":"80035fd8","count":"6cc556b5","frame":1,"a":"00002b00","b":"ffffffff","sp":"00000243","mi":"00000000","mask":"0000003f","cause":"10000000","sr":"2400ff01","dp":"00000008","type":42467976,"locked":0,"sp_due":"00000000","rsp":"00000000","rs":"00000000","rdp":"00000000","next":"00000000","qvalid":0,"qcapacity":8,"thread":"8006cf70","tasks":0}
PDOBS {"n":41,"ev":"sp_write_after","pc":"80035fd8","count":"6cc556b5","frame":1,"a":"00002b00","b":"ffffffff","sp":"00000043","mi":"00000000","mask":"0000003f","cause":"10000000","sr":"2400ff01","dp":"00000008","type":42467976,"locked":0,"sp_due":"00000000","rsp":"00000000","rs":"00000000","rdp":"00000000","next":"00000000","qvalid":0,"qcapacity":8,"thread":"8006cf70","tasks":0}
PDOBS {"n":42,"ev":"sp_write_before","pc":"80035fd8","count":"6cc5580d","frame":1,"a":"00000125","b":"ffffffff","sp":"00000043","mi":"00000000","mask":"0000003f","cause":"10000000","sr":"2400ff01","dp":"00000008","type":2,"locked":0,"sp_due":"00000000","rsp":"00000000","rs":"00000000","rdp":"00000000","next":"00000000","qvalid":0,"qcapacity":8,"thread":"8006cf70","tasks":0}
PDOBS {"n":43,"ev":"rsp_begin","pc":"80035fd8","count":"6cc5580d","frame":1,"a":"00000002","b":"04001000","sp":"00000040","mi":"00000000","mask":"0000003f","cause":"10000000","sr":"2400ff01","dp":"00000008","type":2,"locked":0,"sp_due":"00000000","rsp":"00000000","rs":"00000000","rdp":"00000000","next":"00000000","qvalid":0,"qcapacity":8,"thread":"8006cf70","tasks":0}
PDOBS {"n":44,"ev":"rsp_return","pc":"80035fd8","count":"6cc5580d","frame":1,"a":"02980298","b":"04001144","sp":"00000243","mi":"00000001","mask":"0000003f","cause":"10000400","sr":"2400ff01","dp":"00000008","type":43516568,"locked":0,"sp_due":"00000000","rsp":"00000000","rs":"00000000","rdp":"00000000","next":"00000000","qvalid":0,"qcapacity":8,"thread":"8006cf70","tasks":0}
PDOBS {"n":45,"ev":"mi_clear","pc":"80035fd8","count":"6cc55811","frame":1,"a":"00000001","b":"00000000","sp":"00000243","mi":"00000001","mask":"0000003f","cause":"10000400","sr":"2400ff01","dp":"00000008","type":43516568,"locked":0,"sp_due":"00000000","rsp":"00000000","rs":"00000000","rdp":"00000000","next":"00000000","qvalid":0,"qcapacity":8,"thread":"8006cf70","tasks":0}
PDOBS {"n":46,"ev":"rsp_deferred","pc":"80035fd8","count":"6cc55811","frame":1,"a":"00000fa0","b":"00000000","sp":"00000243","mi":"00000000","mask":"0000003f","cause":"10000000","sr":"2400ff01","dp":"00000008","type":43516568,"locked":0,"sp_due":"6cc567b1","rsp":"00000000","rs":"00000000","rdp":"00000000","next":"00000000","qvalid":0,"qcapacity":8,"thread":"8006cf70","tasks":0}
PDOBS {"n":47,"ev":"rsp_exit","pc":"80035fd8","count":"6cc55811","frame":1,"a":"00000fa0","b":"00000000","sp":"00000040","mi":"00000000","mask":"0000003f","cause":"10000000","sr":"2400ff01","dp":"00000008","type":43516568,"locked":0,"sp_due":"6cc567b1","rsp":"00000000","rs":"00000000","rdp":"00000000","next":"00000000","qvalid":0,"qcapacity":8,"thread":"8006cf70","tasks":0}
PDOBS {"n":48,"ev":"sp_write_after","pc":"80035fd8","count":"6cc55811","frame":1,"a":"00000125","b":"ffffffff","sp":"00000040","mi":"00000000","mask":"0000003f","cause":"10000000","sr":"2400ff01","dp":"00000008","type":43516568,"locked":0,"sp_due":"6cc567b1","rsp":"00000000","rs":"00000000","rdp":"00000000","next":"00000000","qvalid":0,"qcapacity":8,"thread":"8006cf70","tasks":0}
PDOBS {"n":49,"ev":"sp_event","pc":"80033dc0","count":"6cc567cd","frame":1,"a":"00000000","b":"00000000","sp":"00000040","mi":"00000000","mask":"00000000","cause":"10000000","sr":"2400ff01","dp":"00000008","type":43516568,"locked":0,"sp_due":"00000000","rsp":"80210d08","rs":"00000000","rdp":"00000000","next":"00000000","qvalid":0,"qcapacity":8,"thread":"8006cf70","tasks":0}
PDOBS {"n":50,"ev":"mi_raise","pc":"80033dc0","count":"6cc567cd","frame":1,"a":"00000001","b":"00000000","sp":"00000243","mi":"00000000","mask":"00000000","cause":"10000000","sr":"2400ff01","dp":"00000008","type":43516568,"locked":0,"sp_due":"00000000","rsp":"80210d08","rs":"00000000","rdp":"00000000","next":"00000000","qvalid":0,"qcapacity":8,"thread":"8006cf70","tasks":0}
PDOBS {"n":51,"ev":"sp_write_before","pc":"80002fa4","count":"6cc56a19","frame":1,"a":"00008008","b":"ffffffff","sp":"00000243","mi":"00000001","mask":"0000003f","cause":"10000400","sr":"2400ff00","dp":"00000008","type":43516568,"locked":0,"sp_due":"00000000","rsp":"80210d08","rs":"00000000","rdp":"00000000","next":"00000000","qvalid":0,"qcapacity":8,"thread":"8006cf70","tasks":0}
PDOBS {"n":52,"ev":"mi_clear","pc":"80002fa4","count":"6cc56a19","frame":1,"a":"00000001","b":"00000000","sp":"00000243","mi":"00000001","mask":"0000003f","cause":"10000400","sr":"2400ff00","dp":"00000008","type":43516568,"locked":0,"sp_due":"00000000","rsp":"80210d08","rs":"00000000","rdp":"00000000","next":"00000000","qvalid":0,"qcapacity":8,"thread":"8006cf70","tasks":0}
PDOBS {"n":53,"ev":"sp_write_after","pc":"80002fa4","count":"6cc56a19","frame":1,"a":"00008008","b":"ffffffff","sp":"00000243","mi":"00000000","mask":"0000003f","cause":"10000000","sr":"2400ff00","dp":"00000008","type":43516568,"locked":0,"sp_due":"00000000","rsp":"80210d08","rs":"00000000","rdp":"00000000","next":"00000000","qvalid":0,"qcapacity":8,"thread":"8006cf70","tasks":0}
PDOBS {"n":54,"ev":"guest_send","pc":"80003208","count":"6cc56a2d","frame":1,"a":"00000020","b":"8006b418","sp":"00000243","mi":"00000000","mask":"0000003f","cause":"10000000","sr":"2400ff00","dp":"00000008","type":43516568,"locked":0,"sp_due":"00000000","rsp":"80210d08","rs":"00000000","rdp":"00000000","next":"00000000","qvalid":0,"qcapacity":8,"thread":"8006cf70","tasks":0}
PDOBS {"n":55,"ev":"guest_fullcheck","pc":"80003230","count":"6cc56a3b","frame":1,"a":"00000020","b":"8006b418","sp":"00000243","mi":"00000000","mask":"0000003f","cause":"10000000","sr":"2400ff00","dp":"00000008","type":43516568,"locked":0,"sp_due":"00000000","rsp":"80210d08","rs":"00000000","rdp":"00000000","next":"00000000","qvalid":0,"qcapacity":8,"thread":"8006cf70","tasks":0}
PDOBS {"n":56,"ev":"guest_sp_handler","pc":"80001f68","count":"6cc56c59","frame":1,"a":"8006b3d8","b":"80360718","sp":"00000243","mi":"00000000","mask":"0000003f","cause":"10000000","sr":"2400ff01","dp":"00000008","type":43516568,"locked":0,"sp_due":"00000000","rsp":"80210d08","rs":"00000000","rdp":"00000000","next":"00000000","qvalid":0,"qcapacity":8,"thread":"80068f90","tasks":0}
PDOBS {"n":57,"ev":"guest_complete","pc":"80001e50","count":"6cc56c87","frame":1,"a":"8006b3d8","b":"80210d08","sp":"00000243","mi":"00000000","mask":"0000003f","cause":"10000000","sr":"2400ff01","dp":"00000008","type":43516568,"locked":0,"sp_due":"00000000","rsp":"00000000","rs":"00000000","rdp":"00000000","next":"00000000","qvalid":0,"qcapacity":8,"thread":"80068f90","tasks":0}
PDOBS {"n":58,"ev":"guest_exec","pc":"80001960","count":"6cde0605","frame":1,"a":"8006b3d8","b":"80211968","sp":"00000243","mi":"00000000","mask":"0000003f","cause":"10000000","sr":"2400ff01","dp":"00000008","type":43516568,"locked":0,"sp_due":"00000000","rsp":"00000000","rs":"00000000","rdp":"00000000","next":"00000000","qvalid":0,"qcapacity":8,"thread":"8006cf70","tasks":0}
PDOBS {"n":59,"ev":"sp_write_before","pc":"80035fd8","count":"6cde17d3","frame":1,"a":"00002b00","b":"ffffffff","sp":"00000243","mi":"00000000","mask":"0000003f","cause":"10000000","sr":"2400ff01","dp":"00000008","type":43516568,"locked":0,"sp_due":"00000000","rsp":"00000000","rs":"00000000","rdp":"00000000","next":"00000000","qvalid":0,"qcapacity":8,"thread":"8006cf70","tasks":0}
PDOBS {"n":60,"ev":"sp_write_after","pc":"80035fd8","count":"6cde17d3","frame":1,"a":"00002b00","b":"ffffffff","sp":"00000043","mi":"00000000","mask":"0000003f","cause":"10000000","sr":"2400ff01","dp":"00000008","type":43516568,"locked":0,"sp_due":"00000000","rsp":"00000000","rs":"00000000","rdp":"00000000","next":"00000000","qvalid":0,"qcapacity":8,"thread":"8006cf70","tasks":0}
PDOBS {"n":61,"ev":"sp_write_before","pc":"80035fd8","count":"6cde192b","frame":1,"a":"00000125","b":"ffffffff","sp":"00000043","mi":"00000000","mask":"0000003f","cause":"10000000","sr":"2400ff01","dp":"00000008","type":2,"locked":0,"sp_due":"00000000","rsp":"00000000","rs":"00000000","rdp":"00000000","next":"00000000","qvalid":0,"qcapacity":8,"thread":"8006cf70","tasks":0}
PDOBS {"n":62,"ev":"rsp_begin","pc":"80035fd8","count":"6cde192b","frame":1,"a":"00000002","b":"04001000","sp":"00000040","mi":"00000000","mask":"0000003f","cause":"10000000","sr":"2400ff01","dp":"00000008","type":2,"locked":0,"sp_due":"00000000","rsp":"00000000","rs":"00000000","rdp":"00000000","next":"00000000","qvalid":0,"qcapacity":8,"thread":"8006cf70","tasks":0}
PDOBS {"n":63,"ev":"rsp_return","pc":"80035fd8","count":"6cde192b","frame":1,"a":"02a002a0","b":"04001144","sp":"00000243","mi":"00000001","mask":"0000003f","cause":"10000400","sr":"2400ff01","dp":"00000008","type":44040864,"locked":0,"sp_due":"00000000","rsp":"00000000","rs":"00000000","rdp":"00000000","next":"00000000","qvalid":0,"qcapacity":8,"thread":"8006cf70","tasks":0}
PDOBS {"n":64,"ev":"mi_clear","pc":"80035fd8","count":"6cde192f","frame":1,"a":"00000001","b":"00000000","sp":"00000243","mi":"00000001","mask":"0000003f","cause":"10000400","sr":"2400ff01","dp":"00000008","type":44040864,"locked":0,"sp_due":"00000000","rsp":"00000000","rs":"00000000","rdp":"00000000","next":"00000000","qvalid":0,"qcapacity":8,"thread":"8006cf70","tasks":0}
PDOBS {"n":65,"ev":"rsp_deferred","pc":"80035fd8","count":"6cde192f","frame":1,"a":"00000fa0","b":"00000000","sp":"00000243","mi":"00000000","mask":"0000003f","cause":"10000000","sr":"2400ff01","dp":"00000008","type":44040864,"locked":0,"sp_due":"6cde28cf","rsp":"00000000","rs":"00000000","rdp":"00000000","next":"00000000","qvalid":0,"qcapacity":8,"thread":"8006cf70","tasks":0}
PDOBS {"n":66,"ev":"rsp_exit","pc":"80035fd8","count":"6cde192f","frame":1,"a":"00000fa0","b":"00000000","sp":"00000040","mi":"00000000","mask":"0000003f","cause":"10000000","sr":"2400ff01","dp":"00000008","type":44040864,"locked":0,"sp_due":"6cde28cf","rsp":"00000000","rs":"00000000","rdp":"00000000","next":"00000000","qvalid":0,"qcapacity":8,"thread":"8006cf70","tasks":0}
PDOBS {"n":67,"ev":"sp_write_after","pc":"80035fd8","count":"6cde192f","frame":1,"a":"00000125","b":"ffffffff","sp":"00000040","mi":"00000000","mask":"0000003f","cause":"10000000","sr":"2400ff01","dp":"00000008","type":44040864,"locked":0,"sp_due":"6cde28cf","rsp":"00000000","rs":"00000000","rdp":"00000000","next":"00000000","qvalid":0,"qcapacity":8,"thread":"8006cf70","tasks":0}
PDOBS {"n":68,"ev":"sp_event","pc":"80033dc0","count":"6cde28eb","frame":1,"a":"00000000","b":"00000000","sp":"00000040","mi":"00000000","mask":"00000000","cause":"10000000","sr":"2400ff01","dp":"00000008","type":44040864,"locked":0,"sp_due":"00000000","rsp":"80211968","rs":"00000000","rdp":"00000000","next":"00000000","qvalid":0,"qcapacity":8,"thread":"8006cf70","tasks":0}
PDOBS {"n":69,"ev":"mi_raise","pc":"80033dc0","count":"6cde28eb","frame":1,"a":"00000001","b":"00000000","sp":"00000243","mi":"00000000","mask":"00000000","cause":"10000000","sr":"2400ff01","dp":"00000008","type":44040864,"locked":0,"sp_due":"00000000","rsp":"80211968","rs":"00000000","rdp":"00000000","next":"00000000","qvalid":0,"qcapacity":8,"thread":"8006cf70","tasks":0}
PDOBS {"n":70,"ev":"sp_write_before","pc":"80002fa4","count":"6cde2b37","frame":1,"a":"00008008","b":"ffffffff","sp":"00000243","mi":"00000001","mask":"0000003f","cause":"10000400","sr":"2400ff00","dp":"00000008","type":44040864,"locked":0,"sp_due":"00000000","rsp":"80211968","rs":"00000000","rdp":"00000000","next":"00000000","qvalid":0,"qcapacity":8,"thread":"8006cf70","tasks":0}
PDOBS {"n":71,"ev":"mi_clear","pc":"80002fa4","count":"6cde2b37","frame":1,"a":"00000001","b":"00000000","sp":"00000243","mi":"00000001","mask":"0000003f","cause":"10000400","sr":"2400ff00","dp":"00000008","type":44040864,"locked":0,"sp_due":"00000000","rsp":"80211968","rs":"00000000","rdp":"00000000","next":"00000000","qvalid":0,"qcapacity":8,"thread":"8006cf70","tasks":0}
PDOBS {"n":72,"ev":"sp_write_after","pc":"80002fa4","count":"6cde2b37","frame":1,"a":"00008008","b":"ffffffff","sp":"00000243","mi":"00000000","mask":"0000003f","cause":"10000000","sr":"2400ff00","dp":"00000008","type":44040864,"locked":0,"sp_due":"00000000","rsp":"80211968","rs":"00000000","rdp":"00000000","next":"00000000","qvalid":0,"qcapacity":8,"thread":"8006cf70","tasks":0}
PDOBS {"n":73,"ev":"guest_send","pc":"80003208","count":"6cde2b4b","frame":1,"a":"00000020","b":"8006b418","sp":"00000243","mi":"00000000","mask":"0000003f","cause":"10000000","sr":"2400ff00","dp":"00000008","type":44040864,"locked":0,"sp_due":"00000000","rsp":"80211968","rs":"00000000","rdp":"00000000","next":"00000000","qvalid":0,"qcapacity":8,"thread":"8006cf70","tasks":0}
PDOBS {"n":74,"ev":"guest_fullcheck","pc":"80003230","count":"6cde2b59","frame":1,"a":"00000020","b":"8006b418","sp":"00000243","mi":"00000000","mask":"0000003f","cause":"10000000","sr":"2400ff00","dp":"00000008","type":44040864,"locked":0,"sp_due":"00000000","rsp":"80211968","rs":"00000000","rdp":"00000000","next":"00000000","qvalid":0,"qcapacity":8,"thread":"8006cf70","tasks":0}
PDOBS {"n":75,"ev":"guest_sp_handler","pc":"80001f68","count":"6cde2d73","frame":1,"a":"8006b3d8","b":"80360718","sp":"00000243","mi":"00000000","mask":"0000003f","cause":"10000000","sr":"2400ff01","dp":"00000008","type":44040864,"locked":0,"sp_due":"00000000","rsp":"80211968","rs":"00000000","rdp":"00000000","next":"00000000","qvalid":0,"qcapacity":8,"thread":"80068f90","tasks":0}
PDOBS {"n":76,"ev":"guest_complete","pc":"80001e50","count":"6cde2da1","frame":1,"a":"8006b3d8","b":"80211968","sp":"00000243","mi":"00000000","mask":"0000003f","cause":"10000000","sr":"2400ff01","dp":"00000008","type":44040864,"locked":0,"sp_due":"00000000","rsp":"00000000","rs":"00000000","rdp":"00000000","next":"00000000","qvalid":0,"qcapacity":8,"thread":"80068f90","tasks":0}
PDOBS {"n":77,"ev":"guest_exec","pc":"80001960","count":"6cf6c6df","frame":1,"a":"8006b3d8","b":"802125c8","sp":"00000243","mi":"00000000","mask":"0000003f","cause":"10000000","sr":"2400ff01","dp":"00000008","type":44040864,"locked":0,"sp_due":"00000000","rsp":"00000000","rs":"00000000","rdp":"00000000","next":"00000000","qvalid":0,"qcapacity":8,"thread":"8006cf70","tasks":0}
PDOBS {"n":78,"ev":"sp_write_before","pc":"80035fd8","count":"6cf6d8ad","frame":1,"a":"00002b00","b":"ffffffff","sp":"00000243","mi":"00000000","mask":"0000003f","cause":"10000000","sr":"2400ff01","dp":"00000008","type":44040864,"locked":0,"sp_due":"00000000","rsp":"00000000","rs":"00000000","rdp":"00000000","next":"00000000","qvalid":0,"qcapacity":8,"thread":"8006cf70","tasks":0}
PDOBS {"n":79,"ev":"sp_write_after","pc":"80035fd8","count":"6cf6d8ad","frame":1,"a":"00002b00","b":"ffffffff","sp":"00000043","mi":"00000000","mask":"0000003f","cause":"10000000","sr":"2400ff01","dp":"00000008","type":44040864,"locked":0,"sp_due":"00000000","rsp":"00000000","rs":"00000000","rdp":"00000000","next":"00000000","qvalid":0,"qcapacity":8,"thread":"8006cf70","tasks":0}
PDOBS {"n":80,"ev":"sp_write_before","pc":"80035fd8","count":"6cf6da05","frame":1,"a":"00000125","b":"ffffffff","sp":"00000043","mi":"00000000","mask":"0000003f","cause":"10000000","sr":"2400ff01","dp":"00000008","type":2,"locked":0,"sp_due":"00000000","rsp":"00000000","rs":"00000000","rdp":"00000000","next":"00000000","qvalid":0,"qcapacity":8,"thread":"8006cf70","tasks":0}
PDOBS {"n":81,"ev":"rsp_begin","pc":"80035fd8","count":"6cf6da05","frame":1,"a":"00000002","b":"04001000","sp":"00000040","mi":"00000000","mask":"0000003f","cause":"10000000","sr":"2400ff01","dp":"00000008","type":2,"locked":0,"sp_due":"00000000","rsp":"00000000","rs":"00000000","rdp":"00000000","next":"00000000","qvalid":0,"qcapacity":8,"thread":"8006cf70","tasks":0}
PDOBS {"n":82,"ev":"rsp_return","pc":"80035fd8","count":"6cf6da05","frame":1,"a":"02b002b0","b":"04001144","sp":"00000243","mi":"00000001","mask":"0000003f","cause":"10000400","sr":"2400ff01","dp":"00000008","type":45089456,"locked":0,"sp_due":"00000000","rsp":"00000000","rs":"00000000","rdp":"00000000","next":"00000000","qvalid":0,"qcapacity":8,"thread":"8006cf70","tasks":0}
PDOBS {"n":83,"ev":"mi_clear","pc":"80035fd8","count":"6cf6da09","frame":1,"a":"00000001","b":"00000000","sp":"00000243","mi":"00000001","mask":"0000003f","cause":"10000400","sr":"2400ff01","dp":"00000008","type":45089456,"locked":0,"sp_due":"00000000","rsp":"00000000","rs":"00000000","rdp":"00000000","next":"00000000","qvalid":0,"qcapacity":8,"thread":"8006cf70","tasks":0}
PDOBS {"n":84,"ev":"rsp_deferred","pc":"80035fd8","count":"6cf6da09","frame":1,"a":"00000fa0","b":"00000000","sp":"00000243","mi":"00000000","mask":"0000003f","cause":"10000000","sr":"2400ff01","dp":"00000008","type":45089456,"locked":0,"sp_due":"6cf6e9a9","rsp":"00000000","rs":"00000000","rdp":"00000000","next":"00000000","qvalid":0,"qcapacity":8,"thread":"8006cf70","tasks":0}
PDOBS {"n":85,"ev":"rsp_exit","pc":"80035fd8","count":"6cf6da09","frame":1,"a":"00000fa0","b":"00000000","sp":"00000040","mi":"00000000","mask":"0000003f","cause":"10000000","sr":"2400ff01","dp":"00000008","type":45089456,"locked":0,"sp_due":"6cf6e9a9","rsp":"00000000","rs":"00000000","rdp":"00000000","next":"00000000","qvalid":0,"qcapacity":8,"thread":"8006cf70","tasks":0}
PDOBS {"n":86,"ev":"sp_write_after","pc":"80035fd8","count":"6cf6da09","frame":1,"a":"00000125","b":"ffffffff","sp":"00000040","mi":"00000000","mask":"0000003f","cause":"10000000","sr":"2400ff01","dp":"00000008","type":45089456,"locked":0,"sp_due":"6cf6e9a9","rsp":"00000000","rs":"00000000","rdp":"00000000","next":"00000000","qvalid":0,"qcapacity":8,"thread":"8006cf70","tasks":0}
PDOBS {"n":87,"ev":"sp_event","pc":"80033dc0","count":"6cf6e9c5","frame":1,"a":"00000000","b":"00000000","sp":"00000040","mi":"00000000","mask":"00000000","cause":"10000000","sr":"2400ff01","dp":"00000008","type":45089456,"locked":0,"sp_due":"00000000","rsp":"802125c8","rs":"00000000","rdp":"00000000","next":"00000000","qvalid":0,"qcapacity":8,"thread":"8006cf70","tasks":0}
PDOBS {"n":88,"ev":"mi_raise","pc":"80033dc0","count":"6cf6e9c5","frame":1,"a":"00000001","b":"00000000","sp":"00000243","mi":"00000000","mask":"00000000","cause":"10000000","sr":"2400ff01","dp":"00000008","type":45089456,"locked":0,"sp_due":"00000000","rsp":"802125c8","rs":"00000000","rdp":"00000000","next":"00000000","qvalid":0,"qcapacity":8,"thread":"8006cf70","tasks":0}
PDOBS {"n":89,"ev":"sp_write_before","pc":"80002fa4","count":"6cf6ec11","frame":1,"a":"00008008","b":"ffffffff","sp":"00000243","mi":"00000001","mask":"0000003f","cause":"10000400","sr":"2400ff00","dp":"00000008","type":45089456,"locked":0,"sp_due":"00000000","rsp":"802125c8","rs":"00000000","rdp":"00000000","next":"00000000","qvalid":0,"qcapacity":8,"thread":"8006cf70","tasks":0}
PDOBS {"n":90,"ev":"mi_clear","pc":"80002fa4","count":"6cf6ec11","frame":1,"a":"00000001","b":"00000000","sp":"00000243","mi":"00000001","mask":"0000003f","cause":"10000400","sr":"2400ff00","dp":"00000008","type":45089456,"locked":0,"sp_due":"00000000","rsp":"802125c8","rs":"00000000","rdp":"00000000","next":"00000000","qvalid":0,"qcapacity":8,"thread":"8006cf70","tasks":0}
PDOBS {"n":91,"ev":"sp_write_after","pc":"80002fa4","count":"6cf6ec11","frame":1,"a":"00008008","b":"ffffffff","sp":"00000243","mi":"00000000","mask":"0000003f","cause":"10000000","sr":"2400ff00","dp":"00000008","type":45089456,"locked":0,"sp_due":"00000000","rsp":"802125c8","rs":"00000000","rdp":"00000000","next":"00000000","qvalid":0,"qcapacity":8,"thread":"8006cf70","tasks":0}
PDOBS {"n":92,"ev":"guest_send","pc":"80003208","count":"6cf6ec25","frame":1,"a":"00000020","b":"8006b418","sp":"00000243","mi":"00000000","mask":"0000003f","cause":"10000000","sr":"2400ff00","dp":"00000008","type":45089456,"locked":0,"sp_due":"00000000","rsp":"802125c8","rs":"00000000","rdp":"00000000","next":"00000000","qvalid":0,"qcapacity":8,"thread":"8006cf70","tasks":0}
PDOBS {"n":93,"ev":"guest_fullcheck","pc":"80003230","count":"6cf6ec33","frame":1,"a":"00000020","b":"8006b418","sp":"00000243","mi":"00000000","mask":"0000003f","cause":"10000000","sr":"2400ff00","dp":"00000008","type":45089456,"locked":0,"sp_due":"00000000","rsp":"802125c8","rs":"00000000","rdp":"00000000","next":"00000000","qvalid":0,"qcapacity":8,"thread":"8006cf70","tasks":0}
PDOBS {"n":94,"ev":"guest_sp_handler","pc":"80001f68","count":"6cf6ee4d","frame":1,"a":"8006b3d8","b":"80360718","sp":"00000243","mi":"00000000","mask":"0000003f","cause":"10000000","sr":"2400ff01","dp":"00000008","type":45089456,"locked":0,"sp_due":"00000000","rsp":"802125c8","rs":"00000000","rdp":"00000000","next":"00000000","qvalid":0,"qcapacity":8,"thread":"80068f90","tasks":0}
PDOBS {"n":95,"ev":"guest_complete","pc":"80001e50","count":"6cf6ee7b","frame":1,"a":"8006b3d8","b":"802125c8","sp":"00000243","mi":"00000000","mask":"0000003f","cause":"10000000","sr":"2400ff01","dp":"00000008","type":45089456,"locked":0,"sp_due":"00000000","rsp":"00000000","rs":"00000000","rdp":"00000000","next":"00000000","qvalid":0,"qcapacity":8,"thread":"80068f90","tasks":0}
PDOBS {"n":96,"ev":"guest_exec","pc":"80001960","count":"6d0f87c5","frame":1,"a":"8006b3d8","b":"80210d08","sp":"00000243","mi":"00000000","mask":"0000003f","cause":"10000000","sr":"2400ff01","dp":"00000008","type":45089456,"locked":0,"sp_due":"00000000","rsp":"00000000","rs":"00000000","rdp":"00000000","next":"00000000","qvalid":0,"qcapacity":8,"thread":"8006cf70","tasks":0}
PDOBS {"n":97,"ev":"sp_write_before","pc":"80035fd8","count":"6d0f9993","frame":1,"a":"00002b00","b":"ffffffff","sp":"00000243","mi":"00000000","mask":"0000003f","cause":"10000000","sr":"2400ff01","dp":"00000008","type":45089456,"locked":0,"sp_due":"00000000","rsp":"00000000","rs":"00000000","rdp":"00000000","next":"00000000","qvalid":0,"qcapacity":8,"thread":"8006cf70","tasks":0}
PDOBS {"n":98,"ev":"sp_write_after","pc":"80035fd8","count":"6d0f9993","frame":1,"a":"00002b00","b":"ffffffff","sp":"00000043","mi":"00000000","mask":"0000003f","cause":"10000000","sr":"2400ff01","dp":"00000008","type":45089456,"locked":0,"sp_due":"00000000","rsp":"00000000","rs":"00000000","rdp":"00000000","next":"00000000","qvalid":0,"qcapacity":8,"thread":"8006cf70","tasks":0}
PDOBS {"n":99,"ev":"sp_write_before","pc":"80035fd8","count":"6d0f9aeb","frame":1,"a":"00000125","b":"ffffffff","sp":"00000043","mi":"00000000","mask":"0000003f","cause":"10000000","sr":"2400ff01","dp":"00000008","type":2,"locked":0,"sp_due":"00000000","rsp":"00000000","rs":"00000000","rdp":"00000000","next":"00000000","qvalid":0,"qcapacity":8,"thread":"8006cf70","tasks":0}
PDOBS {"n":100,"ev":"rsp_begin","pc":"80035fd8","count":"6d0f9aeb","frame":1,"a":"00000002","b":"04001000","sp":"00000040","mi":"00000000","mask":"0000003f","cause":"10000000","sr":"2400ff01","dp":"00000008","type":2,"locked":0,"sp_due":"00000000","rsp":"00000000","rs":"00000000","rdp":"00000000","next":"00000000","qvalid":0,"qcapacity":8,"thread":"8006cf70","tasks":0}
PDOBS {"n":101,"ev":"rsp_return","pc":"80035fd8","count":"6d0f9aeb","frame":1,"a":"02b802b8","b":"04001144","sp":"00000243","mi":"00000001","mask":"0000003f","cause":"10000400","sr":"2400ff01","dp":"00000008","type":45613752,"locked":0,"sp_due":"00000000","rsp":"00000000","rs":"00000000","rdp":"00000000","next":"00000000","qvalid":0,"qcapacity":8,"thread":"8006cf70","tasks":0}
PDOBS {"n":102,"ev":"mi_clear","pc":"80035fd8","count":"6d0f9aef","frame":1,"a":"00000001","b":"00000000","sp":"00000243","mi":"00000001","mask":"0000003f","cause":"10000400","sr":"2400ff01","dp":"00000008","type":45613752,"locked":0,"sp_due":"00000000","rsp":"00000000","rs":"00000000","rdp":"00000000","next":"00000000","qvalid":0,"qcapacity":8,"thread":"8006cf70","tasks":0}
PDOBS {"n":103,"ev":"rsp_deferred","pc":"80035fd8","count":"6d0f9aef","frame":1,"a":"00000fa0","b":"00000000","sp":"00000243","mi":"00000000","mask":"0000003f","cause":"10000000","sr":"2400ff01","dp":"00000008","type":45613752,"locked":0,"sp_due":"6d0faa8f","rsp":"00000000","rs":"00000000","rdp":"00000000","next":"00000000","qvalid":0,"qcapacity":8,"thread":"8006cf70","tasks":0}
PDOBS {"n":104,"ev":"rsp_exit","pc":"80035fd8","count":"6d0f9aef","frame":1,"a":"00000fa0","b":"00000000","sp":"00000040","mi":"00000000","mask":"0000003f","cause":"10000000","sr":"2400ff01","dp":"00000008","type":45613752,"locked":0,"sp_due":"6d0faa8f","rsp":"00000000","rs":"00000000","rdp":"00000000","next":"00000000","qvalid":0,"qcapacity":8,"thread":"8006cf70","tasks":0}
PDOBS {"n":105,"ev":"sp_write_after","pc":"80035fd8","count":"6d0f9aef","frame":1,"a":"00000125","b":"ffffffff","sp":"00000040","mi":"00000000","mask":"0000003f","cause":"10000000","sr":"2400ff01","dp":"00000008","type":45613752,"locked":0,"sp_due":"6d0faa8f","rsp":"00000000","rs":"00000000","rdp":"00000000","next":"00000000","qvalid":0,"qcapacity":8,"thread":"8006cf70","tasks":0}
PDOBS {"n":106,"ev":"sp_event","pc":"80033dc0","count":"6d0faaab","frame":1,"a":"00000000","b":"00000000","sp":"00000040","mi":"00000000","mask":"00000000","cause":"10000000","sr":"2400ff01","dp":"00000008","type":45613752,"locked":0,"sp_due":"00000000","rsp":"80210d08","rs":"00000000","rdp":"00000000","next":"00000000","qvalid":0,"qcapacity":8,"thread":"8006cf70","tasks":0}
PDOBS {"n":107,"ev":"mi_raise","pc":"80033dc0","count":"6d0faaab","frame":1,"a":"00000001","b":"00000000","sp":"00000243","mi":"00000000","mask":"00000000","cause":"10000000","sr":"2400ff01","dp":"00000008","type":45613752,"locked":0,"sp_due":"00000000","rsp":"80210d08","rs":"00000000","rdp":"00000000","next":"00000000","qvalid":0,"qcapacity":8,"thread":"8006cf70","tasks":0}
PDOBS {"n":108,"ev":"sp_write_before","pc":"80002fa4","count":"6d0facf7","frame":1,"a":"00008008","b":"ffffffff","sp":"00000243","mi":"00000001","mask":"0000003f","cause":"10000400","sr":"2400ff00","dp":"00000008","type":45613752,"locked":0,"sp_due":"00000000","rsp":"80210d08","rs":"00000000","rdp":"00000000","next":"00000000","qvalid":0,"qcapacity":8,"thread":"8006cf70","tasks":0}
PDOBS {"n":109,"ev":"mi_clear","pc":"80002fa4","count":"6d0facf7","frame":1,"a":"00000001","b":"00000000","sp":"00000243","mi":"00000001","mask":"0000003f","cause":"10000400","sr":"2400ff00","dp":"00000008","type":45613752,"locked":0,"sp_due":"00000000","rsp":"80210d08","rs":"00000000","rdp":"00000000","next":"00000000","qvalid":0,"qcapacity":8,"thread":"8006cf70","tasks":0}
PDOBS {"n":110,"ev":"sp_write_after","pc":"80002fa4","count":"6d0facf7","frame":1,"a":"00008008","b":"ffffffff","sp":"00000243","mi":"00000000","mask":"0000003f","cause":"10000000","sr":"2400ff00","dp":"00000008","type":45613752,"locked":0,"sp_due":"00000000","rsp":"80210d08","rs":"00000000","rdp":"00000000","next":"00000000","qvalid":0,"qcapacity":8,"thread":"8006cf70","tasks":0}
PDOBS {"n":111,"ev":"guest_send","pc":"80003208","count":"6d0fad0b","frame":1,"a":"00000020","b":"8006b418","sp":"00000243","mi":"00000000","mask":"0000003f","cause":"10000000","sr":"2400ff00","dp":"00000008","type":45613752,"locked":0,"sp_due":"00000000","rsp":"80210d08","rs":"00000000","rdp":"00000000","next":"00000000","qvalid":0,"qcapacity":8,"thread":"8006cf70","tasks":0}
PDOBS {"n":112,"ev":"guest_fullcheck","pc":"80003230","count":"6d0fad19","frame":1,"a":"00000020","b":"8006b418","sp":"00000243","mi":"00000000","mask":"0000003f","cause":"10000000","sr":"2400ff00","dp":"00000008","type":45613752,"locked":0,"sp_due":"00000000","rsp":"80210d08","rs":"00000000","rdp":"00000000","next":"00000000","qvalid":0,"qcapacity":8,"thread":"8006cf70","tasks":0}
PDOBS {"n":113,"ev":"guest_sp_handler","pc":"80001f68","count":"6d0faf33","frame":1,"a":"8006b3d8","b":"80360718","sp":"00000243","mi":"00000000","mask":"0000003f","cause":"10000000","sr":"2400ff01","dp":"00000008","type":45613752,"locked":0,"sp_due":"00000000","rsp":"80210d08","rs":"00000000","rdp":"00000000","next":"00000000","qvalid":0,"qcapacity":8,"thread":"80068f90","tasks":0}
PDOBS {"n":114,"ev":"guest_complete","pc":"80001e50","count":"6d0faf61","frame":1,"a":"8006b3d8","b":"80210d08","sp":"00000243","mi":"00000000","mask":"0000003f","cause":"10000000","sr":"2400ff01","dp":"00000008","type":45613752,"locked":0,"sp_due":"00000000","rsp":"00000000","rs":"00000000","rdp":"00000000","next":"00000000","qvalid":0,"qcapacity":8,"thread":"80068f90","tasks":0}
PDOBS {"n":115,"ev":"guest_exec","pc":"80001960","count":"6d2848a5","frame":1,"a":"8006b3d8","b":"80211968","sp":"00000243","mi":"00000000","mask":"0000003f","cause":"10000000","sr":"2400ff01","dp":"00000008","type":45613752,"locked":0,"sp_due":"00000000","rsp":"00000000","rs":"00000000","rdp":"00000000","next":"00000000","qvalid":0,"qcapacity":8,"thread":"8006cf70","tasks":0}
PDOBS {"n":116,"ev":"sp_write_before","pc":"80035fd8","count":"6d285a73","frame":1,"a":"00002b00","b":"ffffffff","sp":"00000243","mi":"00000000","mask":"0000003f","cause":"10000000","sr":"2400ff01","dp":"00000008","type":45613752,"locked":0,"sp_due":"00000000","rsp":"00000000","rs":"00000000","rdp":"00000000","next":"00000000","qvalid":0,"qcapacity":8,"thread":"8006cf70","tasks":0}
PDOBS {"n":117,"ev":"sp_write_after","pc":"80035fd8","count":"6d285a73","frame":1,"a":"00002b00","b":"ffffffff","sp":"00000043","mi":"00000000","mask":"0000003f","cause":"10000000","sr":"2400ff01","dp":"00000008","type":45613752,"locked":0,"sp_due":"00000000","rsp":"00000000","rs":"00000000","rdp":"00000000","next":"00000000","qvalid":0,"qcapacity":8,"thread":"8006cf70","tasks":0}
PDOBS {"n":118,"ev":"sp_write_before","pc":"80035fd8","count":"6d285bcb","frame":1,"a":"00000125","b":"ffffffff","sp":"00000043","mi":"00000000","mask":"0000003f","cause":"10000000","sr":"2400ff01","dp":"00000008","type":2,"locked":0,"sp_due":"00000000","rsp":"00000000","rs":"00000000","rdp":"00000000","next":"00000000","qvalid":0,"qcapacity":8,"thread":"8006cf70","tasks":0}
PDOBS {"n":119,"ev":"rsp_begin","pc":"80035fd8","count":"6d285bcb","frame":1,"a":"00000002","b":"04001000","sp":"00000040","mi":"00000000","mask":"0000003f","cause":"10000000","sr":"2400ff01","dp":"00000008","type":2,"locked":0,"sp_due":"00000000","rsp":"00000000","rs":"00000000","rdp":"00000000","next":"00000000","qvalid":0,"qcapacity":8,"thread":"8006cf70","tasks":0}
PDOBS {"n":120,"ev":"rsp_return","pc":"80035fd8","count":"6d285bcb","frame":1,"a":"00c800c8","b":"04001144","sp":"00000243","mi":"00000001","mask":"0000003f","cause":"10000400","sr":"2400ff01","dp":"00000008","type":13107400,"locked":0,"sp_due":"00000000","rsp":"00000000","rs":"00000000","rdp":"00000000","next":"00000000","qvalid":0,"qcapacity":8,"thread":"8006cf70","tasks":0}
PDOBS {"n":121,"ev":"mi_clear","pc":"80035fd8","count":"6d285bcf","frame":1,"a":"00000001","b":"00000000","sp":"00000243","mi":"00000001","mask":"0000003f","cause":"10000400","sr":"2400ff01","dp":"00000008","type":13107400,"locked":0,"sp_due":"00000000","rsp":"00000000","rs":"00000000","rdp":"00000000","next":"00000000","qvalid":0,"qcapacity":8,"thread":"8006cf70","tasks":0}
PDOBS {"n":122,"ev":"rsp_deferred","pc":"80035fd8","count":"6d285bcf","frame":1,"a":"00000fa0","b":"00000000","sp":"00000243","mi":"00000000","mask":"0000003f","cause":"10000000","sr":"2400ff01","dp":"00000008","type":13107400,"locked":0,"sp_due":"6d286b6f","rsp":"00000000","rs":"00000000","rdp":"00000000","next":"00000000","qvalid":0,"qcapacity":8,"thread":"8006cf70","tasks":0}
PDOBS {"n":123,"ev":"rsp_exit","pc":"80035fd8","count":"6d285bcf","frame":1,"a":"00000fa0","b":"00000000","sp":"00000040","mi":"00000000","mask":"0000003f","cause":"10000000","sr":"2400ff01","dp":"00000008","type":13107400,"locked":0,"sp_due":"6d286b6f","rsp":"00000000","rs":"00000000","rdp":"00000000","next":"00000000","qvalid":0,"qcapacity":8,"thread":"8006cf70","tasks":0}
PDOBS {"n":124,"ev":"sp_write_after","pc":"80035fd8","count":"6d285bcf","frame":1,"a":"00000125","b":"ffffffff","sp":"00000040","mi":"00000000","mask":"0000003f","cause":"10000000","sr":"2400ff01","dp":"00000008","type":13107400,"locked":0,"sp_due":"6d286b6f","rsp":"00000000","rs":"00000000","rdp":"00000000","next":"00000000","qvalid":0,"qcapacity":8,"thread":"8006cf70","tasks":0}
PDOBS {"n":125,"ev":"sp_event","pc":"80033d84","count":"6d286b75","frame":1,"a":"00000000","b":"00000000","sp":"00000040","mi":"00000000","mask":"0000003f","cause":"10000000","sr":"2400ff01","dp":"00000008","type":13107400,"locked":0,"sp_due":"00000000","rsp":"80211968","rs":"00000000","rdp":"00000000","next":"00000000","qvalid":0,"qcapacity":8,"thread":"8006cf70","tasks":0}
PDOBS {"n":126,"ev":"mi_raise","pc":"80033d84","count":"6d286b75","frame":1,"a":"00000001","b":"00000000","sp":"00000243","mi":"00000000","mask":"0000003f","cause":"10000000","sr":"2400ff01","dp":"00000008","type":13107400,"locked":0,"sp_due":"00000000","rsp":"80211968","rs":"00000000","rdp":"00000000","next":"00000000","qvalid":0,"qcapacity":8,"thread":"8006cf70","tasks":0}
PDOBS {"n":127,"ev":"sp_write_before","pc":"80002fa4","count":"6d286cd9","frame":1,"a":"00008008","b":"ffffffff","sp":"00000243","mi":"00000001","mask":"0000003f","cause":"10000400","sr":"2400ff00","dp":"00000008","type":13107400,"locked":0,"sp_due":"00000000","rsp":"80211968","rs":"00000000","rdp":"00000000","next":"00000000","qvalid":0,"qcapacity":8,"thread":"8006cf70","tasks":0}
PDOBS {"n":128,"ev":"mi_clear","pc":"80002fa4","count":"6d286cd9","frame":1,"a":"00000001","b":"00000000","sp":"00000243","mi":"00000001","mask":"0000003f","cause":"10000400","sr":"2400ff00","dp":"00000008","type":13107400,"locked":0,"sp_due":"00000000","rsp":"80211968","rs":"00000000","rdp":"00000000","next":"00000000","qvalid":0,"qcapacity":8,"thread":"8006cf70","tasks":0}
PDOBS {"n":129,"ev":"sp_write_after","pc":"80002fa4","count":"6d286cd9","frame":1,"a":"00008008","b":"ffffffff","sp":"00000243","mi":"00000000","mask":"0000003f","cause":"10000000","sr":"2400ff00","dp":"00000008","type":13107400,"locked":0,"sp_due":"00000000","rsp":"80211968","rs":"00000000","rdp":"00000000","next":"00000000","qvalid":0,"qcapacity":8,"thread":"8006cf70","tasks":0}
PDOBS {"n":130,"ev":"guest_send","pc":"80003208","count":"6d286ced","frame":1,"a":"00000020","b":"8006b418","sp":"00000243","mi":"00000000","mask":"0000003f","cause":"10000000","sr":"2400ff00","dp":"00000008","type":13107400,"locked":0,"sp_due":"00000000","rsp":"80211968","rs":"00000000","rdp":"00000000","next":"00000000","qvalid":0,"qcapacity":8,"thread":"8006cf70","tasks":0}
PDOBS {"n":131,"ev":"guest_fullcheck","pc":"80003230","count":"6d286cfb","frame":1,"a":"00000020","b":"8006b418","sp":"00000243","mi":"00000000","mask":"0000003f","cause":"10000000","sr":"2400ff00","dp":"00000008","type":13107400,"locked":0,"sp_due":"00000000","rsp":"80211968","rs":"00000000","rdp":"00000000","next":"00000000","qvalid":0,"qcapacity":8,"thread":"8006cf70","tasks":0}
PDOBS {"n":132,"ev":"guest_sp_handler","pc":"80001f68","count":"6d286f15","frame":1,"a":"8006b3d8","b":"80360718","sp":"00000243","mi":"00000000","mask":"0000003f","cause":"10000000","sr":"2400ff01","dp":"00000008","type":13107400,"locked":0,"sp_due":"00000000","rsp":"80211968","rs":"00000000","rdp":"00000000","next":"00000000","qvalid":0,"qcapacity":8,"thread":"80068f90","tasks":0}
PDOBS {"n":133,"ev":"guest_complete","pc":"80001e50","count":"6d286f43","frame":1,"a":"8006b3d8","b":"80211968","sp":"00000243","mi":"00000000","mask":"0000003f","cause":"10000000","sr":"2400ff01","dp":"00000008","type":13107400,"locked":0,"sp_due":"00000000","rsp":"00000000","rs":"00000000","rdp":"00000000","next":"00000000","qvalid":0,"qcapacity":8,"thread":"80068f90","tasks":0}
PDOBS {"n":134,"ev":"guest_exec","pc":"80001960","count":"6d4109af","frame":1,"a":"8006b3d8","b":"802125c8","sp":"00000243","mi":"00000000","mask":"0000003f","cause":"10000000","sr":"2400ff01","dp":"00000008","type":13107400,"locked":0,"sp_due":"00000000","rsp":"00000000","rs":"00000000","rdp":"00000000","next":"00000000","qvalid":0,"qcapacity":8,"thread":"8006cf70","tasks":0}
PDOBS {"n":135,"ev":"sp_write_before","pc":"80035fd8","count":"6d411b7d","frame":1,"a":"00002b00","b":"ffffffff","sp":"00000243","mi":"00000000","mask":"0000003f","cause":"10000000","sr":"2400ff01","dp":"00000008","type":13107400,"locked":0,"sp_due":"00000000","rsp":"00000000","rs":"00000000","rdp":"00000000","next":"00000000","qvalid":0,"qcapacity":8,"thread":"8006cf70","tasks":0}
PDOBS {"n":136,"ev":"sp_write_after","pc":"80035fd8","count":"6d411b7d","frame":1,"a":"00002b00","b":"ffffffff","sp":"00000043","mi":"00000000","mask":"0000003f","cause":"10000000","sr":"2400ff01","dp":"00000008","type":13107400,"locked":0,"sp_due":"00000000","rsp":"00000000","rs":"00000000","rdp":"00000000","next":"00000000","qvalid":0,"qcapacity":8,"thread":"8006cf70","tasks":0}
PDOBS {"n":137,"ev":"sp_write_before","pc":"80035fd8","count":"6d411cd5","frame":1,"a":"00000125","b":"ffffffff","sp":"00000043","mi":"00000000","mask":"0000003f","cause":"10000000","sr":"2400ff01","dp":"00000008","type":2,"locked":0,"sp_due":"00000000","rsp":"00000000","rs":"00000000","rdp":"00000000","next":"00000000","qvalid":0,"qcapacity":8,"thread":"8006cf70","tasks":0}
PDOBS {"n":138,"ev":"rsp_begin","pc":"80035fd8","count":"6d411cd5","frame":1,"a":"00000002","b":"04001000","sp":"00000040","mi":"00000000","mask":"0000003f","cause":"10000000","sr":"2400ff01","dp":"00000008","type":2,"locked":0,"sp_due":"00000000","rsp":"00000000","rs":"00000000","rdp":"00000000","next":"00000000","qvalid":0,"qcapacity":8,"thread":"8006cf70","tasks":0}
PDOBS {"n":139,"ev":"rsp_return","pc":"80035fd8","count":"6d411cd5","frame":1,"a":"00c800c8","b":"04001144","sp":"00000243","mi":"00000001","mask":"0000003f","cause":"10000400","sr":"2400ff01","dp":"00000008","type":13107400,"locked":0,"sp_due":"00000000","rsp":"00000000","rs":"00000000","rdp":"00000000","next":"00000000","qvalid":0,"qcapacity":8,"thread":"8006cf70","tasks":0}
PDOBS {"n":140,"ev":"mi_clear","pc":"80035fd8","count":"6d411cd9","frame":1,"a":"00000001","b":"00000000","sp":"00000243","mi":"00000001","mask":"0000003f","cause":"10000400","sr":"2400ff01","dp":"00000008","type":13107400,"locked":0,"sp_due":"00000000","rsp":"00000000","rs":"00000000","rdp":"00000000","next":"00000000","qvalid":0,"qcapacity":8,"thread":"8006cf70","tasks":0}
PDOBS {"n":141,"ev":"rsp_deferred","pc":"80035fd8","count":"6d411cd9","frame":1,"a":"00000fa0","b":"00000000","sp":"00000243","mi":"00000000","mask":"0000003f","cause":"10000000","sr":"2400ff01","dp":"00000008","type":13107400,"locked":0,"sp_due":"6d412c79","rsp":"00000000","rs":"00000000","rdp":"00000000","next":"00000000","qvalid":0,"qcapacity":8,"thread":"8006cf70","tasks":0}
PDOBS {"n":142,"ev":"rsp_exit","pc":"80035fd8","count":"6d411cd9","frame":1,"a":"00000fa0","b":"00000000","sp":"00000040","mi":"00000000","mask":"0000003f","cause":"10000000","sr":"2400ff01","dp":"00000008","type":13107400,"locked":0,"sp_due":"6d412c79","rsp":"00000000","rs":"00000000","rdp":"00000000","next":"00000000","qvalid":0,"qcapacity":8,"thread":"8006cf70","tasks":0}
PDOBS {"n":143,"ev":"sp_write_after","pc":"80035fd8","count":"6d411cd9","frame":1,"a":"00000125","b":"ffffffff","sp":"00000040","mi":"00000000","mask":"0000003f","cause":"10000000","sr":"2400ff01","dp":"00000008","type":13107400,"locked":0,"sp_due":"6d412c79","rsp":"00000000","rs":"00000000","rdp":"00000000","next":"00000000","qvalid":0,"qcapacity":8,"thread":"8006cf70","tasks":0}
PDOBS {"n":144,"ev":"sp_event","pc":"80033d84","count":"6d412c7f","frame":1,"a":"00000000","b":"00000000","sp":"00000040","mi":"00000000","mask":"0000003f","cause":"10000000","sr":"2400ff01","dp":"00000008","type":13107400,"locked":0,"sp_due":"00000000","rsp":"802125c8","rs":"00000000","rdp":"00000000","next":"00000000","qvalid":0,"qcapacity":8,"thread":"8006cf70","tasks":0}
PDOBS {"n":145,"ev":"mi_raise","pc":"80033d84","count":"6d412c7f","frame":1,"a":"00000001","b":"00000000","sp":"00000243","mi":"00000000","mask":"0000003f","cause":"10000000","sr":"2400ff01","dp":"00000008","type":13107400,"locked":0,"sp_due":"00000000","rsp":"802125c8","rs":"00000000","rdp":"00000000","next":"00000000","qvalid":0,"qcapacity":8,"thread":"8006cf70","tasks":0}
PDOBS {"n":146,"ev":"sp_write_before","pc":"80002fa4","count":"6d412de3","frame":1,"a":"00008008","b":"ffffffff","sp":"00000243","mi":"00000001","mask":"0000003f","cause":"10000400","sr":"2400ff00","dp":"00000008","type":13107400,"locked":0,"sp_due":"00000000","rsp":"802125c8","rs":"00000000","rdp":"00000000","next":"00000000","qvalid":0,"qcapacity":8,"thread":"8006cf70","tasks":0}
PDOBS {"n":147,"ev":"mi_clear","pc":"80002fa4","count":"6d412de3","frame":1,"a":"00000001","b":"00000000","sp":"00000243","mi":"00000001","mask":"0000003f","cause":"10000400","sr":"2400ff00","dp":"00000008","type":13107400,"locked":0,"sp_due":"00000000","rsp":"802125c8","rs":"00000000","rdp":"00000000","next":"00000000","qvalid":0,"qcapacity":8,"thread":"8006cf70","tasks":0}
PDOBS {"n":148,"ev":"sp_write_after","pc":"80002fa4","count":"6d412de3","frame":1,"a":"00008008","b":"ffffffff","sp":"00000243","mi":"00000000","mask":"0000003f","cause":"10000000","sr":"2400ff00","dp":"00000008","type":13107400,"locked":0,"sp_due":"00000000","rsp":"802125c8","rs":"00000000","rdp":"00000000","next":"00000000","qvalid":0,"qcapacity":8,"thread":"8006cf70","tasks":0}
PDOBS {"n":149,"ev":"guest_send","pc":"80003208","count":"6d412df7","frame":1,"a":"00000020","b":"8006b418","sp":"00000243","mi":"00000000","mask":"0000003f","cause":"10000000","sr":"2400ff00","dp":"00000008","type":13107400,"locked":0,"sp_due":"00000000","rsp":"802125c8","rs":"00000000","rdp":"00000000","next":"00000000","qvalid":0,"qcapacity":8,"thread":"8006cf70","tasks":0}
PDOBS {"n":150,"ev":"guest_fullcheck","pc":"80003230","count":"6d412e05","frame":1,"a":"00000020","b":"8006b418","sp":"00000243","mi":"00000000","mask":"0000003f","cause":"10000000","sr":"2400ff00","dp":"00000008","type":13107400,"locked":0,"sp_due":"00000000","rsp":"802125c8","rs":"00000000","rdp":"00000000","next":"00000000","qvalid":0,"qcapacity":8,"thread":"8006cf70","tasks":0}
PDOBS {"n":151,"ev":"guest_sp_handler","pc":"80001f68","count":"6d41301f","frame":1,"a":"8006b3d8","b":"80360718","sp":"00000243","mi":"00000000","mask":"0000003f","cause":"10000000","sr":"2400ff01","dp":"00000008","type":13107400,"locked":0,"sp_due":"00000000","rsp":"802125c8","rs":"00000000","rdp":"00000000","next":"00000000","qvalid":0,"qcapacity":8,"thread":"80068f90","tasks":0}
PDOBS {"n":152,"ev":"guest_complete","pc":"80001e50","count":"6d41304d","frame":1,"a":"8006b3d8","b":"802125c8","sp":"00000243","mi":"00000000","mask":"0000003f","cause":"10000000","sr":"2400ff01","dp":"00000008","type":13107400,"locked":0,"sp_due":"00000000","rsp":"00000000","rs":"00000000","rdp":"00000000","next":"00000000","qvalid":0,"qcapacity":8,"thread":"80068f90","tasks":0}
PDOBS {"n":153,"ev":"guest_exec","pc":"80001960","count":"6d59ca7d","frame":1,"a":"8006b3d8","b":"80210d08","sp":"00000243","mi":"00000000","mask":"0000003f","cause":"10000000","sr":"2400ff01","dp":"00000008","type":13107400,"locked":0,"sp_due":"00000000","rsp":"00000000","rs":"00000000","rdp":"00000000","next":"00000000","qvalid":0,"qcapacity":8,"thread":"8006cf70","tasks":0}
PDOBS {"n":154,"ev":"sp_write_before","pc":"80035fd8","count":"6d59dc4b","frame":1,"a":"00002b00","b":"ffffffff","sp":"00000243","mi":"00000000","mask":"0000003f","cause":"10000000","sr":"2400ff01","dp":"00000008","type":13107400,"locked":0,"sp_due":"00000000","rsp":"00000000","rs":"00000000","rdp":"00000000","next":"00000000","qvalid":0,"qcapacity":8,"thread":"8006cf70","tasks":0}
PDOBS {"n":155,"ev":"sp_write_after","pc":"80035fd8","count":"6d59dc4b","frame":1,"a":"00002b00","b":"ffffffff","sp":"00000043","mi":"00000000","mask":"0000003f","cause":"10000000","sr":"2400ff01","dp":"00000008","type":13107400,"locked":0,"sp_due":"00000000","rsp":"00000000","rs":"00000000","rdp":"00000000","next":"00000000","qvalid":0,"qcapacity":8,"thread":"8006cf70","tasks":0}
PDOBS {"n":156,"ev":"sp_write_before","pc":"80035fd8","count":"6d59dda3","frame":1,"a":"00000125","b":"ffffffff","sp":"00000043","mi":"00000000","mask":"0000003f","cause":"10000000","sr":"2400ff01","dp":"00000008","type":2,"locked":0,"sp_due":"00000000","rsp":"00000000","rs":"00000000","rdp":"00000000","next":"00000000","qvalid":0,"qcapacity":8,"thread":"8006cf70","tasks":0}
PDOBS {"n":157,"ev":"rsp_begin","pc":"80035fd8","count":"6d59dda3","frame":1,"a":"00000002","b":"04001000","sp":"00000040","mi":"00000000","mask":"0000003f","cause":"10000000","sr":"2400ff01","dp":"00000008","type":2,"locked":0,"sp_due":"00000000","rsp":"00000000","rs":"00000000","rdp":"00000000","next":"00000000","qvalid":0,"qcapacity":8,"thread":"8006cf70","tasks":0}
PDOBS {"n":158,"ev":"rsp_return","pc":"80035fd8","count":"6d59dda3","frame":1,"a":"00c800c8","b":"04001144","sp":"00000243","mi":"00000001","mask":"0000003f","cause":"10000400","sr":"2400ff01","dp":"00000008","type":13107400,"locked":0,"sp_due":"00000000","rsp":"00000000","rs":"00000000","rdp":"00000000","next":"00000000","qvalid":0,"qcapacity":8,"thread":"8006cf70","tasks":0}
PDOBS {"n":159,"ev":"mi_clear","pc":"80035fd8","count":"6d59dda7","frame":1,"a":"00000001","b":"00000000","sp":"00000243","mi":"00000001","mask":"0000003f","cause":"10000400","sr":"2400ff01","dp":"00000008","type":13107400,"locked":0,"sp_due":"00000000","rsp":"00000000","rs":"00000000","rdp":"00000000","next":"00000000","qvalid":0,"qcapacity":8,"thread":"8006cf70","tasks":0}
PDOBS {"n":160,"ev":"rsp_deferred","pc":"80035fd8","count":"6d59dda7","frame":1,"a":"00000fa0","b":"00000000","sp":"00000243","mi":"00000000","mask":"0000003f","cause":"10000000","sr":"2400ff01","dp":"00000008","type":13107400,"locked":0,"sp_due":"6d59ed47","rsp":"00000000","rs":"00000000","rdp":"00000000","next":"00000000","qvalid":0,"qcapacity":8,"thread":"8006cf70","tasks":0}
PDOBS {"n":161,"ev":"rsp_exit","pc":"80035fd8","count":"6d59dda7","frame":1,"a":"00000fa0","b":"00000000","sp":"00000040","mi":"00000000","mask":"0000003f","cause":"10000000","sr":"2400ff01","dp":"00000008","type":13107400,"locked":0,"sp_due":"6d59ed47","rsp":"00000000","rs":"00000000","rdp":"00000000","next":"00000000","qvalid":0,"qcapacity":8,"thread":"8006cf70","tasks":0}
PDOBS {"n":162,"ev":"sp_write_after","pc":"80035fd8","count":"6d59dda7","frame":1,"a":"00000125","b":"ffffffff","sp":"00000040","mi":"00000000","mask":"0000003f","cause":"10000000","sr":"2400ff01","dp":"00000008","type":13107400,"locked":0,"sp_due":"6d59ed47","rsp":"00000000","rs":"00000000","rdp":"00000000","next":"00000000","qvalid":0,"qcapacity":8,"thread":"8006cf70","tasks":0}
PDOBS {"n":163,"ev":"sp_event","pc":"80033d84","count":"6d59ed4d","frame":1,"a":"00000000","b":"00000000","sp":"00000040","mi":"00000000","mask":"0000003f","cause":"10000000","sr":"2400ff01","dp":"00000008","type":13107400,"locked":0,"sp_due":"00000000","rsp":"80210d08","rs":"00000000","rdp":"00000000","next":"00000000","qvalid":0,"qcapacity":8,"thread":"8006cf70","tasks":0}
PDOBS {"n":164,"ev":"mi_raise","pc":"80033d84","count":"6d59ed4d","frame":1,"a":"00000001","b":"00000000","sp":"00000243","mi":"00000000","mask":"0000003f","cause":"10000000","sr":"2400ff01","dp":"00000008","type":13107400,"locked":0,"sp_due":"00000000","rsp":"80210d08","rs":"00000000","rdp":"00000000","next":"00000000","qvalid":0,"qcapacity":8,"thread":"8006cf70","tasks":0}
PDOBS {"n":165,"ev":"sp_write_before","pc":"80002fa4","count":"6d59eeb1","frame":1,"a":"00008008","b":"ffffffff","sp":"00000243","mi":"00000001","mask":"0000003f","cause":"10000400","sr":"2400ff00","dp":"00000008","type":13107400,"locked":0,"sp_due":"00000000","rsp":"80210d08","rs":"00000000","rdp":"00000000","next":"00000000","qvalid":0,"qcapacity":8,"thread":"8006cf70","tasks":0}
PDOBS {"n":166,"ev":"mi_clear","pc":"80002fa4","count":"6d59eeb1","frame":1,"a":"00000001","b":"00000000","sp":"00000243","mi":"00000001","mask":"0000003f","cause":"10000400","sr":"2400ff00","dp":"00000008","type":13107400,"locked":0,"sp_due":"00000000","rsp":"80210d08","rs":"00000000","rdp":"00000000","next":"00000000","qvalid":0,"qcapacity":8,"thread":"8006cf70","tasks":0}
PDOBS {"n":167,"ev":"sp_write_after","pc":"80002fa4","count":"6d59eeb1","frame":1,"a":"00008008","b":"ffffffff","sp":"00000243","mi":"00000000","mask":"0000003f","cause":"10000000","sr":"2400ff00","dp":"00000008","type":13107400,"locked":0,"sp_due":"00000000","rsp":"80210d08","rs":"00000000","rdp":"00000000","next":"00000000","qvalid":0,"qcapacity":8,"thread":"8006cf70","tasks":0}
PDOBS {"n":168,"ev":"guest_send","pc":"80003208","count":"6d59eec5","frame":1,"a":"00000020","b":"8006b418","sp":"00000243","mi":"00000000","mask":"0000003f","cause":"10000000","sr":"2400ff00","dp":"00000008","type":13107400,"locked":0,"sp_due":"00000000","rsp":"80210d08","rs":"00000000","rdp":"00000000","next":"00000000","qvalid":0,"qcapacity":8,"thread":"8006cf70","tasks":0}
PDOBS {"n":169,"ev":"guest_fullcheck","pc":"80003230","count":"6d59eed3","frame":1,"a":"00000020","b":"8006b418","sp":"00000243","mi":"00000000","mask":"0000003f","cause":"10000000","sr":"2400ff00","dp":"00000008","type":13107400,"locked":0,"sp_due":"00000000","rsp":"80210d08","rs":"00000000","rdp":"00000000","next":"00000000","qvalid":0,"qcapacity":8,"thread":"8006cf70","tasks":0}
PDOBS {"n":170,"ev":"guest_sp_handler","pc":"80001f68","count":"6d59f0ed","frame":1,"a":"8006b3d8","b":"80360718","sp":"00000243","mi":"00000000","mask":"0000003f","cause":"10000000","sr":"2400ff01","dp":"00000008","type":13107400,"locked":0,"sp_due":"00000000","rsp":"80210d08","rs":"00000000","rdp":"00000000","next":"00000000","qvalid":0,"qcapacity":8,"thread":"80068f90","tasks":0}
PDOBS {"n":171,"ev":"guest_complete","pc":"80001e50","count":"6d59f11b","frame":1,"a":"8006b3d8","b":"80210d08","sp":"00000243","mi":"00000000","mask":"0000003f","cause":"10000000","sr":"2400ff01","dp":"00000008","type":13107400,"locked":0,"sp_due":"00000000","rsp":"00000000","rs":"00000000","rdp":"00000000","next":"00000000","qvalid":0,"qcapacity":8,"thread":"80068f90","tasks":0}
PDOBS {"n":172,"ev":"guest_exec","pc":"80001960","count":"6d728b7f","frame":1,"a":"8006b3d8","b":"80211968","sp":"00000243","mi":"00000000","mask":"0000003f","cause":"10000000","sr":"2400ff01","dp":"00000008","type":13107400,"locked":0,"sp_due":"00000000","rsp":"00000000","rs":"00000000","rdp":"00000000","next":"00000000","qvalid":0,"qcapacity":8,"thread":"8006cf70","tasks":0}
PDOBS {"n":173,"ev":"sp_write_before","pc":"80035fd8","count":"6d729d4d","frame":1,"a":"00002b00","b":"ffffffff","sp":"00000243","mi":"00000000","mask":"0000003f","cause":"10000000","sr":"2400ff01","dp":"00000008","type":13107400,"locked":0,"sp_due":"00000000","rsp":"00000000","rs":"00000000","rdp":"00000000","next":"00000000","qvalid":0,"qcapacity":8,"thread":"8006cf70","tasks":0}
PDOBS {"n":174,"ev":"sp_write_after","pc":"80035fd8","count":"6d729d4d","frame":1,"a":"00002b00","b":"ffffffff","sp":"00000043","mi":"00000000","mask":"0000003f","cause":"10000000","sr":"2400ff01","dp":"00000008","type":13107400,"locked":0,"sp_due":"00000000","rsp":"00000000","rs":"00000000","rdp":"00000000","next":"00000000","qvalid":0,"qcapacity":8,"thread":"8006cf70","tasks":0}
PDOBS {"n":175,"ev":"sp_write_before","pc":"80035fd8","count":"6d729ea5","frame":1,"a":"00000125","b":"ffffffff","sp":"00000043","mi":"00000000","mask":"0000003f","cause":"10000000","sr":"2400ff01","dp":"00000008","type":2,"locked":0,"sp_due":"00000000","rsp":"00000000","rs":"00000000","rdp":"00000000","next":"00000000","qvalid":0,"qcapacity":8,"thread":"8006cf70","tasks":0}
PDOBS {"n":176,"ev":"rsp_begin","pc":"80035fd8","count":"6d729ea5","frame":1,"a":"00000002","b":"04001000","sp":"00000040","mi":"00000000","mask":"0000003f","cause":"10000000","sr":"2400ff01","dp":"00000008","type":2,"locked":0,"sp_due":"00000000","rsp":"00000000","rs":"00000000","rdp":"00000000","next":"00000000","qvalid":0,"qcapacity":8,"thread":"8006cf70","tasks":0}
PDOBS {"n":177,"ev":"rsp_return","pc":"80035fd8","count":"6d729ea5","frame":1,"a":"00c800c8","b":"04001144","sp":"00000243","mi":"00000001","mask":"0000003f","cause":"10000400","sr":"2400ff01","dp":"00000008","type":13107400,"locked":0,"sp_due":"00000000","rsp":"00000000","rs":"00000000","rdp":"00000000","next":"00000000","qvalid":0,"qcapacity":8,"thread":"8006cf70","tasks":0}
PDOBS {"n":178,"ev":"mi_clear","pc":"80035fd8","count":"6d729ea9","frame":1,"a":"00000001","b":"00000000","sp":"00000243","mi":"00000001","mask":"0000003f","cause":"10000400","sr":"2400ff01","dp":"00000008","type":13107400,"locked":0,"sp_due":"00000000","rsp":"00000000","rs":"00000000","rdp":"00000000","next":"00000000","qvalid":0,"qcapacity":8,"thread":"8006cf70","tasks":0}
PDOBS {"n":179,"ev":"rsp_deferred","pc":"80035fd8","count":"6d729ea9","frame":1,"a":"00000fa0","b":"00000000","sp":"00000243","mi":"00000000","mask":"0000003f","cause":"10000000","sr":"2400ff01","dp":"00000008","type":13107400,"locked":0,"sp_due":"6d72ae49","rsp":"00000000","rs":"00000000","rdp":"00000000","next":"00000000","qvalid":0,"qcapacity":8,"thread":"8006cf70","tasks":0}
PDOBS {"n":180,"ev":"rsp_exit","pc":"80035fd8","count":"6d729ea9","frame":1,"a":"00000fa0","b":"00000000","sp":"00000040","mi":"00000000","mask":"0000003f","cause":"10000000","sr":"2400ff01","dp":"00000008","type":13107400,"locked":0,"sp_due":"6d72ae49","rsp":"00000000","rs":"00000000","rdp":"00000000","next":"00000000","qvalid":0,"qcapacity":8,"thread":"8006cf70","tasks":0}
PDOBS {"n":181,"ev":"sp_write_after","pc":"80035fd8","count":"6d729ea9","frame":1,"a":"00000125","b":"ffffffff","sp":"00000040","mi":"00000000","mask":"0000003f","cause":"10000000","sr":"2400ff01","dp":"00000008","type":13107400,"locked":0,"sp_due":"6d72ae49","rsp":"00000000","rs":"00000000","rdp":"00000000","next":"00000000","qvalid":0,"qcapacity":8,"thread":"8006cf70","tasks":0}
PDOBS {"n":182,"ev":"sp_event","pc":"80033dc0","count":"6d72ae65","frame":1,"a":"00000000","b":"00000000","sp":"00000040","mi":"00000000","mask":"00000000","cause":"10000000","sr":"2400ff01","dp":"00000008","type":13107400,"locked":0,"sp_due":"00000000","rsp":"80211968","rs":"00000000","rdp":"00000000","next":"00000000","qvalid":0,"qcapacity":8,"thread":"8006cf70","tasks":0}
PDOBS {"n":183,"ev":"mi_raise","pc":"80033dc0","count":"6d72ae65","frame":1,"a":"00000001","b":"00000000","sp":"00000243","mi":"00000000","mask":"00000000","cause":"10000000","sr":"2400ff01","dp":"00000008","type":13107400,"locked":0,"sp_due":"00000000","rsp":"80211968","rs":"00000000","rdp":"00000000","next":"00000000","qvalid":0,"qcapacity":8,"thread":"8006cf70","tasks":0}
PDOBS {"n":184,"ev":"sp_write_before","pc":"80002fa4","count":"6d72b0b1","frame":1,"a":"00008008","b":"ffffffff","sp":"00000243","mi":"00000001","mask":"0000003f","cause":"10000400","sr":"2400ff00","dp":"00000008","type":13107400,"locked":0,"sp_due":"00000000","rsp":"80211968","rs":"00000000","rdp":"00000000","next":"00000000","qvalid":0,"qcapacity":8,"thread":"8006cf70","tasks":0}
PDOBS {"n":185,"ev":"mi_clear","pc":"80002fa4","count":"6d72b0b1","frame":1,"a":"00000001","b":"00000000","sp":"00000243","mi":"00000001","mask":"0000003f","cause":"10000400","sr":"2400ff00","dp":"00000008","type":13107400,"locked":0,"sp_due":"00000000","rsp":"80211968","rs":"00000000","rdp":"00000000","next":"00000000","qvalid":0,"qcapacity":8,"thread":"8006cf70","tasks":0}
PDOBS {"n":186,"ev":"sp_write_after","pc":"80002fa4","count":"6d72b0b1","frame":1,"a":"00008008","b":"ffffffff","sp":"00000243","mi":"00000000","mask":"0000003f","cause":"10000000","sr":"2400ff00","dp":"00000008","type":13107400,"locked":0,"sp_due":"00000000","rsp":"80211968","rs":"00000000","rdp":"00000000","next":"00000000","qvalid":0,"qcapacity":8,"thread":"8006cf70","tasks":0}
PDOBS {"n":187,"ev":"guest_send","pc":"80003208","count":"6d72b0c5","frame":1,"a":"00000020","b":"8006b418","sp":"00000243","mi":"00000000","mask":"0000003f","cause":"10000000","sr":"2400ff00","dp":"00000008","type":13107400,"locked":0,"sp_due":"00000000","rsp":"80211968","rs":"00000000","rdp":"00000000","next":"00000000","qvalid":0,"qcapacity":8,"thread":"8006cf70","tasks":0}
PDOBS {"n":188,"ev":"guest_fullcheck","pc":"80003230","count":"6d72b0d3","frame":1,"a":"00000020","b":"8006b418","sp":"00000243","mi":"00000000","mask":"0000003f","cause":"10000000","sr":"2400ff00","dp":"00000008","type":13107400,"locked":0,"sp_due":"00000000","rsp":"80211968","rs":"00000000","rdp":"00000000","next":"00000000","qvalid":0,"qcapacity":8,"thread":"8006cf70","tasks":0}
PDOBS {"n":189,"ev":"guest_sp_handler","pc":"80001f68","count":"6d72b2ed","frame":1,"a":"8006b3d8","b":"80360718","sp":"00000243","mi":"00000000","mask":"0000003f","cause":"10000000","sr":"2400ff01","dp":"00000008","type":13107400,"locked":0,"sp_due":"00000000","rsp":"80211968","rs":"00000000","rdp":"00000000","next":"00000000","qvalid":0,"qcapacity":8,"thread":"80068f90","tasks":0}
PDOBS {"n":190,"ev":"guest_complete","pc":"80001e50","count":"6d72b31b","frame":1,"a":"8006b3d8","b":"80211968","sp":"00000243","mi":"00000000","mask":"0000003f","cause":"10000000","sr":"2400ff01","dp":"00000008","type":13107400,"locked":0,"sp_due":"00000000","rsp":"00000000","rs":"00000000","rdp":"00000000","next":"00000000","qvalid":0,"qcapacity":8,"thread":"80068f90","tasks":0}
PDOBS {"n":191,"ev":"guest_exec","pc":"80001960","count":"6d8b4c5b","frame":1,"a":"8006b3d8","b":"802125c8","sp":"00000243","mi":"00000000","mask":"0000003f","cause":"10000000","sr":"2400ff01","dp":"00000008","type":13107400,"locked":0,"sp_due":"00000000","rsp":"00000000","rs":"00000000","rdp":"00000000","next":"00000000","qvalid":0,"qcapacity":8,"thread":"8006cf70","tasks":0}
PDOBS {"n":192,"ev":"sp_write_before","pc":"80035fd8","count":"6d8b5e29","frame":1,"a":"00002b00","b":"ffffffff","sp":"00000243","mi":"00000000","mask":"0000003f","cause":"10000000","sr":"2400ff01","dp":"00000008","type":13107400,"locked":0,"sp_due":"00000000","rsp":"00000000","rs":"00000000","rdp":"00000000","next":"00000000","qvalid":0,"qcapacity":8,"thread":"8006cf70","tasks":0}
PDOBS {"n":193,"ev":"sp_write_after","pc":"80035fd8","count":"6d8b5e29","frame":1,"a":"00002b00","b":"ffffffff","sp":"00000043","mi":"00000000","mask":"0000003f","cause":"10000000","sr":"2400ff01","dp":"00000008","type":13107400,"locked":0,"sp_due":"00000000","rsp":"00000000","rs":"00000000","rdp":"00000000","next":"00000000","qvalid":0,"qcapacity":8,"thread":"8006cf70","tasks":0}
PDOBS {"n":194,"ev":"sp_write_before","pc":"80035fd8","count":"6d8b5f81","frame":1,"a":"00000125","b":"ffffffff","sp":"00000043","mi":"00000000","mask":"0000003f","cause":"10000000","sr":"2400ff01","dp":"00000008","type":2,"locked":0,"sp_due":"00000000","rsp":"00000000","rs":"00000000","rdp":"00000000","next":"00000000","qvalid":0,"qcapacity":8,"thread":"8006cf70","tasks":0}
PDOBS {"n":195,"ev":"rsp_begin","pc":"80035fd8","count":"6d8b5f81","frame":1,"a":"00000002","b":"04001000","sp":"00000040","mi":"00000000","mask":"0000003f","cause":"10000000","sr":"2400ff01","dp":"00000008","type":2,"locked":0,"sp_due":"00000000","rsp":"00000000","rs":"00000000","rdp":"00000000","next":"00000000","qvalid":0,"qcapacity":8,"thread":"8006cf70","tasks":0}
PDOBS {"n":196,"ev":"rsp_return","pc":"80035fd8","count":"6d8b5f81","frame":1,"a":"00c800c8","b":"04001144","sp":"00000243","mi":"00000001","mask":"0000003f","cause":"10000400","sr":"2400ff01","dp":"00000008","type":13107400,"locked":0,"sp_due":"00000000","rsp":"00000000","rs":"00000000","rdp":"00000000","next":"00000000","qvalid":0,"qcapacity":8,"thread":"8006cf70","tasks":0}
PDOBS {"n":197,"ev":"mi_clear","pc":"80035fd8","count":"6d8b5f85","frame":1,"a":"00000001","b":"00000000","sp":"00000243","mi":"00000001","mask":"0000003f","cause":"10000400","sr":"2400ff01","dp":"00000008","type":13107400,"locked":0,"sp_due":"00000000","rsp":"00000000","rs":"00000000","rdp":"00000000","next":"00000000","qvalid":0,"qcapacity":8,"thread":"8006cf70","tasks":0}
PDOBS {"n":198,"ev":"rsp_deferred","pc":"80035fd8","count":"6d8b5f85","frame":1,"a":"00000fa0","b":"00000000","sp":"00000243","mi":"00000000","mask":"0000003f","cause":"10000000","sr":"2400ff01","dp":"00000008","type":13107400,"locked":0,"sp_due":"6d8b6f25","rsp":"00000000","rs":"00000000","rdp":"00000000","next":"00000000","qvalid":0,"qcapacity":8,"thread":"8006cf70","tasks":0}
PDOBS {"n":199,"ev":"rsp_exit","pc":"80035fd8","count":"6d8b5f85","frame":1,"a":"00000fa0","b":"00000000","sp":"00000040","mi":"00000000","mask":"0000003f","cause":"10000000","sr":"2400ff01","dp":"00000008","type":13107400,"locked":0,"sp_due":"6d8b6f25","rsp":"00000000","rs":"00000000","rdp":"00000000","next":"00000000","qvalid":0,"qcapacity":8,"thread":"8006cf70","tasks":0}
PDOBS {"n":200,"ev":"sp_write_after","pc":"80035fd8","count":"6d8b5f85","frame":1,"a":"00000125","b":"ffffffff","sp":"00000040","mi":"00000000","mask":"0000003f","cause":"10000000","sr":"2400ff01","dp":"00000008","type":13107400,"locked":0,"sp_due":"6d8b6f25","rsp":"00000000","rs":"00000000","rdp":"00000000","next":"00000000","qvalid":0,"qcapacity":8,"thread":"8006cf70","tasks":0}
PDOBS {"n":201,"ev":"sp_event","pc":"80033dc0","count":"6d8b6f41","frame":1,"a":"00000000","b":"00000000","sp":"00000040","mi":"00000000","mask":"00000000","cause":"10000000","sr":"2400ff01","dp":"00000008","type":13107400,"locked":0,"sp_due":"00000000","rsp":"802125c8","rs":"00000000","rdp":"00000000","next":"00000000","qvalid":0,"qcapacity":8,"thread":"8006cf70","tasks":0}
PDOBS {"n":202,"ev":"mi_raise","pc":"80033dc0","count":"6d8b6f41","frame":1,"a":"00000001","b":"00000000","sp":"00000243","mi":"00000000","mask":"00000000","cause":"10000000","sr":"2400ff01","dp":"00000008","type":13107400,"locked":0,"sp_due":"00000000","rsp":"802125c8","rs":"00000000","rdp":"00000000","next":"00000000","qvalid":0,"qcapacity":8,"thread":"8006cf70","tasks":0}
PDOBS {"n":203,"ev":"sp_write_before","pc":"80002fa4","count":"6d8b718d","frame":1,"a":"00008008","b":"ffffffff","sp":"00000243","mi":"00000001","mask":"0000003f","cause":"10000400","sr":"2400ff00","dp":"00000008","type":13107400,"locked":0,"sp_due":"00000000","rsp":"802125c8","rs":"00000000","rdp":"00000000","next":"00000000","qvalid":0,"qcapacity":8,"thread":"8006cf70","tasks":0}
PDOBS {"n":204,"ev":"mi_clear","pc":"80002fa4","count":"6d8b718d","frame":1,"a":"00000001","b":"00000000","sp":"00000243","mi":"00000001","mask":"0000003f","cause":"10000400","sr":"2400ff00","dp":"00000008","type":13107400,"locked":0,"sp_due":"00000000","rsp":"802125c8","rs":"00000000","rdp":"00000000","next":"00000000","qvalid":0,"qcapacity":8,"thread":"8006cf70","tasks":0}
PDOBS {"n":205,"ev":"sp_write_after","pc":"80002fa4","count":"6d8b718d","frame":1,"a":"00008008","b":"ffffffff","sp":"00000243","mi":"00000000","mask":"0000003f","cause":"10000000","sr":"2400ff00","dp":"00000008","type":13107400,"locked":0,"sp_due":"00000000","rsp":"802125c8","rs":"00000000","rdp":"00000000","next":"00000000","qvalid":0,"qcapacity":8,"thread":"8006cf70","tasks":0}
PDOBS {"n":206,"ev":"guest_send","pc":"80003208","count":"6d8b71a1","frame":1,"a":"00000020","b":"8006b418","sp":"00000243","mi":"00000000","mask":"0000003f","cause":"10000000","sr":"2400ff00","dp":"00000008","type":13107400,"locked":0,"sp_due":"00000000","rsp":"802125c8","rs":"00000000","rdp":"00000000","next":"00000000","qvalid":0,"qcapacity":8,"thread":"8006cf70","tasks":0}
PDOBS {"n":207,"ev":"guest_fullcheck","pc":"80003230","count":"6d8b71af","frame":1,"a":"00000020","b":"8006b418","sp":"00000243","mi":"00000000","mask":"0000003f","cause":"10000000","sr":"2400ff00","dp":"00000008","type":13107400,"locked":0,"sp_due":"00000000","rsp":"802125c8","rs":"00000000","rdp":"00000000","next":"00000000","qvalid":0,"qcapacity":8,"thread":"8006cf70","tasks":0}
PDOBS {"n":208,"ev":"guest_sp_handler","pc":"80001f68","count":"6d8b73cd","frame":1,"a":"8006b3d8","b":"80360718","sp":"00000243","mi":"00000000","mask":"0000003f","cause":"10000000","sr":"2400ff01","dp":"00000008","type":13107400,"locked":0,"sp_due":"00000000","rsp":"802125c8","rs":"00000000","rdp":"00000000","next":"00000000","qvalid":0,"qcapacity":8,"thread":"80068f90","tasks":0}
PDOBS {"n":209,"ev":"guest_complete","pc":"80001e50","count":"6d8b73fb","frame":1,"a":"8006b3d8","b":"802125c8","sp":"00000243","mi":"00000000","mask":"0000003f","cause":"10000000","sr":"2400ff01","dp":"00000008","type":13107400,"locked":0,"sp_due":"00000000","rsp":"00000000","rs":"00000000","rdp":"00000000","next":"00000000","qvalid":0,"qcapacity":8,"thread":"80068f90","tasks":0}
PDOBS {"n":210,"ev":"guest_exec","pc":"80001960","count":"6da40d77","frame":1,"a":"8006b3d8","b":"80210d08","sp":"00000243","mi":"00000000","mask":"0000003f","cause":"10000000","sr":"2400ff01","dp":"00000008","type":13107400,"locked":0,"sp_due":"00000000","rsp":"00000000","rs":"00000000","rdp":"00000000","next":"00000000","qvalid":0,"qcapacity":8,"thread":"8006cf70","tasks":0}
PDOBS {"n":211,"ev":"sp_write_before","pc":"80035fd8","count":"6da41f45","frame":1,"a":"00002b00","b":"ffffffff","sp":"00000243","mi":"00000000","mask":"0000003f","cause":"10000000","sr":"2400ff01","dp":"00000008","type":13107400,"locked":0,"sp_due":"00000000","rsp":"00000000","rs":"00000000","rdp":"00000000","next":"00000000","qvalid":0,"qcapacity":8,"thread":"8006cf70","tasks":0}
PDOBS {"n":212,"ev":"sp_write_after","pc":"80035fd8","count":"6da41f45","frame":1,"a":"00002b00","b":"ffffffff","sp":"00000043","mi":"00000000","mask":"0000003f","cause":"10000000","sr":"2400ff01","dp":"00000008","type":13107400,"locked":0,"sp_due":"00000000","rsp":"00000000","rs":"00000000","rdp":"00000000","next":"00000000","qvalid":0,"qcapacity":8,"thread":"8006cf70","tasks":0}
PDOBS {"n":213,"ev":"sp_write_before","pc":"80035fd8","count":"6da4209d","frame":1,"a":"00000125","b":"ffffffff","sp":"00000043","mi":"00000000","mask":"0000003f","cause":"10000000","sr":"2400ff01","dp":"00000008","type":2,"locked":0,"sp_due":"00000000","rsp":"00000000","rs":"00000000","rdp":"00000000","next":"00000000","qvalid":0,"qcapacity":8,"thread":"8006cf70","tasks":0}
PDOBS {"n":214,"ev":"rsp_begin","pc":"80035fd8","count":"6da4209d","frame":1,"a":"00000002","b":"04001000","sp":"00000040","mi":"00000000","mask":"0000003f","cause":"10000000","sr":"2400ff01","dp":"00000008","type":2,"locked":0,"sp_due":"00000000","rsp":"00000000","rs":"00000000","rdp":"00000000","next":"00000000","qvalid":0,"qcapacity":8,"thread":"8006cf70","tasks":0}
PDOBS {"n":215,"ev":"rsp_return","pc":"80035fd8","count":"6da4209d","frame":1,"a":"00c800c8","b":"04001144","sp":"00000243","mi":"00000001","mask":"0000003f","cause":"10000400","sr":"2400ff01","dp":"00000008","type":13107400,"locked":0,"sp_due":"00000000","rsp":"00000000","rs":"00000000","rdp":"00000000","next":"00000000","qvalid":0,"qcapacity":8,"thread":"8006cf70","tasks":0}
PDOBS {"n":216,"ev":"mi_clear","pc":"80035fd8","count":"6da420a1","frame":1,"a":"00000001","b":"00000000","sp":"00000243","mi":"00000001","mask":"0000003f","cause":"10000400","sr":"2400ff01","dp":"00000008","type":13107400,"locked":0,"sp_due":"00000000","rsp":"00000000","rs":"00000000","rdp":"00000000","next":"00000000","qvalid":0,"qcapacity":8,"thread":"8006cf70","tasks":0}
PDOBS {"n":217,"ev":"rsp_deferred","pc":"80035fd8","count":"6da420a1","frame":1,"a":"00000fa0","b":"00000000","sp":"00000243","mi":"00000000","mask":"0000003f","cause":"10000000","sr":"2400ff01","dp":"00000008","type":13107400,"locked":0,"sp_due":"6da43041","rsp":"00000000","rs":"00000000","rdp":"00000000","next":"00000000","qvalid":0,"qcapacity":8,"thread":"8006cf70","tasks":0}
PDOBS {"n":218,"ev":"rsp_exit","pc":"80035fd8","count":"6da420a1","frame":1,"a":"00000fa0","b":"00000000","sp":"00000040","mi":"00000000","mask":"0000003f","cause":"10000000","sr":"2400ff01","dp":"00000008","type":13107400,"locked":0,"sp_due":"6da43041","rsp":"00000000","rs":"00000000","rdp":"00000000","next":"00000000","qvalid":0,"qcapacity":8,"thread":"8006cf70","tasks":0}
PDOBS {"n":219,"ev":"sp_write_after","pc":"80035fd8","count":"6da420a1","frame":1,"a":"00000125","b":"ffffffff","sp":"00000040","mi":"00000000","mask":"0000003f","cause":"10000000","sr":"2400ff01","dp":"00000008","type":13107400,"locked":0,"sp_due":"6da43041","rsp":"00000000","rs":"00000000","rdp":"00000000","next":"00000000","qvalid":0,"qcapacity":8,"thread":"8006cf70","tasks":0}
PDOBS {"n":220,"ev":"sp_event","pc":"80033dc0","count":"6da4305d","frame":1,"a":"00000000","b":"00000000","sp":"00000040","mi":"00000000","mask":"00000000","cause":"10000000","sr":"2400ff01","dp":"00000008","type":13107400,"locked":0,"sp_due":"00000000","rsp":"80210d08","rs":"00000000","rdp":"00000000","next":"00000000","qvalid":0,"qcapacity":8,"thread":"8006cf70","tasks":0}
PDOBS {"n":221,"ev":"mi_raise","pc":"80033dc0","count":"6da4305d","frame":1,"a":"00000001","b":"00000000","sp":"00000243","mi":"00000000","mask":"00000000","cause":"10000000","sr":"2400ff01","dp":"00000008","type":13107400,"locked":0,"sp_due":"00000000","rsp":"80210d08","rs":"00000000","rdp":"00000000","next":"00000000","qvalid":0,"qcapacity":8,"thread":"8006cf70","tasks":0}
PDOBS {"n":222,"ev":"sp_write_before","pc":"80002fa4","count":"6da432a9","frame":1,"a":"00008008","b":"ffffffff","sp":"00000243","mi":"00000001","mask":"0000003f","cause":"10000400","sr":"2400ff00","dp":"00000008","type":13107400,"locked":0,"sp_due":"00000000","rsp":"80210d08","rs":"00000000","rdp":"00000000","next":"00000000","qvalid":0,"qcapacity":8,"thread":"8006cf70","tasks":0}
PDOBS {"n":223,"ev":"mi_clear","pc":"80002fa4","count":"6da432a9","frame":1,"a":"00000001","b":"00000000","sp":"00000243","mi":"00000001","mask":"0000003f","cause":"10000400","sr":"2400ff00","dp":"00000008","type":13107400,"locked":0,"sp_due":"00000000","rsp":"80210d08","rs":"00000000","rdp":"00000000","next":"00000000","qvalid":0,"qcapacity":8,"thread":"8006cf70","tasks":0}
PDOBS {"n":224,"ev":"sp_write_after","pc":"80002fa4","count":"6da432a9","frame":1,"a":"00008008","b":"ffffffff","sp":"00000243","mi":"00000000","mask":"0000003f","cause":"10000000","sr":"2400ff00","dp":"00000008","type":13107400,"locked":0,"sp_due":"00000000","rsp":"80210d08","rs":"00000000","rdp":"00000000","next":"00000000","qvalid":0,"qcapacity":8,"thread":"8006cf70","tasks":0}
PDOBS {"n":225,"ev":"guest_send","pc":"80003208","count":"6da432bd","frame":1,"a":"00000020","b":"8006b418","sp":"00000243","mi":"00000000","mask":"0000003f","cause":"10000000","sr":"2400ff00","dp":"00000008","type":13107400,"locked":0,"sp_due":"00000000","rsp":"80210d08","rs":"00000000","rdp":"00000000","next":"00000000","qvalid":0,"qcapacity":8,"thread":"8006cf70","tasks":0}
PDOBS {"n":226,"ev":"guest_fullcheck","pc":"80003230","count":"6da432cb","frame":1,"a":"00000020","b":"8006b418","sp":"00000243","mi":"00000000","mask":"0000003f","cause":"10000000","sr":"2400ff00","dp":"00000008","type":13107400,"locked":0,"sp_due":"00000000","rsp":"80210d08","rs":"00000000","rdp":"00000000","next":"00000000","qvalid":0,"qcapacity":8,"thread":"8006cf70","tasks":0}
PDOBS {"n":227,"ev":"guest_sp_handler","pc":"80001f68","count":"6da434e5","frame":1,"a":"8006b3d8","b":"80360718","sp":"00000243","mi":"00000000","mask":"0000003f","cause":"10000000","sr":"2400ff01","dp":"00000008","type":13107400,"locked":0,"sp_due":"00000000","rsp":"80210d08","rs":"00000000","rdp":"00000000","next":"00000000","qvalid":0,"qcapacity":8,"thread":"80068f90","tasks":0}
PDOBS {"n":228,"ev":"guest_complete","pc":"80001e50","count":"6da43513","frame":1,"a":"8006b3d8","b":"80210d08","sp":"00000243","mi":"00000000","mask":"0000003f","cause":"10000000","sr":"2400ff01","dp":"00000008","type":13107400,"locked":0,"sp_due":"00000000","rsp":"00000000","rs":"00000000","rdp":"00000000","next":"00000000","qvalid":0,"qcapacity":8,"thread":"80068f90","tasks":0}
PDOBS {"n":229,"ev":"guest_exec","pc":"80001960","count":"6dbcce05","frame":1,"a":"8006b3d8","b":"80211968","sp":"00000243","mi":"00000000","mask":"0000003f","cause":"10000000","sr":"2400ff01","dp":"00000008","type":13107400,"locked":0,"sp_due":"00000000","rsp":"00000000","rs":"00000000","rdp":"00000000","next":"00000000","qvalid":0,"qcapacity":8,"thread":"8006cf70","tasks":0}
PDOBS {"n":230,"ev":"sp_write_before","pc":"80035fd8","count":"6dbcdfd3","frame":1,"a":"00002b00","b":"ffffffff","sp":"00000243","mi":"00000000","mask":"0000003f","cause":"10000000","sr":"2400ff01","dp":"00000008","type":13107400,"locked":0,"sp_due":"00000000","rsp":"00000000","rs":"00000000","rdp":"00000000","next":"00000000","qvalid":0,"qcapacity":8,"thread":"8006cf70","tasks":0}
PDOBS {"n":231,"ev":"sp_write_after","pc":"80035fd8","count":"6dbcdfd3","frame":1,"a":"00002b00","b":"ffffffff","sp":"00000043","mi":"00000000","mask":"0000003f","cause":"10000000","sr":"2400ff01","dp":"00000008","type":13107400,"locked":0,"sp_due":"00000000","rsp":"00000000","rs":"00000000","rdp":"00000000","next":"00000000","qvalid":0,"qcapacity":8,"thread":"8006cf70","tasks":0}
PDOBS {"n":232,"ev":"sp_write_before","pc":"80035fd8","count":"6dbce12b","frame":1,"a":"00000125","b":"ffffffff","sp":"00000043","mi":"00000000","mask":"0000003f","cause":"10000000","sr":"2400ff01","dp":"00000008","type":2,"locked":0,"sp_due":"00000000","rsp":"00000000","rs":"00000000","rdp":"00000000","next":"00000000","qvalid":0,"qcapacity":8,"thread":"8006cf70","tasks":0}
PDOBS {"n":233,"ev":"rsp_begin","pc":"80035fd8","count":"6dbce12b","frame":1,"a":"00000002","b":"04001000","sp":"00000040","mi":"00000000","mask":"0000003f","cause":"10000000","sr":"2400ff01","dp":"00000008","type":2,"locked":0,"sp_due":"00000000","rsp":"00000000","rs":"00000000","rdp":"00000000","next":"00000000","qvalid":0,"qcapacity":8,"thread":"8006cf70","tasks":0}
PDOBS {"n":234,"ev":"rsp_return","pc":"80035fd8","count":"6dbce12b","frame":1,"a":"00c800c8","b":"04001144","sp":"00000243","mi":"00000001","mask":"0000003f","cause":"10000400","sr":"2400ff01","dp":"00000008","type":13107400,"locked":0,"sp_due":"00000000","rsp":"00000000","rs":"00000000","rdp":"00000000","next":"00000000","qvalid":0,"qcapacity":8,"thread":"8006cf70","tasks":0}
PDOBS {"n":235,"ev":"mi_clear","pc":"80035fd8","count":"6dbce12f","frame":1,"a":"00000001","b":"00000000","sp":"00000243","mi":"00000001","mask":"0000003f","cause":"10000400","sr":"2400ff01","dp":"00000008","type":13107400,"locked":0,"sp_due":"00000000","rsp":"00000000","rs":"00000000","rdp":"00000000","next":"00000000","qvalid":0,"qcapacity":8,"thread":"8006cf70","tasks":0}
PDOBS {"n":236,"ev":"rsp_deferred","pc":"80035fd8","count":"6dbce12f","frame":1,"a":"00000fa0","b":"00000000","sp":"00000243","mi":"00000000","mask":"0000003f","cause":"10000000","sr":"2400ff01","dp":"00000008","type":13107400,"locked":0,"sp_due":"6dbcf0cf","rsp":"00000000","rs":"00000000","rdp":"00000000","next":"00000000","qvalid":0,"qcapacity":8,"thread":"8006cf70","tasks":0}
PDOBS {"n":237,"ev":"rsp_exit","pc":"80035fd8","count":"6dbce12f","frame":1,"a":"00000fa0","b":"00000000","sp":"00000040","mi":"00000000","mask":"0000003f","cause":"10000000","sr":"2400ff01","dp":"00000008","type":13107400,"locked":0,"sp_due":"6dbcf0cf","rsp":"00000000","rs":"00000000","rdp":"00000000","next":"00000000","qvalid":0,"qcapacity":8,"thread":"8006cf70","tasks":0}
PDOBS {"n":238,"ev":"sp_write_after","pc":"80035fd8","count":"6dbce12f","frame":1,"a":"00000125","b":"ffffffff","sp":"00000040","mi":"00000000","mask":"0000003f","cause":"10000000","sr":"2400ff01","dp":"00000008","type":13107400,"locked":0,"sp_due":"6dbcf0cf","rsp":"00000000","rs":"00000000","rdp":"00000000","next":"00000000","qvalid":0,"qcapacity":8,"thread":"8006cf70","tasks":0}
PDOBS {"n":239,"ev":"sp_event","pc":"80033dc0","count":"6dbcf0eb","frame":1,"a":"00000000","b":"00000000","sp":"00000040","mi":"00000000","mask":"00000000","cause":"10000000","sr":"2400ff01","dp":"00000008","type":13107400,"locked":0,"sp_due":"00000000","rsp":"80211968","rs":"00000000","rdp":"00000000","next":"00000000","qvalid":0,"qcapacity":8,"thread":"8006cf70","tasks":0}
PDOBS {"n":240,"ev":"mi_raise","pc":"80033dc0","count":"6dbcf0eb","frame":1,"a":"00000001","b":"00000000","sp":"00000243","mi":"00000000","mask":"00000000","cause":"10000000","sr":"2400ff01","dp":"00000008","type":13107400,"locked":0,"sp_due":"00000000","rsp":"80211968","rs":"00000000","rdp":"00000000","next":"00000000","qvalid":0,"qcapacity":8,"thread":"8006cf70","tasks":0}
PDOBS {"n":241,"ev":"sp_write_before","pc":"80002fa4","count":"6dbcf337","frame":1,"a":"00008008","b":"ffffffff","sp":"00000243","mi":"00000001","mask":"0000003f","cause":"10000400","sr":"2400ff00","dp":"00000008","type":13107400,"locked":0,"sp_due":"00000000","rsp":"80211968","rs":"00000000","rdp":"00000000","next":"00000000","qvalid":0,"qcapacity":8,"thread":"8006cf70","tasks":0}
PDOBS {"n":242,"ev":"mi_clear","pc":"80002fa4","count":"6dbcf337","frame":1,"a":"00000001","b":"00000000","sp":"00000243","mi":"00000001","mask":"0000003f","cause":"10000400","sr":"2400ff00","dp":"00000008","type":13107400,"locked":0,"sp_due":"00000000","rsp":"80211968","rs":"00000000","rdp":"00000000","next":"00000000","qvalid":0,"qcapacity":8,"thread":"8006cf70","tasks":0}
PDOBS {"n":243,"ev":"sp_write_after","pc":"80002fa4","count":"6dbcf337","frame":1,"a":"00008008","b":"ffffffff","sp":"00000243","mi":"00000000","mask":"0000003f","cause":"10000000","sr":"2400ff00","dp":"00000008","type":13107400,"locked":0,"sp_due":"00000000","rsp":"80211968","rs":"00000000","rdp":"00000000","next":"00000000","qvalid":0,"qcapacity":8,"thread":"8006cf70","tasks":0}
PDOBS {"n":244,"ev":"guest_send","pc":"80003208","count":"6dbcf34b","frame":1,"a":"00000020","b":"8006b418","sp":"00000243","mi":"00000000","mask":"0000003f","cause":"10000000","sr":"2400ff00","dp":"00000008","type":13107400,"locked":0,"sp_due":"00000000","rsp":"80211968","rs":"00000000","rdp":"00000000","next":"00000000","qvalid":0,"qcapacity":8,"thread":"8006cf70","tasks":0}
PDOBS {"n":245,"ev":"guest_fullcheck","pc":"80003230","count":"6dbcf359","frame":1,"a":"00000020","b":"8006b418","sp":"00000243","mi":"00000000","mask":"0000003f","cause":"10000000","sr":"2400ff00","dp":"00000008","type":13107400,"locked":0,"sp_due":"00000000","rsp":"80211968","rs":"00000000","rdp":"00000000","next":"00000000","qvalid":0,"qcapacity":8,"thread":"8006cf70","tasks":0}
PDOBS {"n":246,"ev":"guest_sp_handler","pc":"80001f68","count":"6dbcf573","frame":1,"a":"8006b3d8","b":"80360718","sp":"00000243","mi":"00000000","mask":"0000003f","cause":"10000000","sr":"2400ff01","dp":"00000008","type":13107400,"locked":0,"sp_due":"00000000","rsp":"80211968","rs":"00000000","rdp":"00000000","next":"00000000","qvalid":0,"qcapacity":8,"thread":"80068f90","tasks":0}
PDOBS {"n":247,"ev":"guest_complete","pc":"80001e50","count":"6dbcf5a1","frame":1,"a":"8006b3d8","b":"80211968","sp":"00000243","mi":"00000000","mask":"0000003f","cause":"10000000","sr":"2400ff01","dp":"00000008","type":13107400,"locked":0,"sp_due":"00000000","rsp":"00000000","rs":"00000000","rdp":"00000000","next":"00000000","qvalid":0,"qcapacity":8,"thread":"80068f90","tasks":0}
PDOBS {"n":248,"ev":"guest_exec","pc":"80001960","count":"6dd58f13","frame":1,"a":"8006b3d8","b":"802125c8","sp":"00000243","mi":"00000000","mask":"0000003f","cause":"10000000","sr":"2400ff01","dp":"00000008","type":13107400,"locked":0,"sp_due":"00000000","rsp":"00000000","rs":"00000000","rdp":"00000000","next":"00000000","qvalid":0,"qcapacity":8,"thread":"8006cf70","tasks":0}
PDOBS {"n":249,"ev":"sp_write_before","pc":"80035fd8","count":"6dd5a0e1","frame":1,"a":"00002b00","b":"ffffffff","sp":"00000243","mi":"00000000","mask":"0000003f","cause":"10000000","sr":"2400ff01","dp":"00000008","type":13107400,"locked":0,"sp_due":"00000000","rsp":"00000000","rs":"00000000","rdp":"00000000","next":"00000000","qvalid":0,"qcapacity":8,"thread":"8006cf70","tasks":0}
PDOBS {"n":250,"ev":"sp_write_after","pc":"80035fd8","count":"6dd5a0e1","frame":1,"a":"00002b00","b":"ffffffff","sp":"00000043","mi":"00000000","mask":"0000003f","cause":"10000000","sr":"2400ff01","dp":"00000008","type":13107400,"locked":0,"sp_due":"00000000","rsp":"00000000","rs":"00000000","rdp":"00000000","next":"00000000","qvalid":0,"qcapacity":8,"thread":"8006cf70","tasks":0}
PDOBS {"n":251,"ev":"sp_write_before","pc":"80035fd8","count":"6dd5a239","frame":1,"a":"00000125","b":"ffffffff","sp":"00000043","mi":"00000000","mask":"0000003f","cause":"10000000","sr":"2400ff01","dp":"00000008","type":2,"locked":0,"sp_due":"00000000","rsp":"00000000","rs":"00000000","rdp":"00000000","next":"00000000","qvalid":0,"qcapacity":8,"thread":"8006cf70","tasks":0}
PDOBS {"n":252,"ev":"rsp_begin","pc":"80035fd8","count":"6dd5a239","frame":1,"a":"00000002","b":"04001000","sp":"00000040","mi":"00000000","mask":"0000003f","cause":"10000000","sr":"2400ff01","dp":"00000008","type":2,"locked":0,"sp_due":"00000000","rsp":"00000000","rs":"00000000","rdp":"00000000","next":"00000000","qvalid":0,"qcapacity":8,"thread":"8006cf70","tasks":0}
PDOBS {"n":253,"ev":"rsp_return","pc":"80035fd8","count":"6dd5a239","frame":1,"a":"00c800c8","b":"04001144","sp":"00000243","mi":"00000001","mask":"0000003f","cause":"10000400","sr":"2400ff01","dp":"00000008","type":13107400,"locked":0,"sp_due":"00000000","rsp":"00000000","rs":"00000000","rdp":"00000000","next":"00000000","qvalid":0,"qcapacity":8,"thread":"8006cf70","tasks":0}
PDOBS {"n":254,"ev":"mi_clear","pc":"80035fd8","count":"6dd5a23d","frame":1,"a":"00000001","b":"00000000","sp":"00000243","mi":"00000001","mask":"0000003f","cause":"10000400","sr":"2400ff01","dp":"00000008","type":13107400,"locked":0,"sp_due":"00000000","rsp":"00000000","rs":"00000000","rdp":"00000000","next":"00000000","qvalid":0,"qcapacity":8,"thread":"8006cf70","tasks":0}
PDOBS {"n":255,"ev":"rsp_deferred","pc":"80035fd8","count":"6dd5a23d","frame":1,"a":"00000fa0","b":"00000000","sp":"00000243","mi":"00000000","mask":"0000003f","cause":"10000000","sr":"2400ff01","dp":"00000008","type":13107400,"locked":0,"sp_due":"6dd5b1dd","rsp":"00000000","rs":"00000000","rdp":"00000000","next":"00000000","qvalid":0,"qcapacity":8,"thread":"8006cf70","tasks":0}
PDOBS {"n":256,"ev":"rsp_exit","pc":"80035fd8","count":"6dd5a23d","frame":1,"a":"00000fa0","b":"00000000","sp":"00000040","mi":"00000000","mask":"0000003f","cause":"10000000","sr":"2400ff01","dp":"00000008","type":13107400,"locked":0,"sp_due":"6dd5b1dd","rsp":"00000000","rs":"00000000","rdp":"00000000","next":"00000000","qvalid":0,"qcapacity":8,"thread":"8006cf70","tasks":0}
PDOBS {"n":257,"ev":"sp_write_after","pc":"80035fd8","count":"6dd5a23d","frame":1,"a":"00000125","b":"ffffffff","sp":"00000040","mi":"00000000","mask":"0000003f","cause":"10000000","sr":"2400ff01","dp":"00000008","type":13107400,"locked":0,"sp_due":"6dd5b1dd","rsp":"00000000","rs":"00000000","rdp":"00000000","next":"00000000","qvalid":0,"qcapacity":8,"thread":"8006cf70","tasks":0}
PDOBS {"n":258,"ev":"sp_event","pc":"80033dc0","count":"6dd5b1f9","frame":1,"a":"00000000","b":"00000000","sp":"00000040","mi":"00000000","mask":"00000000","cause":"10000000","sr":"2400ff01","dp":"00000008","type":13107400,"locked":0,"sp_due":"00000000","rsp":"802125c8","rs":"00000000","rdp":"00000000","next":"00000000","qvalid":0,"qcapacity":8,"thread":"8006cf70","tasks":0}
PDOBS {"n":259,"ev":"mi_raise","pc":"80033dc0","count":"6dd5b1f9","frame":1,"a":"00000001","b":"00000000","sp":"00000243","mi":"00000000","mask":"00000000","cause":"10000000","sr":"2400ff01","dp":"00000008","type":13107400,"locked":0,"sp_due":"00000000","rsp":"802125c8","rs":"00000000","rdp":"00000000","next":"00000000","qvalid":0,"qcapacity":8,"thread":"8006cf70","tasks":0}
PDOBS {"n":260,"ev":"sp_write_before","pc":"80002fa4","count":"6dd5b445","frame":1,"a":"00008008","b":"ffffffff","sp":"00000243","mi":"00000001","mask":"0000003f","cause":"10000400","sr":"2400ff00","dp":"00000008","type":13107400,"locked":0,"sp_due":"00000000","rsp":"802125c8","rs":"00000000","rdp":"00000000","next":"00000000","qvalid":0,"qcapacity":8,"thread":"8006cf70","tasks":0}
PDOBS {"n":261,"ev":"mi_clear","pc":"80002fa4","count":"6dd5b445","frame":1,"a":"00000001","b":"00000000","sp":"00000243","mi":"00000001","mask":"0000003f","cause":"10000400","sr":"2400ff00","dp":"00000008","type":13107400,"locked":0,"sp_due":"00000000","rsp":"802125c8","rs":"00000000","rdp":"00000000","next":"00000000","qvalid":0,"qcapacity":8,"thread":"8006cf70","tasks":0}
PDOBS {"n":262,"ev":"sp_write_after","pc":"80002fa4","count":"6dd5b445","frame":1,"a":"00008008","b":"ffffffff","sp":"00000243","mi":"00000000","mask":"0000003f","cause":"10000000","sr":"2400ff00","dp":"00000008","type":13107400,"locked":0,"sp_due":"00000000","rsp":"802125c8","rs":"00000000","rdp":"00000000","next":"00000000","qvalid":0,"qcapacity":8,"thread":"8006cf70","tasks":0}
PDOBS {"n":263,"ev":"guest_send","pc":"80003208","count":"6dd5b459","frame":1,"a":"00000020","b":"8006b418","sp":"00000243","mi":"00000000","mask":"0000003f","cause":"10000000","sr":"2400ff00","dp":"00000008","type":13107400,"locked":0,"sp_due":"00000000","rsp":"802125c8","rs":"00000000","rdp":"00000000","next":"00000000","qvalid":0,"qcapacity":8,"thread":"8006cf70","tasks":0}
PDOBS {"n":264,"ev":"guest_fullcheck","pc":"80003230","count":"6dd5b467","frame":1,"a":"00000020","b":"8006b418","sp":"00000243","mi":"00000000","mask":"0000003f","cause":"10000000","sr":"2400ff00","dp":"00000008","type":13107400,"locked":0,"sp_due":"00000000","rsp":"802125c8","rs":"00000000","rdp":"00000000","next":"00000000","qvalid":0,"qcapacity":8,"thread":"8006cf70","tasks":0}
PDOBS {"n":265,"ev":"guest_sp_handler","pc":"80001f68","count":"6dd5b681","frame":1,"a":"8006b3d8","b":"80360718","sp":"00000243","mi":"00000000","mask":"0000003f","cause":"10000000","sr":"2400ff01","dp":"00000008","type":13107400,"locked":0,"sp_due":"00000000","rsp":"802125c8","rs":"00000000","rdp":"00000000","next":"00000000","qvalid":0,"qcapacity":8,"thread":"80068f90","tasks":0}
PDOBS {"n":266,"ev":"guest_complete","pc":"80001e50","count":"6dd5b6af","frame":1,"a":"8006b3d8","b":"802125c8","sp":"00000243","mi":"00000000","mask":"0000003f","cause":"10000000","sr":"2400ff01","dp":"00000008","type":13107400,"locked":0,"sp_due":"00000000","rsp":"00000000","rs":"00000000","rdp":"00000000","next":"00000000","qvalid":0,"qcapacity":8,"thread":"80068f90","tasks":0}
PDOBS {"n":267,"ev":"guest_exec","pc":"80001960","count":"6dee4fff","frame":1,"a":"8006b3d8","b":"80210d08","sp":"00000243","mi":"00000000","mask":"0000003f","cause":"10000000","sr":"2400ff01","dp":"00000008","type":13107400,"locked":0,"sp_due":"00000000","rsp":"00000000","rs":"00000000","rdp":"00000000","next":"00000000","qvalid":0,"qcapacity":8,"thread":"8006cf70","tasks":0}
PDOBS {"n":268,"ev":"sp_write_before","pc":"80035fd8","count":"6dee61cd","frame":1,"a":"00002b00","b":"ffffffff","sp":"00000243","mi":"00000000","mask":"0000003f","cause":"10000000","sr":"2400ff01","dp":"00000008","type":13107400,"locked":0,"sp_due":"00000000","rsp":"00000000","rs":"00000000","rdp":"00000000","next":"00000000","qvalid":0,"qcapacity":8,"thread":"8006cf70","tasks":0}
PDOBS {"n":269,"ev":"sp_write_after","pc":"80035fd8","count":"6dee61cd","frame":1,"a":"00002b00","b":"ffffffff","sp":"00000043","mi":"00000000","mask":"0000003f","cause":"10000000","sr":"2400ff01","dp":"00000008","type":13107400,"locked":0,"sp_due":"00000000","rsp":"00000000","rs":"00000000","rdp":"00000000","next":"00000000","qvalid":0,"qcapacity":8,"thread":"8006cf70","tasks":0}
PDOBS {"n":270,"ev":"sp_write_before","pc":"80035fd8","count":"6dee6325","frame":1,"a":"00000125","b":"ffffffff","sp":"00000043","mi":"00000000","mask":"0000003f","cause":"10000000","sr":"2400ff01","dp":"00000008","type":2,"locked":0,"sp_due":"00000000","rsp":"00000000","rs":"00000000","rdp":"00000000","next":"00000000","qvalid":0,"qcapacity":8,"thread":"8006cf70","tasks":0}
PDOBS {"n":271,"ev":"rsp_begin","pc":"80035fd8","count":"6dee6325","frame":1,"a":"00000002","b":"04001000","sp":"00000040","mi":"00000000","mask":"0000003f","cause":"10000000","sr":"2400ff01","dp":"00000008","type":2,"locked":0,"sp_due":"00000000","rsp":"00000000","rs":"00000000","rdp":"00000000","next":"00000000","qvalid":0,"qcapacity":8,"thread":"8006cf70","tasks":0}
PDOBS {"n":272,"ev":"rsp_return","pc":"80035fd8","count":"6dee6325","frame":1,"a":"00c800c8","b":"04001144","sp":"00000243","mi":"00000001","mask":"0000003f","cause":"10000400","sr":"2400ff01","dp":"00000008","type":13107400,"locked":0,"sp_due":"00000000","rsp":"00000000","rs":"00000000","rdp":"00000000","next":"00000000","qvalid":0,"qcapacity":8,"thread":"8006cf70","tasks":0}
PDOBS {"n":273,"ev":"mi_clear","pc":"80035fd8","count":"6dee6329","frame":1,"a":"00000001","b":"00000000","sp":"00000243","mi":"00000001","mask":"0000003f","cause":"10000400","sr":"2400ff01","dp":"00000008","type":13107400,"locked":0,"sp_due":"00000000","rsp":"00000000","rs":"00000000","rdp":"00000000","next":"00000000","qvalid":0,"qcapacity":8,"thread":"8006cf70","tasks":0}
PDOBS {"n":274,"ev":"rsp_deferred","pc":"80035fd8","count":"6dee6329","frame":1,"a":"00000fa0","b":"00000000","sp":"00000243","mi":"00000000","mask":"0000003f","cause":"10000000","sr":"2400ff01","dp":"00000008","type":13107400,"locked":0,"sp_due":"6dee72c9","rsp":"00000000","rs":"00000000","rdp":"00000000","next":"00000000","qvalid":0,"qcapacity":8,"thread":"8006cf70","tasks":0}
PDOBS {"n":275,"ev":"rsp_exit","pc":"80035fd8","count":"6dee6329","frame":1,"a":"00000fa0","b":"00000000","sp":"00000040","mi":"00000000","mask":"0000003f","cause":"10000000","sr":"2400ff01","dp":"00000008","type":13107400,"locked":0,"sp_due":"6dee72c9","rsp":"00000000","rs":"00000000","rdp":"00000000","next":"00000000","qvalid":0,"qcapacity":8,"thread":"8006cf70","tasks":0}
PDOBS {"n":276,"ev":"sp_write_after","pc":"80035fd8","count":"6dee6329","frame":1,"a":"00000125","b":"ffffffff","sp":"00000040","mi":"00000000","mask":"0000003f","cause":"10000000","sr":"2400ff01","dp":"00000008","type":13107400,"locked":0,"sp_due":"6dee72c9","rsp":"00000000","rs":"00000000","rdp":"00000000","next":"00000000","qvalid":0,"qcapacity":8,"thread":"8006cf70","tasks":0}
PDOBS {"n":277,"ev":"sp_event","pc":"80033dc0","count":"6dee72e5","frame":1,"a":"00000000","b":"00000000","sp":"00000040","mi":"00000000","mask":"00000000","cause":"10000000","sr":"2400ff01","dp":"00000008","type":13107400,"locked":0,"sp_due":"00000000","rsp":"80210d08","rs":"00000000","rdp":"00000000","next":"00000000","qvalid":0,"qcapacity":8,"thread":"8006cf70","tasks":0}
PDOBS {"n":278,"ev":"mi_raise","pc":"80033dc0","count":"6dee72e5","frame":1,"a":"00000001","b":"00000000","sp":"00000243","mi":"00000000","mask":"00000000","cause":"10000000","sr":"2400ff01","dp":"00000008","type":13107400,"locked":0,"sp_due":"00000000","rsp":"80210d08","rs":"00000000","rdp":"00000000","next":"00000000","qvalid":0,"qcapacity":8,"thread":"8006cf70","tasks":0}
PDOBS {"n":279,"ev":"sp_write_before","pc":"80002fa4","count":"6dee7531","frame":1,"a":"00008008","b":"ffffffff","sp":"00000243","mi":"00000001","mask":"0000003f","cause":"10000400","sr":"2400ff00","dp":"00000008","type":13107400,"locked":0,"sp_due":"00000000","rsp":"80210d08","rs":"00000000","rdp":"00000000","next":"00000000","qvalid":0,"qcapacity":8,"thread":"8006cf70","tasks":0}
PDOBS {"n":280,"ev":"mi_clear","pc":"80002fa4","count":"6dee7531","frame":1,"a":"00000001","b":"00000000","sp":"00000243","mi":"00000001","mask":"0000003f","cause":"10000400","sr":"2400ff00","dp":"00000008","type":13107400,"locked":0,"sp_due":"00000000","rsp":"80210d08","rs":"00000000","rdp":"00000000","next":"00000000","qvalid":0,"qcapacity":8,"thread":"8006cf70","tasks":0}
PDOBS {"n":281,"ev":"sp_write_after","pc":"80002fa4","count":"6dee7531","frame":1,"a":"00008008","b":"ffffffff","sp":"00000243","mi":"00000000","mask":"0000003f","cause":"10000000","sr":"2400ff00","dp":"00000008","type":13107400,"locked":0,"sp_due":"00000000","rsp":"80210d08","rs":"00000000","rdp":"00000000","next":"00000000","qvalid":0,"qcapacity":8,"thread":"8006cf70","tasks":0}
PDOBS {"n":282,"ev":"guest_send","pc":"80003208","count":"6dee7545","frame":1,"a":"00000020","b":"8006b418","sp":"00000243","mi":"00000000","mask":"0000003f","cause":"10000000","sr":"2400ff00","dp":"00000008","type":13107400,"locked":0,"sp_due":"00000000","rsp":"80210d08","rs":"00000000","rdp":"00000000","next":"00000000","qvalid":0,"qcapacity":8,"thread":"8006cf70","tasks":0}
PDOBS {"n":283,"ev":"guest_fullcheck","pc":"80003230","count":"6dee7553","frame":1,"a":"00000020","b":"8006b418","sp":"00000243","mi":"00000000","mask":"0000003f","cause":"10000000","sr":"2400ff00","dp":"00000008","type":13107400,"locked":0,"sp_due":"00000000","rsp":"80210d08","rs":"00000000","rdp":"00000000","next":"00000000","qvalid":0,"qcapacity":8,"thread":"8006cf70","tasks":0}
PDOBS {"n":284,"ev":"guest_sp_handler","pc":"80001f68","count":"6dee776d","frame":1,"a":"8006b3d8","b":"80360718","sp":"00000243","mi":"00000000","mask":"0000003f","cause":"10000000","sr":"2400ff01","dp":"00000008","type":13107400,"locked":0,"sp_due":"00000000","rsp":"80210d08","rs":"00000000","rdp":"00000000","next":"00000000","qvalid":0,"qcapacity":8,"thread":"80068f90","tasks":0}
PDOBS {"n":285,"ev":"guest_complete","pc":"80001e50","count":"6dee779b","frame":1,"a":"8006b3d8","b":"80210d08","sp":"00000243","mi":"00000000","mask":"0000003f","cause":"10000000","sr":"2400ff01","dp":"00000008","type":13107400,"locked":0,"sp_due":"00000000","rsp":"00000000","rs":"00000000","rdp":"00000000","next":"00000000","qvalid":0,"qcapacity":8,"thread":"80068f90","tasks":0}
PDOBS {"n":286,"ev":"guest_exec","pc":"80001960","count":"6e0710dd","frame":1,"a":"8006b3d8","b":"80211968","sp":"00000243","mi":"00000000","mask":"0000003f","cause":"10000000","sr":"2400ff01","dp":"00000008","type":13107400,"locked":0,"sp_due":"00000000","rsp":"00000000","rs":"00000000","rdp":"00000000","next":"00000000","qvalid":0,"qcapacity":8,"thread":"8006cf70","tasks":0}
PDOBS {"n":287,"ev":"sp_write_before","pc":"80035fd8","count":"6e0722ab","frame":1,"a":"00002b00","b":"ffffffff","sp":"00000243","mi":"00000000","mask":"0000003f","cause":"10000000","sr":"2400ff01","dp":"00000008","type":13107400,"locked":0,"sp_due":"00000000","rsp":"00000000","rs":"00000000","rdp":"00000000","next":"00000000","qvalid":0,"qcapacity":8,"thread":"8006cf70","tasks":0}
PDOBS {"n":288,"ev":"sp_write_after","pc":"80035fd8","count":"6e0722ab","frame":1,"a":"00002b00","b":"ffffffff","sp":"00000043","mi":"00000000","mask":"0000003f","cause":"10000000","sr":"2400ff01","dp":"00000008","type":13107400,"locked":0,"sp_due":"00000000","rsp":"00000000","rs":"00000000","rdp":"00000000","next":"00000000","qvalid":0,"qcapacity":8,"thread":"8006cf70","tasks":0}
PDOBS {"n":289,"ev":"sp_write_before","pc":"80035fd8","count":"6e072403","frame":1,"a":"00000125","b":"ffffffff","sp":"00000043","mi":"00000000","mask":"0000003f","cause":"10000000","sr":"2400ff01","dp":"00000008","type":2,"locked":0,"sp_due":"00000000","rsp":"00000000","rs":"00000000","rdp":"00000000","next":"00000000","qvalid":0,"qcapacity":8,"thread":"8006cf70","tasks":0}
PDOBS {"n":290,"ev":"rsp_begin","pc":"80035fd8","count":"6e072403","frame":1,"a":"00000002","b":"04001000","sp":"00000040","mi":"00000000","mask":"0000003f","cause":"10000000","sr":"2400ff01","dp":"00000008","type":2,"locked":0,"sp_due":"00000000","rsp":"00000000","rs":"00000000","rdp":"00000000","next":"00000000","qvalid":0,"qcapacity":8,"thread":"8006cf70","tasks":0}
PDOBS {"n":291,"ev":"rsp_return","pc":"80035fd8","count":"6e072403","frame":1,"a":"00c800c8","b":"04001144","sp":"00000243","mi":"00000001","mask":"0000003f","cause":"10000400","sr":"2400ff01","dp":"00000008","type":13107400,"locked":0,"sp_due":"00000000","rsp":"00000000","rs":"00000000","rdp":"00000000","next":"00000000","qvalid":0,"qcapacity":8,"thread":"8006cf70","tasks":0}
PDOBS {"n":292,"ev":"mi_clear","pc":"80035fd8","count":"6e072407","frame":1,"a":"00000001","b":"00000000","sp":"00000243","mi":"00000001","mask":"0000003f","cause":"10000400","sr":"2400ff01","dp":"00000008","type":13107400,"locked":0,"sp_due":"00000000","rsp":"00000000","rs":"00000000","rdp":"00000000","next":"00000000","qvalid":0,"qcapacity":8,"thread":"8006cf70","tasks":0}
PDOBS {"n":293,"ev":"rsp_deferred","pc":"80035fd8","count":"6e072407","frame":1,"a":"00000fa0","b":"00000000","sp":"00000243","mi":"00000000","mask":"0000003f","cause":"10000000","sr":"2400ff01","dp":"00000008","type":13107400,"locked":0,"sp_due":"6e0733a7","rsp":"00000000","rs":"00000000","rdp":"00000000","next":"00000000","qvalid":0,"qcapacity":8,"thread":"8006cf70","tasks":0}
PDOBS {"n":294,"ev":"rsp_exit","pc":"80035fd8","count":"6e072407","frame":1,"a":"00000fa0","b":"00000000","sp":"00000040","mi":"00000000","mask":"0000003f","cause":"10000000","sr":"2400ff01","dp":"00000008","type":13107400,"locked":0,"sp_due":"6e0733a7","rsp":"00000000","rs":"00000000","rdp":"00000000","next":"00000000","qvalid":0,"qcapacity":8,"thread":"8006cf70","tasks":0}
PDOBS {"n":295,"ev":"sp_write_after","pc":"80035fd8","count":"6e072407","frame":1,"a":"00000125","b":"ffffffff","sp":"00000040","mi":"00000000","mask":"0000003f","cause":"10000000","sr":"2400ff01","dp":"00000008","type":13107400,"locked":0,"sp_due":"6e0733a7","rsp":"00000000","rs":"00000000","rdp":"00000000","next":"00000000","qvalid":0,"qcapacity":8,"thread":"8006cf70","tasks":0}
PDOBS {"n":296,"ev":"sp_event","pc":"80033dc0","count":"6e0733c3","frame":1,"a":"00000000","b":"00000000","sp":"00000040","mi":"00000000","mask":"00000000","cause":"10000000","sr":"2400ff01","dp":"00000008","type":13107400,"locked":0,"sp_due":"00000000","rsp":"80211968","rs":"00000000","rdp":"00000000","next":"00000000","qvalid":0,"qcapacity":8,"thread":"8006cf70","tasks":0}
PDOBS {"n":297,"ev":"mi_raise","pc":"80033dc0","count":"6e0733c3","frame":1,"a":"00000001","b":"00000000","sp":"00000243","mi":"00000000","mask":"00000000","cause":"10000000","sr":"2400ff01","dp":"00000008","type":13107400,"locked":0,"sp_due":"00000000","rsp":"80211968","rs":"00000000","rdp":"00000000","next":"00000000","qvalid":0,"qcapacity":8,"thread":"8006cf70","tasks":0}
PDOBS {"n":298,"ev":"sp_write_before","pc":"80002fa4","count":"6e07360f","frame":1,"a":"00008008","b":"ffffffff","sp":"00000243","mi":"00000001","mask":"0000003f","cause":"10000400","sr":"2400ff00","dp":"00000008","type":13107400,"locked":0,"sp_due":"00000000","rsp":"80211968","rs":"00000000","rdp":"00000000","next":"00000000","qvalid":0,"qcapacity":8,"thread":"8006cf70","tasks":0}
PDOBS {"n":299,"ev":"mi_clear","pc":"80002fa4","count":"6e07360f","frame":1,"a":"00000001","b":"00000000","sp":"00000243","mi":"00000001","mask":"0000003f","cause":"10000400","sr":"2400ff00","dp":"00000008","type":13107400,"locked":0,"sp_due":"00000000","rsp":"80211968","rs":"00000000","rdp":"00000000","next":"00000000","qvalid":0,"qcapacity":8,"thread":"8006cf70","tasks":0}
PDOBS {"n":300,"ev":"sp_write_after","pc":"80002fa4","count":"6e07360f","frame":1,"a":"00008008","b":"ffffffff","sp":"00000243","mi":"00000000","mask":"0000003f","cause":"10000000","sr":"2400ff00","dp":"00000008","type":13107400,"locked":0,"sp_due":"00000000","rsp":"80211968","rs":"00000000","rdp":"00000000","next":"00000000","qvalid":0,"qcapacity":8,"thread":"8006cf70","tasks":0}
PDOBS {"n":301,"ev":"guest_send","pc":"80003208","count":"6e073623","frame":1,"a":"00000020","b":"8006b418","sp":"00000243","mi":"00000000","mask":"0000003f","cause":"10000000","sr":"2400ff00","dp":"00000008","type":13107400,"locked":0,"sp_due":"00000000","rsp":"80211968","rs":"00000000","rdp":"00000000","next":"00000000","qvalid":0,"qcapacity":8,"thread":"8006cf70","tasks":0}
PDOBS {"n":302,"ev":"guest_fullcheck","pc":"80003230","count":"6e073631","frame":1,"a":"00000020","b":"8006b418","sp":"00000243","mi":"00000000","mask":"0000003f","cause":"10000000","sr":"2400ff00","dp":"00000008","type":13107400,"locked":0,"sp_due":"00000000","rsp":"80211968","rs":"00000000","rdp":"00000000","next":"00000000","qvalid":0,"qcapacity":8,"thread":"8006cf70","tasks":0}
PDOBS {"n":303,"ev":"guest_sp_handler","pc":"80001f68","count":"6e07384b","frame":1,"a":"8006b3d8","b":"80360718","sp":"00000243","mi":"00000000","mask":"0000003f","cause":"10000000","sr":"2400ff01","dp":"00000008","type":13107400,"locked":0,"sp_due":"00000000","rsp":"80211968","rs":"00000000","rdp":"00000000","next":"00000000","qvalid":0,"qcapacity":8,"thread":"80068f90","tasks":0}
PDOBS {"n":304,"ev":"guest_complete","pc":"80001e50","count":"6e073879","frame":1,"a":"8006b3d8","b":"80211968","sp":"00000243","mi":"00000000","mask":"0000003f","cause":"10000000","sr":"2400ff01","dp":"00000008","type":13107400,"locked":0,"sp_due":"00000000","rsp":"00000000","rs":"00000000","rdp":"00000000","next":"00000000","qvalid":0,"qcapacity":8,"thread":"80068f90","tasks":0}
PDOBS {"n":305,"ev":"guest_exec","pc":"80001960","count":"6e1fd1cb","frame":1,"a":"8006b3d8","b":"802125c8","sp":"00000243","mi":"00000000","mask":"0000003f","cause":"10000000","sr":"2400ff01","dp":"00000008","type":13107400,"locked":0,"sp_due":"00000000","rsp":"00000000","rs":"00000000","rdp":"00000000","next":"00000000","qvalid":0,"qcapacity":8,"thread":"8006cf70","tasks":0}
PDOBS {"n":306,"ev":"sp_write_before","pc":"80035fd8","count":"6e1fe399","frame":1,"a":"00002b00","b":"ffffffff","sp":"00000243","mi":"00000000","mask":"0000003f","cause":"10000000","sr":"2400ff01","dp":"00000008","type":13107400,"locked":0,"sp_due":"00000000","rsp":"00000000","rs":"00000000","rdp":"00000000","next":"00000000","qvalid":0,"qcapacity":8,"thread":"8006cf70","tasks":0}
PDOBS {"n":307,"ev":"sp_write_after","pc":"80035fd8","count":"6e1fe399","frame":1,"a":"00002b00","b":"ffffffff","sp":"00000043","mi":"00000000","mask":"0000003f","cause":"10000000","sr":"2400ff01","dp":"00000008","type":13107400,"locked":0,"sp_due":"00000000","rsp":"00000000","rs":"00000000","rdp":"00000000","next":"00000000","qvalid":0,"qcapacity":8,"thread":"8006cf70","tasks":0}
PDOBS {"n":308,"ev":"sp_write_before","pc":"80035fd8","count":"6e1fe4f1","frame":1,"a":"00000125","b":"ffffffff","sp":"00000043","mi":"00000000","mask":"0000003f","cause":"10000000","sr":"2400ff01","dp":"00000008","type":2,"locked":0,"sp_due":"00000000","rsp":"00000000","rs":"00000000","rdp":"00000000","next":"00000000","qvalid":0,"qcapacity":8,"thread":"8006cf70","tasks":0}
PDOBS {"n":309,"ev":"rsp_begin","pc":"80035fd8","count":"6e1fe4f1","frame":1,"a":"00000002","b":"04001000","sp":"00000040","mi":"00000000","mask":"0000003f","cause":"10000000","sr":"2400ff01","dp":"00000008","type":2,"locked":0,"sp_due":"00000000","rsp":"00000000","rs":"00000000","rdp":"00000000","next":"00000000","qvalid":0,"qcapacity":8,"thread":"8006cf70","tasks":0}
PDOBS {"n":310,"ev":"rsp_return","pc":"80035fd8","count":"6e1fe4f1","frame":1,"a":"00c800c8","b":"04001144","sp":"00000243","mi":"00000001","mask":"0000003f","cause":"10000400","sr":"2400ff01","dp":"00000008","type":13107400,"locked":0,"sp_due":"00000000","rsp":"00000000","rs":"00000000","rdp":"00000000","next":"00000000","qvalid":0,"qcapacity":8,"thread":"8006cf70","tasks":0}
PDOBS {"n":311,"ev":"mi_clear","pc":"80035fd8","count":"6e1fe4f5","frame":1,"a":"00000001","b":"00000000","sp":"00000243","mi":"00000001","mask":"0000003f","cause":"10000400","sr":"2400ff01","dp":"00000008","type":13107400,"locked":0,"sp_due":"00000000","rsp":"00000000","rs":"00000000","rdp":"00000000","next":"00000000","qvalid":0,"qcapacity":8,"thread":"8006cf70","tasks":0}
PDOBS {"n":312,"ev":"rsp_deferred","pc":"80035fd8","count":"6e1fe4f5","frame":1,"a":"00000fa0","b":"00000000","sp":"00000243","mi":"00000000","mask":"0000003f","cause":"10000000","sr":"2400ff01","dp":"00000008","type":13107400,"locked":0,"sp_due":"6e1ff495","rsp":"00000000","rs":"00000000","rdp":"00000000","next":"00000000","qvalid":0,"qcapacity":8,"thread":"8006cf70","tasks":0}
PDOBS {"n":313,"ev":"rsp_exit","pc":"80035fd8","count":"6e1fe4f5","frame":1,"a":"00000fa0","b":"00000000","sp":"00000040","mi":"00000000","mask":"0000003f","cause":"10000000","sr":"2400ff01","dp":"00000008","type":13107400,"locked":0,"sp_due":"6e1ff495","rsp":"00000000","rs":"00000000","rdp":"00000000","next":"00000000","qvalid":0,"qcapacity":8,"thread":"8006cf70","tasks":0}
PDOBS {"n":314,"ev":"sp_write_after","pc":"80035fd8","count":"6e1fe4f5","frame":1,"a":"00000125","b":"ffffffff","sp":"00000040","mi":"00000000","mask":"0000003f","cause":"10000000","sr":"2400ff01","dp":"00000008","type":13107400,"locked":0,"sp_due":"6e1ff495","rsp":"00000000","rs":"00000000","rdp":"00000000","next":"00000000","qvalid":0,"qcapacity":8,"thread":"8006cf70","tasks":0}
PDOBS {"n":315,"ev":"sp_event","pc":"80033dc0","count":"6e1ff4b1","frame":1,"a":"00000000","b":"00000000","sp":"00000040","mi":"00000000","mask":"00000000","cause":"10000000","sr":"2400ff01","dp":"00000008","type":13107400,"locked":0,"sp_due":"00000000","rsp":"802125c8","rs":"00000000","rdp":"00000000","next":"00000000","qvalid":0,"qcapacity":8,"thread":"8006cf70","tasks":0}
PDOBS {"n":316,"ev":"mi_raise","pc":"80033dc0","count":"6e1ff4b1","frame":1,"a":"00000001","b":"00000000","sp":"00000243","mi":"00000000","mask":"00000000","cause":"10000000","sr":"2400ff01","dp":"00000008","type":13107400,"locked":0,"sp_due":"00000000","rsp":"802125c8","rs":"00000000","rdp":"00000000","next":"00000000","qvalid":0,"qcapacity":8,"thread":"8006cf70","tasks":0}
PDOBS {"n":317,"ev":"sp_write_before","pc":"80002fa4","count":"6e1ff6fd","frame":1,"a":"00008008","b":"ffffffff","sp":"00000243","mi":"00000001","mask":"0000003f","cause":"10000400","sr":"2400ff00","dp":"00000008","type":13107400,"locked":0,"sp_due":"00000000","rsp":"802125c8","rs":"00000000","rdp":"00000000","next":"00000000","qvalid":0,"qcapacity":8,"thread":"8006cf70","tasks":0}
PDOBS {"n":318,"ev":"mi_clear","pc":"80002fa4","count":"6e1ff6fd","frame":1,"a":"00000001","b":"00000000","sp":"00000243","mi":"00000001","mask":"0000003f","cause":"10000400","sr":"2400ff00","dp":"00000008","type":13107400,"locked":0,"sp_due":"00000000","rsp":"802125c8","rs":"00000000","rdp":"00000000","next":"00000000","qvalid":0,"qcapacity":8,"thread":"8006cf70","tasks":0}
PDOBS {"n":319,"ev":"sp_write_after","pc":"80002fa4","count":"6e1ff6fd","frame":1,"a":"00008008","b":"ffffffff","sp":"00000243","mi":"00000000","mask":"0000003f","cause":"10000000","sr":"2400ff00","dp":"00000008","type":13107400,"locked":0,"sp_due":"00000000","rsp":"802125c8","rs":"00000000","rdp":"00000000","next":"00000000","qvalid":0,"qcapacity":8,"thread":"8006cf70","tasks":0}
PDOBS {"n":320,"ev":"guest_send","pc":"80003208","count":"6e1ff711","frame":1,"a":"00000020","b":"8006b418","sp":"00000243","mi":"00000000","mask":"0000003f","cause":"10000000","sr":"2400ff00","dp":"00000008","type":13107400,"locked":0,"sp_due":"00000000","rsp":"802125c8","rs":"00000000","rdp":"00000000","next":"00000000","qvalid":0,"qcapacity":8,"thread":"8006cf70","tasks":0}
PDOBS {"n":321,"ev":"guest_fullcheck","pc":"80003230","count":"6e1ff71f","frame":1,"a":"00000020","b":"8006b418","sp":"00000243","mi":"00000000","mask":"0000003f","cause":"10000000","sr":"2400ff00","dp":"00000008","type":13107400,"locked":0,"sp_due":"00000000","rsp":"802125c8","rs":"00000000","rdp":"00000000","next":"00000000","qvalid":0,"qcapacity":8,"thread":"8006cf70","tasks":0}
PDOBS {"n":322,"ev":"guest_sp_handler","pc":"80001f68","count":"6e1ff939","frame":1,"a":"8006b3d8","b":"80360718","sp":"00000243","mi":"00000000","mask":"0000003f","cause":"10000000","sr":"2400ff01","dp":"00000008","type":13107400,"locked":0,"sp_due":"00000000","rsp":"802125c8","rs":"00000000","rdp":"00000000","next":"00000000","qvalid":0,"qcapacity":8,"thread":"80068f90","tasks":0}
PDOBS {"n":323,"ev":"guest_complete","pc":"80001e50","count":"6e1ff967","frame":1,"a":"8006b3d8","b":"802125c8","sp":"00000243","mi":"00000000","mask":"0000003f","cause":"10000000","sr":"2400ff01","dp":"00000008","type":13107400,"locked":0,"sp_due":"00000000","rsp":"00000000","rs":"00000000","rdp":"00000000","next":"00000000","qvalid":0,"qcapacity":8,"thread":"80068f90","tasks":0}
PDOBS {"n":324,"ev":"guest_exec","pc":"80001960","count":"6e38929d","frame":1,"a":"8006b3d8","b":"80210d08","sp":"00000243","mi":"00000000","mask":"0000003f","cause":"10000000","sr":"2400ff01","dp":"00000008","type":13107400,"locked":0,"sp_due":"00000000","rsp":"00000000","rs":"00000000","rdp":"00000000","next":"00000000","qvalid":0,"qcapacity":8,"thread":"8006cf70","tasks":0}
PDOBS {"n":325,"ev":"sp_write_before","pc":"80035fd8","count":"6e38a46b","frame":1,"a":"00002b00","b":"ffffffff","sp":"00000243","mi":"00000000","mask":"0000003f","cause":"10000000","sr":"2400ff01","dp":"00000008","type":13107400,"locked":0,"sp_due":"00000000","rsp":"00000000","rs":"00000000","rdp":"00000000","next":"00000000","qvalid":0,"qcapacity":8,"thread":"8006cf70","tasks":0}
PDOBS {"n":326,"ev":"sp_write_after","pc":"80035fd8","count":"6e38a46b","frame":1,"a":"00002b00","b":"ffffffff","sp":"00000043","mi":"00000000","mask":"0000003f","cause":"10000000","sr":"2400ff01","dp":"00000008","type":13107400,"locked":0,"sp_due":"00000000","rsp":"00000000","rs":"00000000","rdp":"00000000","next":"00000000","qvalid":0,"qcapacity":8,"thread":"8006cf70","tasks":0}
PDOBS {"n":327,"ev":"sp_write_before","pc":"80035fd8","count":"6e38a5c3","frame":1,"a":"00000125","b":"ffffffff","sp":"00000043","mi":"00000000","mask":"0000003f","cause":"10000000","sr":"2400ff01","dp":"00000008","type":2,"locked":0,"sp_due":"00000000","rsp":"00000000","rs":"00000000","rdp":"00000000","next":"00000000","qvalid":0,"qcapacity":8,"thread":"8006cf70","tasks":0}
PDOBS {"n":328,"ev":"rsp_begin","pc":"80035fd8","count":"6e38a5c3","frame":1,"a":"00000002","b":"04001000","sp":"00000040","mi":"00000000","mask":"0000003f","cause":"10000000","sr":"2400ff01","dp":"00000008","type":2,"locked":0,"sp_due":"00000000","rsp":"00000000","rs":"00000000","rdp":"00000000","next":"00000000","qvalid":0,"qcapacity":8,"thread":"8006cf70","tasks":0}
PDOBS {"n":329,"ev":"rsp_return","pc":"80035fd8","count":"6e38a5c3","frame":1,"a":"00c800c8","b":"04001144","sp":"00000243","mi":"00000001","mask":"0000003f","cause":"10000400","sr":"2400ff01","dp":"00000008","type":13107400,"locked":0,"sp_due":"00000000","rsp":"00000000","rs":"00000000","rdp":"00000000","next":"00000000","qvalid":0,"qcapacity":8,"thread":"8006cf70","tasks":0}
PDOBS {"n":330,"ev":"mi_clear","pc":"80035fd8","count":"6e38a5c7","frame":1,"a":"00000001","b":"00000000","sp":"00000243","mi":"00000001","mask":"0000003f","cause":"10000400","sr":"2400ff01","dp":"00000008","type":13107400,"locked":0,"sp_due":"00000000","rsp":"00000000","rs":"00000000","rdp":"00000000","next":"00000000","qvalid":0,"qcapacity":8,"thread":"8006cf70","tasks":0}
PDOBS {"n":331,"ev":"rsp_deferred","pc":"80035fd8","count":"6e38a5c7","frame":1,"a":"00000fa0","b":"00000000","sp":"00000243","mi":"00000000","mask":"0000003f","cause":"10000000","sr":"2400ff01","dp":"00000008","type":13107400,"locked":0,"sp_due":"6e38b567","rsp":"00000000","rs":"00000000","rdp":"00000000","next":"00000000","qvalid":0,"qcapacity":8,"thread":"8006cf70","tasks":0}
PDOBS {"n":332,"ev":"rsp_exit","pc":"80035fd8","count":"6e38a5c7","frame":1,"a":"00000fa0","b":"00000000","sp":"00000040","mi":"00000000","mask":"0000003f","cause":"10000000","sr":"2400ff01","dp":"00000008","type":13107400,"locked":0,"sp_due":"6e38b567","rsp":"00000000","rs":"00000000","rdp":"00000000","next":"00000000","qvalid":0,"qcapacity":8,"thread":"8006cf70","tasks":0}
PDOBS {"n":333,"ev":"sp_write_after","pc":"80035fd8","count":"6e38a5c7","frame":1,"a":"00000125","b":"ffffffff","sp":"00000040","mi":"00000000","mask":"0000003f","cause":"10000000","sr":"2400ff01","dp":"00000008","type":13107400,"locked":0,"sp_due":"6e38b567","rsp":"00000000","rs":"00000000","rdp":"00000000","next":"00000000","qvalid":0,"qcapacity":8,"thread":"8006cf70","tasks":0}
PDOBS {"n":334,"ev":"sp_event","pc":"80033dc0","count":"6e38b583","frame":1,"a":"00000000","b":"00000000","sp":"00000040","mi":"00000000","mask":"00000000","cause":"10000000","sr":"2400ff01","dp":"00000008","type":13107400,"locked":0,"sp_due":"00000000","rsp":"80210d08","rs":"00000000","rdp":"00000000","next":"00000000","qvalid":0,"qcapacity":8,"thread":"8006cf70","tasks":0}
PDOBS {"n":335,"ev":"mi_raise","pc":"80033dc0","count":"6e38b583","frame":1,"a":"00000001","b":"00000000","sp":"00000243","mi":"00000000","mask":"00000000","cause":"10000000","sr":"2400ff01","dp":"00000008","type":13107400,"locked":0,"sp_due":"00000000","rsp":"80210d08","rs":"00000000","rdp":"00000000","next":"00000000","qvalid":0,"qcapacity":8,"thread":"8006cf70","tasks":0}
PDOBS {"n":336,"ev":"sp_write_before","pc":"80002fa4","count":"6e38b7cf","frame":1,"a":"00008008","b":"ffffffff","sp":"00000243","mi":"00000001","mask":"0000003f","cause":"10000400","sr":"2400ff00","dp":"00000008","type":13107400,"locked":0,"sp_due":"00000000","rsp":"80210d08","rs":"00000000","rdp":"00000000","next":"00000000","qvalid":0,"qcapacity":8,"thread":"8006cf70","tasks":0}
PDOBS {"n":337,"ev":"mi_clear","pc":"80002fa4","count":"6e38b7cf","frame":1,"a":"00000001","b":"00000000","sp":"00000243","mi":"00000001","mask":"0000003f","cause":"10000400","sr":"2400ff00","dp":"00000008","type":13107400,"locked":0,"sp_due":"00000000","rsp":"80210d08","rs":"00000000","rdp":"00000000","next":"00000000","qvalid":0,"qcapacity":8,"thread":"8006cf70","tasks":0}
PDOBS {"n":338,"ev":"sp_write_after","pc":"80002fa4","count":"6e38b7cf","frame":1,"a":"00008008","b":"ffffffff","sp":"00000243","mi":"00000000","mask":"0000003f","cause":"10000000","sr":"2400ff00","dp":"00000008","type":13107400,"locked":0,"sp_due":"00000000","rsp":"80210d08","rs":"00000000","rdp":"00000000","next":"00000000","qvalid":0,"qcapacity":8,"thread":"8006cf70","tasks":0}
PDOBS {"n":339,"ev":"guest_send","pc":"80003208","count":"6e38b7e3","frame":1,"a":"00000020","b":"8006b418","sp":"00000243","mi":"00000000","mask":"0000003f","cause":"10000000","sr":"2400ff00","dp":"00000008","type":13107400,"locked":0,"sp_due":"00000000","rsp":"80210d08","rs":"00000000","rdp":"00000000","next":"00000000","qvalid":0,"qcapacity":8,"thread":"8006cf70","tasks":0}
PDOBS {"n":340,"ev":"guest_fullcheck","pc":"80003230","count":"6e38b7f1","frame":1,"a":"00000020","b":"8006b418","sp":"00000243","mi":"00000000","mask":"0000003f","cause":"10000000","sr":"2400ff00","dp":"00000008","type":13107400,"locked":0,"sp_due":"00000000","rsp":"80210d08","rs":"00000000","rdp":"00000000","next":"00000000","qvalid":0,"qcapacity":8,"thread":"8006cf70","tasks":0}
PDOBS {"n":341,"ev":"guest_sp_handler","pc":"80001f68","count":"6e38ba0b","frame":1,"a":"8006b3d8","b":"80360718","sp":"00000243","mi":"00000000","mask":"0000003f","cause":"10000000","sr":"2400ff01","dp":"00000008","type":13107400,"locked":0,"sp_due":"00000000","rsp":"80210d08","rs":"00000000","rdp":"00000000","next":"00000000","qvalid":0,"qcapacity":8,"thread":"80068f90","tasks":0}
PDOBS {"n":342,"ev":"guest_complete","pc":"80001e50","count":"6e38ba39","frame":1,"a":"8006b3d8","b":"80210d08","sp":"00000243","mi":"00000000","mask":"0000003f","cause":"10000000","sr":"2400ff01","dp":"00000008","type":13107400,"locked":0,"sp_due":"00000000","rsp":"00000000","rs":"00000000","rdp":"00000000","next":"00000000","qvalid":0,"qcapacity":8,"thread":"80068f90","tasks":0}
PDOBS {"n":343,"ev":"guest_exec","pc":"80001960","count":"6e5153c7","frame":1,"a":"8006b3d8","b":"80211968","sp":"00000243","mi":"00000000","mask":"0000003f","cause":"10000000","sr":"2400ff01","dp":"00000008","type":13107400,"locked":0,"sp_due":"00000000","rsp":"00000000","rs":"00000000","rdp":"00000000","next":"00000000","qvalid":0,"qcapacity":8,"thread":"8006cf70","tasks":0}
PDOBS {"n":344,"ev":"sp_write_before","pc":"80035fd8","count":"6e516595","frame":1,"a":"00002b00","b":"ffffffff","sp":"00000243","mi":"00000000","mask":"0000003f","cause":"10000000","sr":"2400ff01","dp":"00000008","type":13107400,"locked":0,"sp_due":"00000000","rsp":"00000000","rs":"00000000","rdp":"00000000","next":"00000000","qvalid":0,"qcapacity":8,"thread":"8006cf70","tasks":0}
PDOBS {"n":345,"ev":"sp_write_after","pc":"80035fd8","count":"6e516595","frame":1,"a":"00002b00","b":"ffffffff","sp":"00000043","mi":"00000000","mask":"0000003f","cause":"10000000","sr":"2400ff01","dp":"00000008","type":13107400,"locked":0,"sp_due":"00000000","rsp":"00000000","rs":"00000000","rdp":"00000000","next":"00000000","qvalid":0,"qcapacity":8,"thread":"8006cf70","tasks":0}
PDOBS {"n":346,"ev":"sp_write_before","pc":"80035fd8","count":"6e5166ed","frame":1,"a":"00000125","b":"ffffffff","sp":"00000043","mi":"00000000","mask":"0000003f","cause":"10000000","sr":"2400ff01","dp":"00000008","type":2,"locked":0,"sp_due":"00000000","rsp":"00000000","rs":"00000000","rdp":"00000000","next":"00000000","qvalid":0,"qcapacity":8,"thread":"8006cf70","tasks":0}
PDOBS {"n":347,"ev":"rsp_begin","pc":"80035fd8","count":"6e5166ed","frame":1,"a":"00000002","b":"04001000","sp":"00000040","mi":"00000000","mask":"0000003f","cause":"10000000","sr":"2400ff01","dp":"00000008","type":2,"locked":0,"sp_due":"00000000","rsp":"00000000","rs":"00000000","rdp":"00000000","next":"00000000","qvalid":0,"qcapacity":8,"thread":"8006cf70","tasks":0}
PDOBS {"n":348,"ev":"rsp_return","pc":"80035fd8","count":"6e5166ed","frame":1,"a":"00c800c8","b":"04001144","sp":"00000243","mi":"00000001","mask":"0000003f","cause":"10000400","sr":"2400ff01","dp":"00000008","type":13107400,"locked":0,"sp_due":"00000000","rsp":"00000000","rs":"00000000","rdp":"00000000","next":"00000000","qvalid":0,"qcapacity":8,"thread":"8006cf70","tasks":0}
PDOBS {"n":349,"ev":"mi_clear","pc":"80035fd8","count":"6e5166f1","frame":1,"a":"00000001","b":"00000000","sp":"00000243","mi":"00000001","mask":"0000003f","cause":"10000400","sr":"2400ff01","dp":"00000008","type":13107400,"locked":0,"sp_due":"00000000","rsp":"00000000","rs":"00000000","rdp":"00000000","next":"00000000","qvalid":0,"qcapacity":8,"thread":"8006cf70","tasks":0}
PDOBS {"n":350,"ev":"rsp_deferred","pc":"80035fd8","count":"6e5166f1","frame":1,"a":"00000fa0","b":"00000000","sp":"00000243","mi":"00000000","mask":"0000003f","cause":"10000000","sr":"2400ff01","dp":"00000008","type":13107400,"locked":0,"sp_due":"6e517691","rsp":"00000000","rs":"00000000","rdp":"00000000","next":"00000000","qvalid":0,"qcapacity":8,"thread":"8006cf70","tasks":0}
PDOBS {"n":351,"ev":"rsp_exit","pc":"80035fd8","count":"6e5166f1","frame":1,"a":"00000fa0","b":"00000000","sp":"00000040","mi":"00000000","mask":"0000003f","cause":"10000000","sr":"2400ff01","dp":"00000008","type":13107400,"locked":0,"sp_due":"6e517691","rsp":"00000000","rs":"00000000","rdp":"00000000","next":"00000000","qvalid":0,"qcapacity":8,"thread":"8006cf70","tasks":0}
PDOBS {"n":352,"ev":"sp_write_after","pc":"80035fd8","count":"6e5166f1","frame":1,"a":"00000125","b":"ffffffff","sp":"00000040","mi":"00000000","mask":"0000003f","cause":"10000000","sr":"2400ff01","dp":"00000008","type":13107400,"locked":0,"sp_due":"6e517691","rsp":"00000000","rs":"00000000","rdp":"00000000","next":"00000000","qvalid":0,"qcapacity":8,"thread":"8006cf70","tasks":0}
PDOBS {"n":353,"ev":"sp_event","pc":"80033dc0","count":"6e5176ad","frame":1,"a":"00000000","b":"00000000","sp":"00000040","mi":"00000000","mask":"00000000","cause":"10000000","sr":"2400ff01","dp":"00000008","type":13107400,"locked":0,"sp_due":"00000000","rsp":"80211968","rs":"00000000","rdp":"00000000","next":"00000000","qvalid":0,"qcapacity":8,"thread":"8006cf70","tasks":0}
PDOBS {"n":354,"ev":"mi_raise","pc":"80033dc0","count":"6e5176ad","frame":1,"a":"00000001","b":"00000000","sp":"00000243","mi":"00000000","mask":"00000000","cause":"10000000","sr":"2400ff01","dp":"00000008","type":13107400,"locked":0,"sp_due":"00000000","rsp":"80211968","rs":"00000000","rdp":"00000000","next":"00000000","qvalid":0,"qcapacity":8,"thread":"8006cf70","tasks":0}
PDOBS {"n":355,"ev":"sp_write_before","pc":"80002fa4","count":"6e5178f9","frame":1,"a":"00008008","b":"ffffffff","sp":"00000243","mi":"00000001","mask":"0000003f","cause":"10000400","sr":"2400ff00","dp":"00000008","type":13107400,"locked":0,"sp_due":"00000000","rsp":"80211968","rs":"00000000","rdp":"00000000","next":"00000000","qvalid":0,"qcapacity":8,"thread":"8006cf70","tasks":0}
PDOBS {"n":356,"ev":"mi_clear","pc":"80002fa4","count":"6e5178f9","frame":1,"a":"00000001","b":"00000000","sp":"00000243","mi":"00000001","mask":"0000003f","cause":"10000400","sr":"2400ff00","dp":"00000008","type":13107400,"locked":0,"sp_due":"00000000","rsp":"80211968","rs":"00000000","rdp":"00000000","next":"00000000","qvalid":0,"qcapacity":8,"thread":"8006cf70","tasks":0}
PDOBS {"n":357,"ev":"sp_write_after","pc":"80002fa4","count":"6e5178f9","frame":1,"a":"00008008","b":"ffffffff","sp":"00000243","mi":"00000000","mask":"0000003f","cause":"10000000","sr":"2400ff00","dp":"00000008","type":13107400,"locked":0,"sp_due":"00000000","rsp":"80211968","rs":"00000000","rdp":"00000000","next":"00000000","qvalid":0,"qcapacity":8,"thread":"8006cf70","tasks":0}
PDOBS {"n":358,"ev":"guest_send","pc":"80003208","count":"6e51790d","frame":1,"a":"00000020","b":"8006b418","sp":"00000243","mi":"00000000","mask":"0000003f","cause":"10000000","sr":"2400ff00","dp":"00000008","type":13107400,"locked":0,"sp_due":"00000000","rsp":"80211968","rs":"00000000","rdp":"00000000","next":"00000000","qvalid":0,"qcapacity":8,"thread":"8006cf70","tasks":0}
PDOBS {"n":359,"ev":"guest_fullcheck","pc":"80003230","count":"6e51791b","frame":1,"a":"00000020","b":"8006b418","sp":"00000243","mi":"00000000","mask":"0000003f","cause":"10000000","sr":"2400ff00","dp":"00000008","type":13107400,"locked":0,"sp_due":"00000000","rsp":"80211968","rs":"00000000","rdp":"00000000","next":"00000000","qvalid":0,"qcapacity":8,"thread":"8006cf70","tasks":0}
PDOBS {"n":360,"ev":"guest_sp_handler","pc":"80001f68","count":"6e517b39","frame":1,"a":"8006b3d8","b":"80360718","sp":"00000243","mi":"00000000","mask":"0000003f","cause":"10000000","sr":"2400ff01","dp":"00000008","type":13107400,"locked":0,"sp_due":"00000000","rsp":"80211968","rs":"00000000","rdp":"00000000","next":"00000000","qvalid":0,"qcapacity":8,"thread":"80068f90","tasks":0}
PDOBS {"n":361,"ev":"guest_complete","pc":"80001e50","count":"6e517b67","frame":1,"a":"8006b3d8","b":"80211968","sp":"00000243","mi":"00000000","mask":"0000003f","cause":"10000000","sr":"2400ff01","dp":"00000008","type":13107400,"locked":0,"sp_due":"00000000","rsp":"00000000","rs":"00000000","rdp":"00000000","next":"00000000","qvalid":0,"qcapacity":8,"thread":"80068f90","tasks":0}
PDOBS {"n":362,"ev":"guest_exec","pc":"80001960","count":"6e6a1483","frame":1,"a":"8006b3d8","b":"802125c8","sp":"00000243","mi":"00000000","mask":"0000003f","cause":"10000000","sr":"2400ff01","dp":"00000008","type":13107400,"locked":0,"sp_due":"00000000","rsp":"00000000","rs":"00000000","rdp":"00000000","next":"00000000","qvalid":0,"qcapacity":8,"thread":"8006cf70","tasks":0}
PDOBS {"n":363,"ev":"sp_write_before","pc":"80035fd8","count":"6e6a2651","frame":1,"a":"00002b00","b":"ffffffff","sp":"00000243","mi":"00000000","mask":"0000003f","cause":"10000000","sr":"2400ff01","dp":"00000008","type":13107400,"locked":0,"sp_due":"00000000","rsp":"00000000","rs":"00000000","rdp":"00000000","next":"00000000","qvalid":0,"qcapacity":8,"thread":"8006cf70","tasks":0}
PDOBS {"n":364,"ev":"sp_write_after","pc":"80035fd8","count":"6e6a2651","frame":1,"a":"00002b00","b":"ffffffff","sp":"00000043","mi":"00000000","mask":"0000003f","cause":"10000000","sr":"2400ff01","dp":"00000008","type":13107400,"locked":0,"sp_due":"00000000","rsp":"00000000","rs":"00000000","rdp":"00000000","next":"00000000","qvalid":0,"qcapacity":8,"thread":"8006cf70","tasks":0}
PDOBS {"n":365,"ev":"sp_write_before","pc":"80035fd8","count":"6e6a27a9","frame":1,"a":"00000125","b":"ffffffff","sp":"00000043","mi":"00000000","mask":"0000003f","cause":"10000000","sr":"2400ff01","dp":"00000008","type":2,"locked":0,"sp_due":"00000000","rsp":"00000000","rs":"00000000","rdp":"00000000","next":"00000000","qvalid":0,"qcapacity":8,"thread":"8006cf70","tasks":0}
PDOBS {"n":366,"ev":"rsp_begin","pc":"80035fd8","count":"6e6a27a9","frame":1,"a":"00000002","b":"04001000","sp":"00000040","mi":"00000000","mask":"0000003f","cause":"10000000","sr":"2400ff01","dp":"00000008","type":2,"locked":0,"sp_due":"00000000","rsp":"00000000","rs":"00000000","rdp":"00000000","next":"00000000","qvalid":0,"qcapacity":8,"thread":"8006cf70","tasks":0}
PDOBS {"n":367,"ev":"rsp_return","pc":"80035fd8","count":"6e6a27a9","frame":1,"a":"00c800c8","b":"04001144","sp":"00000243","mi":"00000001","mask":"0000003f","cause":"10000400","sr":"2400ff01","dp":"00000008","type":13107400,"locked":0,"sp_due":"00000000","rsp":"00000000","rs":"00000000","rdp":"00000000","next":"00000000","qvalid":0,"qcapacity":8,"thread":"8006cf70","tasks":0}
PDOBS {"n":368,"ev":"mi_clear","pc":"80035fd8","count":"6e6a27ad","frame":1,"a":"00000001","b":"00000000","sp":"00000243","mi":"00000001","mask":"0000003f","cause":"10000400","sr":"2400ff01","dp":"00000008","type":13107400,"locked":0,"sp_due":"00000000","rsp":"00000000","rs":"00000000","rdp":"00000000","next":"00000000","qvalid":0,"qcapacity":8,"thread":"8006cf70","tasks":0}
PDOBS {"n":369,"ev":"rsp_deferred","pc":"80035fd8","count":"6e6a27ad","frame":1,"a":"00000fa0","b":"00000000","sp":"00000243","mi":"00000000","mask":"0000003f","cause":"10000000","sr":"2400ff01","dp":"00000008","type":13107400,"locked":0,"sp_due":"6e6a374d","rsp":"00000000","rs":"00000000","rdp":"00000000","next":"00000000","qvalid":0,"qcapacity":8,"thread":"8006cf70","tasks":0}
PDOBS {"n":370,"ev":"rsp_exit","pc":"80035fd8","count":"6e6a27ad","frame":1,"a":"00000fa0","b":"00000000","sp":"00000040","mi":"00000000","mask":"0000003f","cause":"10000000","sr":"2400ff01","dp":"00000008","type":13107400,"locked":0,"sp_due":"6e6a374d","rsp":"00000000","rs":"00000000","rdp":"00000000","next":"00000000","qvalid":0,"qcapacity":8,"thread":"8006cf70","tasks":0}
PDOBS {"n":371,"ev":"sp_write_after","pc":"80035fd8","count":"6e6a27ad","frame":1,"a":"00000125","b":"ffffffff","sp":"00000040","mi":"00000000","mask":"0000003f","cause":"10000000","sr":"2400ff01","dp":"00000008","type":13107400,"locked":0,"sp_due":"6e6a374d","rsp":"00000000","rs":"00000000","rdp":"00000000","next":"00000000","qvalid":0,"qcapacity":8,"thread":"8006cf70","tasks":0}
PDOBS {"n":372,"ev":"sp_event","pc":"80033dc0","count":"6e6a3769","frame":1,"a":"00000000","b":"00000000","sp":"00000040","mi":"00000000","mask":"00000000","cause":"10000000","sr":"2400ff01","dp":"00000008","type":13107400,"locked":0,"sp_due":"00000000","rsp":"802125c8","rs":"00000000","rdp":"00000000","next":"00000000","qvalid":0,"qcapacity":8,"thread":"8006cf70","tasks":0}
PDOBS {"n":373,"ev":"mi_raise","pc":"80033dc0","count":"6e6a3769","frame":1,"a":"00000001","b":"00000000","sp":"00000243","mi":"00000000","mask":"00000000","cause":"10000000","sr":"2400ff01","dp":"00000008","type":13107400,"locked":0,"sp_due":"00000000","rsp":"802125c8","rs":"00000000","rdp":"00000000","next":"00000000","qvalid":0,"qcapacity":8,"thread":"8006cf70","tasks":0}
PDOBS {"n":374,"ev":"sp_write_before","pc":"80002fa4","count":"6e6a39b5","frame":1,"a":"00008008","b":"ffffffff","sp":"00000243","mi":"00000001","mask":"0000003f","cause":"10000400","sr":"2400ff00","dp":"00000008","type":13107400,"locked":0,"sp_due":"00000000","rsp":"802125c8","rs":"00000000","rdp":"00000000","next":"00000000","qvalid":0,"qcapacity":8,"thread":"8006cf70","tasks":0}
PDOBS {"n":375,"ev":"mi_clear","pc":"80002fa4","count":"6e6a39b5","frame":1,"a":"00000001","b":"00000000","sp":"00000243","mi":"00000001","mask":"0000003f","cause":"10000400","sr":"2400ff00","dp":"00000008","type":13107400,"locked":0,"sp_due":"00000000","rsp":"802125c8","rs":"00000000","rdp":"00000000","next":"00000000","qvalid":0,"qcapacity":8,"thread":"8006cf70","tasks":0}
PDOBS {"n":376,"ev":"sp_write_after","pc":"80002fa4","count":"6e6a39b5","frame":1,"a":"00008008","b":"ffffffff","sp":"00000243","mi":"00000000","mask":"0000003f","cause":"10000000","sr":"2400ff00","dp":"00000008","type":13107400,"locked":0,"sp_due":"00000000","rsp":"802125c8","rs":"00000000","rdp":"00000000","next":"00000000","qvalid":0,"qcapacity":8,"thread":"8006cf70","tasks":0}
PDOBS {"n":377,"ev":"guest_send","pc":"80003208","count":"6e6a39c9","frame":1,"a":"00000020","b":"8006b418","sp":"00000243","mi":"00000000","mask":"0000003f","cause":"10000000","sr":"2400ff00","dp":"00000008","type":13107400,"locked":0,"sp_due":"00000000","rsp":"802125c8","rs":"00000000","rdp":"00000000","next":"00000000","qvalid":0,"qcapacity":8,"thread":"8006cf70","tasks":0}
PDOBS {"n":378,"ev":"guest_fullcheck","pc":"80003230","count":"6e6a39d7","frame":1,"a":"00000020","b":"8006b418","sp":"00000243","mi":"00000000","mask":"0000003f","cause":"10000000","sr":"2400ff00","dp":"00000008","type":13107400,"locked":0,"sp_due":"00000000","rsp":"802125c8","rs":"00000000","rdp":"00000000","next":"00000000","qvalid":0,"qcapacity":8,"thread":"8006cf70","tasks":0}
PDOBS {"n":379,"ev":"guest_sp_handler","pc":"80001f68","count":"6e6a3bf1","frame":1,"a":"8006b3d8","b":"80360718","sp":"00000243","mi":"00000000","mask":"0000003f","cause":"10000000","sr":"2400ff01","dp":"00000008","type":13107400,"locked":0,"sp_due":"00000000","rsp":"802125c8","rs":"00000000","rdp":"00000000","next":"00000000","qvalid":0,"qcapacity":8,"thread":"80068f90","tasks":0}
PDOBS {"n":380,"ev":"guest_complete","pc":"80001e50","count":"6e6a3c1f","frame":1,"a":"8006b3d8","b":"802125c8","sp":"00000243","mi":"00000000","mask":"0000003f","cause":"10000000","sr":"2400ff01","dp":"00000008","type":13107400,"locked":0,"sp_due":"00000000","rsp":"00000000","rs":"00000000","rdp":"00000000","next":"00000000","qvalid":0,"qcapacity":8,"thread":"80068f90","tasks":0}
PDOBS {"n":381,"ev":"guest_exec","pc":"80001960","count":"6e82d555","frame":1,"a":"8006b3d8","b":"80210d08","sp":"00000243","mi":"00000000","mask":"0000003f","cause":"10000000","sr":"2400ff01","dp":"00000008","type":13107400,"locked":0,"sp_due":"00000000","rsp":"00000000","rs":"00000000","rdp":"00000000","next":"00000000","qvalid":0,"qcapacity":8,"thread":"8006cf70","tasks":0}
PDOBS {"n":382,"ev":"sp_write_before","pc":"80035fd8","count":"6e82e723","frame":1,"a":"00002b00","b":"ffffffff","sp":"00000243","mi":"00000000","mask":"0000003f","cause":"10000000","sr":"2400ff01","dp":"00000008","type":13107400,"locked":0,"sp_due":"00000000","rsp":"00000000","rs":"00000000","rdp":"00000000","next":"00000000","qvalid":0,"qcapacity":8,"thread":"8006cf70","tasks":0}
PDOBS {"n":383,"ev":"sp_write_after","pc":"80035fd8","count":"6e82e723","frame":1,"a":"00002b00","b":"ffffffff","sp":"00000043","mi":"00000000","mask":"0000003f","cause":"10000000","sr":"2400ff01","dp":"00000008","type":13107400,"locked":0,"sp_due":"00000000","rsp":"00000000","rs":"00000000","rdp":"00000000","next":"00000000","qvalid":0,"qcapacity":8,"thread":"8006cf70","tasks":0}
PDOBS {"n":384,"ev":"sp_write_before","pc":"80035fd8","count":"6e82e87b","frame":1,"a":"00000125","b":"ffffffff","sp":"00000043","mi":"00000000","mask":"0000003f","cause":"10000000","sr":"2400ff01","dp":"00000008","type":2,"locked":0,"sp_due":"00000000","rsp":"00000000","rs":"00000000","rdp":"00000000","next":"00000000","qvalid":0,"qcapacity":8,"thread":"8006cf70","tasks":0}
PDOBS {"n":385,"ev":"rsp_begin","pc":"80035fd8","count":"6e82e87b","frame":1,"a":"00000002","b":"04001000","sp":"00000040","mi":"00000000","mask":"0000003f","cause":"10000000","sr":"2400ff01","dp":"00000008","type":2,"locked":0,"sp_due":"00000000","rsp":"00000000","rs":"00000000","rdp":"00000000","next":"00000000","qvalid":0,"qcapacity":8,"thread":"8006cf70","tasks":0}
PDOBS {"n":386,"ev":"rsp_return","pc":"80035fd8","count":"6e82e87b","frame":1,"a":"00c800c8","b":"04001144","sp":"00000243","mi":"00000001","mask":"0000003f","cause":"10000400","sr":"2400ff01","dp":"00000008","type":13107400,"locked":0,"sp_due":"00000000","rsp":"00000000","rs":"00000000","rdp":"00000000","next":"00000000","qvalid":0,"qcapacity":8,"thread":"8006cf70","tasks":0}
PDOBS {"n":387,"ev":"mi_clear","pc":"80035fd8","count":"6e82e87f","frame":1,"a":"00000001","b":"00000000","sp":"00000243","mi":"00000001","mask":"0000003f","cause":"10000400","sr":"2400ff01","dp":"00000008","type":13107400,"locked":0,"sp_due":"00000000","rsp":"00000000","rs":"00000000","rdp":"00000000","next":"00000000","qvalid":0,"qcapacity":8,"thread":"8006cf70","tasks":0}
PDOBS {"n":388,"ev":"rsp_deferred","pc":"80035fd8","count":"6e82e87f","frame":1,"a":"00000fa0","b":"00000000","sp":"00000243","mi":"00000000","mask":"0000003f","cause":"10000000","sr":"2400ff01","dp":"00000008","type":13107400,"locked":0,"sp_due":"6e82f81f","rsp":"00000000","rs":"00000000","rdp":"00000000","next":"00000000","qvalid":0,"qcapacity":8,"thread":"8006cf70","tasks":0}
PDOBS {"n":389,"ev":"rsp_exit","pc":"80035fd8","count":"6e82e87f","frame":1,"a":"00000fa0","b":"00000000","sp":"00000040","mi":"00000000","mask":"0000003f","cause":"10000000","sr":"2400ff01","dp":"00000008","type":13107400,"locked":0,"sp_due":"6e82f81f","rsp":"00000000","rs":"00000000","rdp":"00000000","next":"00000000","qvalid":0,"qcapacity":8,"thread":"8006cf70","tasks":0}
PDOBS {"n":390,"ev":"sp_write_after","pc":"80035fd8","count":"6e82e87f","frame":1,"a":"00000125","b":"ffffffff","sp":"00000040","mi":"00000000","mask":"0000003f","cause":"10000000","sr":"2400ff01","dp":"00000008","type":13107400,"locked":0,"sp_due":"6e82f81f","rsp":"00000000","rs":"00000000","rdp":"00000000","next":"00000000","qvalid":0,"qcapacity":8,"thread":"8006cf70","tasks":0}
PDOBS {"n":391,"ev":"sp_event","pc":"80033dc0","count":"6e82f83b","frame":1,"a":"00000000","b":"00000000","sp":"00000040","mi":"00000000","mask":"00000000","cause":"10000000","sr":"2400ff01","dp":"00000008","type":13107400,"locked":0,"sp_due":"00000000","rsp":"80210d08","rs":"00000000","rdp":"00000000","next":"00000000","qvalid":0,"qcapacity":8,"thread":"8006cf70","tasks":0}
PDOBS {"n":392,"ev":"mi_raise","pc":"80033dc0","count":"6e82f83b","frame":1,"a":"00000001","b":"00000000","sp":"00000243","mi":"00000000","mask":"00000000","cause":"10000000","sr":"2400ff01","dp":"00000008","type":13107400,"locked":0,"sp_due":"00000000","rsp":"80210d08","rs":"00000000","rdp":"00000000","next":"00000000","qvalid":0,"qcapacity":8,"thread":"8006cf70","tasks":0}
PDOBS {"n":393,"ev":"sp_write_before","pc":"80002fa4","count":"6e82fa87","frame":1,"a":"00008008","b":"ffffffff","sp":"00000243","mi":"00000001","mask":"0000003f","cause":"10000400","sr":"2400ff00","dp":"00000008","type":13107400,"locked":0,"sp_due":"00000000","rsp":"80210d08","rs":"00000000","rdp":"00000000","next":"00000000","qvalid":0,"qcapacity":8,"thread":"8006cf70","tasks":0}
PDOBS {"n":394,"ev":"mi_clear","pc":"80002fa4","count":"6e82fa87","frame":1,"a":"00000001","b":"00000000","sp":"00000243","mi":"00000001","mask":"0000003f","cause":"10000400","sr":"2400ff00","dp":"00000008","type":13107400,"locked":0,"sp_due":"00000000","rsp":"80210d08","rs":"00000000","rdp":"00000000","next":"00000000","qvalid":0,"qcapacity":8,"thread":"8006cf70","tasks":0}
PDOBS {"n":395,"ev":"sp_write_after","pc":"80002fa4","count":"6e82fa87","frame":1,"a":"00008008","b":"ffffffff","sp":"00000243","mi":"00000000","mask":"0000003f","cause":"10000000","sr":"2400ff00","dp":"00000008","type":13107400,"locked":0,"sp_due":"00000000","rsp":"80210d08","rs":"00000000","rdp":"00000000","next":"00000000","qvalid":0,"qcapacity":8,"thread":"8006cf70","tasks":0}
PDOBS {"n":396,"ev":"guest_send","pc":"80003208","count":"6e82fa9b","frame":1,"a":"00000020","b":"8006b418","sp":"00000243","mi":"00000000","mask":"0000003f","cause":"10000000","sr":"2400ff00","dp":"00000008","type":13107400,"locked":0,"sp_due":"00000000","rsp":"80210d08","rs":"00000000","rdp":"00000000","next":"00000000","qvalid":0,"qcapacity":8,"thread":"8006cf70","tasks":0}
PDOBS {"n":397,"ev":"guest_fullcheck","pc":"80003230","count":"6e82faa9","frame":1,"a":"00000020","b":"8006b418","sp":"00000243","mi":"00000000","mask":"0000003f","cause":"10000000","sr":"2400ff00","dp":"00000008","type":13107400,"locked":0,"sp_due":"00000000","rsp":"80210d08","rs":"00000000","rdp":"00000000","next":"00000000","qvalid":0,"qcapacity":8,"thread":"8006cf70","tasks":0}
PDOBS {"n":398,"ev":"guest_sp_handler","pc":"80001f68","count":"6e82fcc3","frame":1,"a":"8006b3d8","b":"80360718","sp":"00000243","mi":"00000000","mask":"0000003f","cause":"10000000","sr":"2400ff01","dp":"00000008","type":13107400,"locked":0,"sp_due":"00000000","rsp":"80210d08","rs":"00000000","rdp":"00000000","next":"00000000","qvalid":0,"qcapacity":8,"thread":"80068f90","tasks":0}
PDOBS {"n":399,"ev":"guest_complete","pc":"80001e50","count":"6e82fcf1","frame":1,"a":"8006b3d8","b":"80210d08","sp":"00000243","mi":"00000000","mask":"0000003f","cause":"10000000","sr":"2400ff01","dp":"00000008","type":13107400,"locked":0,"sp_due":"00000000","rsp":"00000000","rs":"00000000","rdp":"00000000","next":"00000000","qvalid":0,"qcapacity":8,"thread":"80068f90","tasks":0}
PDOBS {"n":400,"ev":"guest_exec","pc":"80001960","count":"6e9b964b","frame":1,"a":"8006b3d8","b":"80211968","sp":"00000243","mi":"00000000","mask":"0000003f","cause":"10000000","sr":"2400ff01","dp":"00000008","type":13107400,"locked":0,"sp_due":"00000000","rsp":"00000000","rs":"00000000","rdp":"00000000","next":"00000000","qvalid":0,"qcapacity":8,"thread":"8006cf70","tasks":0}
PDOBS {"n":401,"ev":"sp_write_before","pc":"80035fd8","count":"6e9ba819","frame":1,"a":"00002b00","b":"ffffffff","sp":"00000243","mi":"00000000","mask":"0000003f","cause":"10000000","sr":"2400ff01","dp":"00000008","type":13107400,"locked":0,"sp_due":"00000000","rsp":"00000000","rs":"00000000","rdp":"00000000","next":"00000000","qvalid":0,"qcapacity":8,"thread":"8006cf70","tasks":0}
PDOBS {"n":402,"ev":"sp_write_after","pc":"80035fd8","count":"6e9ba819","frame":1,"a":"00002b00","b":"ffffffff","sp":"00000043","mi":"00000000","mask":"0000003f","cause":"10000000","sr":"2400ff01","dp":"00000008","type":13107400,"locked":0,"sp_due":"00000000","rsp":"00000000","rs":"00000000","rdp":"00000000","next":"00000000","qvalid":0,"qcapacity":8,"thread":"8006cf70","tasks":0}
PDOBS {"n":403,"ev":"sp_write_before","pc":"80035fd8","count":"6e9ba971","frame":1,"a":"00000125","b":"ffffffff","sp":"00000043","mi":"00000000","mask":"0000003f","cause":"10000000","sr":"2400ff01","dp":"00000008","type":2,"locked":0,"sp_due":"00000000","rsp":"00000000","rs":"00000000","rdp":"00000000","next":"00000000","qvalid":0,"qcapacity":8,"thread":"8006cf70","tasks":0}
PDOBS {"n":404,"ev":"rsp_begin","pc":"80035fd8","count":"6e9ba971","frame":1,"a":"00000002","b":"04001000","sp":"00000040","mi":"00000000","mask":"0000003f","cause":"10000000","sr":"2400ff01","dp":"00000008","type":2,"locked":0,"sp_due":"00000000","rsp":"00000000","rs":"00000000","rdp":"00000000","next":"00000000","qvalid":0,"qcapacity":8,"thread":"8006cf70","tasks":0}
PDOBS {"n":405,"ev":"rsp_return","pc":"80035fd8","count":"6e9ba971","frame":1,"a":"00c800c8","b":"04001144","sp":"00000243","mi":"00000001","mask":"0000003f","cause":"10000400","sr":"2400ff01","dp":"00000008","type":13107400,"locked":0,"sp_due":"00000000","rsp":"00000000","rs":"00000000","rdp":"00000000","next":"00000000","qvalid":0,"qcapacity":8,"thread":"8006cf70","tasks":0}
PDOBS {"n":406,"ev":"mi_clear","pc":"80035fd8","count":"6e9ba975","frame":1,"a":"00000001","b":"00000000","sp":"00000243","mi":"00000001","mask":"0000003f","cause":"10000400","sr":"2400ff01","dp":"00000008","type":13107400,"locked":0,"sp_due":"00000000","rsp":"00000000","rs":"00000000","rdp":"00000000","next":"00000000","qvalid":0,"qcapacity":8,"thread":"8006cf70","tasks":0}
PDOBS {"n":407,"ev":"rsp_deferred","pc":"80035fd8","count":"6e9ba975","frame":1,"a":"00000fa0","b":"00000000","sp":"00000243","mi":"00000000","mask":"0000003f","cause":"10000000","sr":"2400ff01","dp":"00000008","type":13107400,"locked":0,"sp_due":"6e9bb915","rsp":"00000000","rs":"00000000","rdp":"00000000","next":"00000000","qvalid":0,"qcapacity":8,"thread":"8006cf70","tasks":0}
PDOBS {"n":408,"ev":"rsp_exit","pc":"80035fd8","count":"6e9ba975","frame":1,"a":"00000fa0","b":"00000000","sp":"00000040","mi":"00000000","mask":"0000003f","cause":"10000000","sr":"2400ff01","dp":"00000008","type":13107400,"locked":0,"sp_due":"6e9bb915","rsp":"00000000","rs":"00000000","rdp":"00000000","next":"00000000","qvalid":0,"qcapacity":8,"thread":"8006cf70","tasks":0}
PDOBS {"n":409,"ev":"sp_write_after","pc":"80035fd8","count":"6e9ba975","frame":1,"a":"00000125","b":"ffffffff","sp":"00000040","mi":"00000000","mask":"0000003f","cause":"10000000","sr":"2400ff01","dp":"00000008","type":13107400,"locked":0,"sp_due":"6e9bb915","rsp":"00000000","rs":"00000000","rdp":"00000000","next":"00000000","qvalid":0,"qcapacity":8,"thread":"8006cf70","tasks":0}
PDOBS {"n":410,"ev":"sp_event","pc":"80033dc0","count":"6e9bb931","frame":1,"a":"00000000","b":"00000000","sp":"00000040","mi":"00000000","mask":"00000000","cause":"10000000","sr":"2400ff01","dp":"00000008","type":13107400,"locked":0,"sp_due":"00000000","rsp":"80211968","rs":"00000000","rdp":"00000000","next":"00000000","qvalid":0,"qcapacity":8,"thread":"8006cf70","tasks":0}
PDOBS {"n":411,"ev":"mi_raise","pc":"80033dc0","count":"6e9bb931","frame":1,"a":"00000001","b":"00000000","sp":"00000243","mi":"00000000","mask":"00000000","cause":"10000000","sr":"2400ff01","dp":"00000008","type":13107400,"locked":0,"sp_due":"00000000","rsp":"80211968","rs":"00000000","rdp":"00000000","next":"00000000","qvalid":0,"qcapacity":8,"thread":"8006cf70","tasks":0}
PDOBS {"n":412,"ev":"sp_write_before","pc":"80002fa4","count":"6e9bbb7d","frame":1,"a":"00008008","b":"ffffffff","sp":"00000243","mi":"00000001","mask":"0000003f","cause":"10000400","sr":"2400ff00","dp":"00000008","type":13107400,"locked":0,"sp_due":"00000000","rsp":"80211968","rs":"00000000","rdp":"00000000","next":"00000000","qvalid":0,"qcapacity":8,"thread":"8006cf70","tasks":0}
PDOBS {"n":413,"ev":"mi_clear","pc":"80002fa4","count":"6e9bbb7d","frame":1,"a":"00000001","b":"00000000","sp":"00000243","mi":"00000001","mask":"0000003f","cause":"10000400","sr":"2400ff00","dp":"00000008","type":13107400,"locked":0,"sp_due":"00000000","rsp":"80211968","rs":"00000000","rdp":"00000000","next":"00000000","qvalid":0,"qcapacity":8,"thread":"8006cf70","tasks":0}
PDOBS {"n":414,"ev":"sp_write_after","pc":"80002fa4","count":"6e9bbb7d","frame":1,"a":"00008008","b":"ffffffff","sp":"00000243","mi":"00000000","mask":"0000003f","cause":"10000000","sr":"2400ff00","dp":"00000008","type":13107400,"locked":0,"sp_due":"00000000","rsp":"80211968","rs":"00000000","rdp":"00000000","next":"00000000","qvalid":0,"qcapacity":8,"thread":"8006cf70","tasks":0}
PDOBS {"n":415,"ev":"guest_send","pc":"80003208","count":"6e9bbb91","frame":1,"a":"00000020","b":"8006b418","sp":"00000243","mi":"00000000","mask":"0000003f","cause":"10000000","sr":"2400ff00","dp":"00000008","type":13107400,"locked":0,"sp_due":"00000000","rsp":"80211968","rs":"00000000","rdp":"00000000","next":"00000000","qvalid":0,"qcapacity":8,"thread":"8006cf70","tasks":0}
PDOBS {"n":416,"ev":"guest_fullcheck","pc":"80003230","count":"6e9bbb9f","frame":1,"a":"00000020","b":"8006b418","sp":"00000243","mi":"00000000","mask":"0000003f","cause":"10000000","sr":"2400ff00","dp":"00000008","type":13107400,"locked":0,"sp_due":"00000000","rsp":"80211968","rs":"00000000","rdp":"00000000","next":"00000000","qvalid":0,"qcapacity":8,"thread":"8006cf70","tasks":0}
PDOBS {"n":417,"ev":"guest_sp_handler","pc":"80001f68","count":"6e9bbdb9","frame":1,"a":"8006b3d8","b":"80360718","sp":"00000243","mi":"00000000","mask":"0000003f","cause":"10000000","sr":"2400ff01","dp":"00000008","type":13107400,"locked":0,"sp_due":"00000000","rsp":"80211968","rs":"00000000","rdp":"00000000","next":"00000000","qvalid":0,"qcapacity":8,"thread":"80068f90","tasks":0}
PDOBS {"n":418,"ev":"guest_complete","pc":"80001e50","count":"6e9bbde7","frame":1,"a":"8006b3d8","b":"80211968","sp":"00000243","mi":"00000000","mask":"0000003f","cause":"10000000","sr":"2400ff01","dp":"00000008","type":13107400,"locked":0,"sp_due":"00000000","rsp":"00000000","rs":"00000000","rdp":"00000000","next":"00000000","qvalid":0,"qcapacity":8,"thread":"80068f90","tasks":0}
PDOBS {"n":419,"ev":"guest_exec","pc":"80001960","count":"6eb45757","frame":1,"a":"8006b3d8","b":"802125c8","sp":"00000243","mi":"00000000","mask":"0000003f","cause":"10000000","sr":"2400ff01","dp":"00000008","type":13107400,"locked":0,"sp_due":"00000000","rsp":"00000000","rs":"00000000","rdp":"00000000","next":"00000000","qvalid":0,"qcapacity":8,"thread":"8006cf70","tasks":0}
PDOBS {"n":420,"ev":"sp_write_before","pc":"80035fd8","count":"6eb46925","frame":1,"a":"00002b00","b":"ffffffff","sp":"00000243","mi":"00000000","mask":"0000003f","cause":"10000000","sr":"2400ff01","dp":"00000008","type":13107400,"locked":0,"sp_due":"00000000","rsp":"00000000","rs":"00000000","rdp":"00000000","next":"00000000","qvalid":0,"qcapacity":8,"thread":"8006cf70","tasks":0}
PDOBS {"n":421,"ev":"sp_write_after","pc":"80035fd8","count":"6eb46925","frame":1,"a":"00002b00","b":"ffffffff","sp":"00000043","mi":"00000000","mask":"0000003f","cause":"10000000","sr":"2400ff01","dp":"00000008","type":13107400,"locked":0,"sp_due":"00000000","rsp":"00000000","rs":"00000000","rdp":"00000000","next":"00000000","qvalid":0,"qcapacity":8,"thread":"8006cf70","tasks":0}
PDOBS {"n":422,"ev":"sp_write_before","pc":"80035fd8","count":"6eb46a7d","frame":1,"a":"00000125","b":"ffffffff","sp":"00000043","mi":"00000000","mask":"0000003f","cause":"10000000","sr":"2400ff01","dp":"00000008","type":2,"locked":0,"sp_due":"00000000","rsp":"00000000","rs":"00000000","rdp":"00000000","next":"00000000","qvalid":0,"qcapacity":8,"thread":"8006cf70","tasks":0}
PDOBS {"n":423,"ev":"rsp_begin","pc":"80035fd8","count":"6eb46a7d","frame":1,"a":"00000002","b":"04001000","sp":"00000040","mi":"00000000","mask":"0000003f","cause":"10000000","sr":"2400ff01","dp":"00000008","type":2,"locked":0,"sp_due":"00000000","rsp":"00000000","rs":"00000000","rdp":"00000000","next":"00000000","qvalid":0,"qcapacity":8,"thread":"8006cf70","tasks":0}
PDOBS {"n":424,"ev":"rsp_return","pc":"80035fd8","count":"6eb46a7d","frame":1,"a":"00c800c8","b":"04001144","sp":"00000243","mi":"00000001","mask":"0000003f","cause":"10000400","sr":"2400ff01","dp":"00000008","type":13107400,"locked":0,"sp_due":"00000000","rsp":"00000000","rs":"00000000","rdp":"00000000","next":"00000000","qvalid":0,"qcapacity":8,"thread":"8006cf70","tasks":0}
PDOBS {"n":425,"ev":"mi_clear","pc":"80035fd8","count":"6eb46a81","frame":1,"a":"00000001","b":"00000000","sp":"00000243","mi":"00000001","mask":"0000003f","cause":"10000400","sr":"2400ff01","dp":"00000008","type":13107400,"locked":0,"sp_due":"00000000","rsp":"00000000","rs":"00000000","rdp":"00000000","next":"00000000","qvalid":0,"qcapacity":8,"thread":"8006cf70","tasks":0}
PDOBS {"n":426,"ev":"rsp_deferred","pc":"80035fd8","count":"6eb46a81","frame":1,"a":"00000fa0","b":"00000000","sp":"00000243","mi":"00000000","mask":"0000003f","cause":"10000000","sr":"2400ff01","dp":"00000008","type":13107400,"locked":0,"sp_due":"6eb47a21","rsp":"00000000","rs":"00000000","rdp":"00000000","next":"00000000","qvalid":0,"qcapacity":8,"thread":"8006cf70","tasks":0}
PDOBS {"n":427,"ev":"rsp_exit","pc":"80035fd8","count":"6eb46a81","frame":1,"a":"00000fa0","b":"00000000","sp":"00000040","mi":"00000000","mask":"0000003f","cause":"10000000","sr":"2400ff01","dp":"00000008","type":13107400,"locked":0,"sp_due":"6eb47a21","rsp":"00000000","rs":"00000000","rdp":"00000000","next":"00000000","qvalid":0,"qcapacity":8,"thread":"8006cf70","tasks":0}
PDOBS {"n":428,"ev":"sp_write_after","pc":"80035fd8","count":"6eb46a81","frame":1,"a":"00000125","b":"ffffffff","sp":"00000040","mi":"00000000","mask":"0000003f","cause":"10000000","sr":"2400ff01","dp":"00000008","type":13107400,"locked":0,"sp_due":"6eb47a21","rsp":"00000000","rs":"00000000","rdp":"00000000","next":"00000000","qvalid":0,"qcapacity":8,"thread":"8006cf70","tasks":0}
PDOBS {"n":429,"ev":"sp_event","pc":"80033dc0","count":"6eb47a3d","frame":1,"a":"00000000","b":"00000000","sp":"00000040","mi":"00000000","mask":"00000000","cause":"10000000","sr":"2400ff01","dp":"00000008","type":13107400,"locked":0,"sp_due":"00000000","rsp":"802125c8","rs":"00000000","rdp":"00000000","next":"00000000","qvalid":0,"qcapacity":8,"thread":"8006cf70","tasks":0}
PDOBS {"n":430,"ev":"mi_raise","pc":"80033dc0","count":"6eb47a3d","frame":1,"a":"00000001","b":"00000000","sp":"00000243","mi":"00000000","mask":"00000000","cause":"10000000","sr":"2400ff01","dp":"00000008","type":13107400,"locked":0,"sp_due":"00000000","rsp":"802125c8","rs":"00000000","rdp":"00000000","next":"00000000","qvalid":0,"qcapacity":8,"thread":"8006cf70","tasks":0}
PDOBS {"n":431,"ev":"sp_write_before","pc":"80002fa4","count":"6eb47c89","frame":1,"a":"00008008","b":"ffffffff","sp":"00000243","mi":"00000001","mask":"0000003f","cause":"10000400","sr":"2400ff00","dp":"00000008","type":13107400,"locked":0,"sp_due":"00000000","rsp":"802125c8","rs":"00000000","rdp":"00000000","next":"00000000","qvalid":0,"qcapacity":8,"thread":"8006cf70","tasks":0}
PDOBS {"n":432,"ev":"mi_clear","pc":"80002fa4","count":"6eb47c89","frame":1,"a":"00000001","b":"00000000","sp":"00000243","mi":"00000001","mask":"0000003f","cause":"10000400","sr":"2400ff00","dp":"00000008","type":13107400,"locked":0,"sp_due":"00000000","rsp":"802125c8","rs":"00000000","rdp":"00000000","next":"00000000","qvalid":0,"qcapacity":8,"thread":"8006cf70","tasks":0}
PDOBS {"n":433,"ev":"sp_write_after","pc":"80002fa4","count":"6eb47c89","frame":1,"a":"00008008","b":"ffffffff","sp":"00000243","mi":"00000000","mask":"0000003f","cause":"10000000","sr":"2400ff00","dp":"00000008","type":13107400,"locked":0,"sp_due":"00000000","rsp":"802125c8","rs":"00000000","rdp":"00000000","next":"00000000","qvalid":0,"qcapacity":8,"thread":"8006cf70","tasks":0}
PDOBS {"n":434,"ev":"guest_send","pc":"80003208","count":"6eb47c9d","frame":1,"a":"00000020","b":"8006b418","sp":"00000243","mi":"00000000","mask":"0000003f","cause":"10000000","sr":"2400ff00","dp":"00000008","type":13107400,"locked":0,"sp_due":"00000000","rsp":"802125c8","rs":"00000000","rdp":"00000000","next":"00000000","qvalid":0,"qcapacity":8,"thread":"8006cf70","tasks":0}
PDOBS {"n":435,"ev":"guest_fullcheck","pc":"80003230","count":"6eb47cab","frame":1,"a":"00000020","b":"8006b418","sp":"00000243","mi":"00000000","mask":"0000003f","cause":"10000000","sr":"2400ff00","dp":"00000008","type":13107400,"locked":0,"sp_due":"00000000","rsp":"802125c8","rs":"00000000","rdp":"00000000","next":"00000000","qvalid":0,"qcapacity":8,"thread":"8006cf70","tasks":0}
PDOBS {"n":436,"ev":"guest_sp_handler","pc":"80001f68","count":"6eb47ec5","frame":1,"a":"8006b3d8","b":"80360718","sp":"00000243","mi":"00000000","mask":"0000003f","cause":"10000000","sr":"2400ff01","dp":"00000008","type":13107400,"locked":0,"sp_due":"00000000","rsp":"802125c8","rs":"00000000","rdp":"00000000","next":"00000000","qvalid":0,"qcapacity":8,"thread":"80068f90","tasks":0}
PDOBS {"n":437,"ev":"guest_complete","pc":"80001e50","count":"6eb47ef3","frame":1,"a":"8006b3d8","b":"802125c8","sp":"00000243","mi":"00000000","mask":"0000003f","cause":"10000000","sr":"2400ff01","dp":"00000008","type":13107400,"locked":0,"sp_due":"00000000","rsp":"00000000","rs":"00000000","rdp":"00000000","next":"00000000","qvalid":0,"qcapacity":8,"thread":"80068f90","tasks":0}
PDOBS {"n":438,"ev":"guest_exec","pc":"80001960","count":"6ecd1865","frame":1,"a":"8006b3d8","b":"80210d08","sp":"00000243","mi":"00000000","mask":"0000003f","cause":"10000000","sr":"2400ff01","dp":"00000008","type":13107400,"locked":0,"sp_due":"00000000","rsp":"00000000","rs":"00000000","rdp":"00000000","next":"00000000","qvalid":0,"qcapacity":8,"thread":"8006cf70","tasks":0}
PDOBS {"n":439,"ev":"sp_write_before","pc":"80035fd8","count":"6ecd2a33","frame":1,"a":"00002b00","b":"ffffffff","sp":"00000243","mi":"00000000","mask":"0000003f","cause":"10000000","sr":"2400ff01","dp":"00000008","type":13107400,"locked":0,"sp_due":"00000000","rsp":"00000000","rs":"00000000","rdp":"00000000","next":"00000000","qvalid":0,"qcapacity":8,"thread":"8006cf70","tasks":0}
PDOBS {"n":440,"ev":"sp_write_after","pc":"80035fd8","count":"6ecd2a33","frame":1,"a":"00002b00","b":"ffffffff","sp":"00000043","mi":"00000000","mask":"0000003f","cause":"10000000","sr":"2400ff01","dp":"00000008","type":13107400,"locked":0,"sp_due":"00000000","rsp":"00000000","rs":"00000000","rdp":"00000000","next":"00000000","qvalid":0,"qcapacity":8,"thread":"8006cf70","tasks":0}
PDOBS {"n":441,"ev":"sp_write_before","pc":"80035fd8","count":"6ecd2b8b","frame":1,"a":"00000125","b":"ffffffff","sp":"00000043","mi":"00000000","mask":"0000003f","cause":"10000000","sr":"2400ff01","dp":"00000008","type":2,"locked":0,"sp_due":"00000000","rsp":"00000000","rs":"00000000","rdp":"00000000","next":"00000000","qvalid":0,"qcapacity":8,"thread":"8006cf70","tasks":0}
PDOBS {"n":442,"ev":"rsp_begin","pc":"80035fd8","count":"6ecd2b8b","frame":1,"a":"00000002","b":"04001000","sp":"00000040","mi":"00000000","mask":"0000003f","cause":"10000000","sr":"2400ff01","dp":"00000008","type":2,"locked":0,"sp_due":"00000000","rsp":"00000000","rs":"00000000","rdp":"00000000","next":"00000000","qvalid":0,"qcapacity":8,"thread":"8006cf70","tasks":0}
PDOBS {"n":443,"ev":"rsp_return","pc":"80035fd8","count":"6ecd2b8b","frame":1,"a":"00c800c8","b":"04001144","sp":"00000243","mi":"00000001","mask":"0000003f","cause":"10000400","sr":"2400ff01","dp":"00000008","type":13107400,"locked":0,"sp_due":"00000000","rsp":"00000000","rs":"00000000","rdp":"00000000","next":"00000000","qvalid":0,"qcapacity":8,"thread":"8006cf70","tasks":0}
PDOBS {"n":444,"ev":"mi_clear","pc":"80035fd8","count":"6ecd2b8f","frame":1,"a":"00000001","b":"00000000","sp":"00000243","mi":"00000001","mask":"0000003f","cause":"10000400","sr":"2400ff01","dp":"00000008","type":13107400,"locked":0,"sp_due":"00000000","rsp":"00000000","rs":"00000000","rdp":"00000000","next":"00000000","qvalid":0,"qcapacity":8,"thread":"8006cf70","tasks":0}
PDOBS {"n":445,"ev":"rsp_deferred","pc":"80035fd8","count":"6ecd2b8f","frame":1,"a":"00000fa0","b":"00000000","sp":"00000243","mi":"00000000","mask":"0000003f","cause":"10000000","sr":"2400ff01","dp":"00000008","type":13107400,"locked":0,"sp_due":"6ecd3b2f","rsp":"00000000","rs":"00000000","rdp":"00000000","next":"00000000","qvalid":0,"qcapacity":8,"thread":"8006cf70","tasks":0}
PDOBS {"n":446,"ev":"rsp_exit","pc":"80035fd8","count":"6ecd2b8f","frame":1,"a":"00000fa0","b":"00000000","sp":"00000040","mi":"00000000","mask":"0000003f","cause":"10000000","sr":"2400ff01","dp":"00000008","type":13107400,"locked":0,"sp_due":"6ecd3b2f","rsp":"00000000","rs":"00000000","rdp":"00000000","next":"00000000","qvalid":0,"qcapacity":8,"thread":"8006cf70","tasks":0}
PDOBS {"n":447,"ev":"sp_write_after","pc":"80035fd8","count":"6ecd2b8f","frame":1,"a":"00000125","b":"ffffffff","sp":"00000040","mi":"00000000","mask":"0000003f","cause":"10000000","sr":"2400ff01","dp":"00000008","type":13107400,"locked":0,"sp_due":"6ecd3b2f","rsp":"00000000","rs":"00000000","rdp":"00000000","next":"00000000","qvalid":0,"qcapacity":8,"thread":"8006cf70","tasks":0}
PDOBS {"n":448,"ev":"sp_event","pc":"80033dc0","count":"6ecd3b4b","frame":1,"a":"00000000","b":"00000000","sp":"00000040","mi":"00000000","mask":"00000000","cause":"10000000","sr":"2400ff01","dp":"00000008","type":13107400,"locked":0,"sp_due":"00000000","rsp":"80210d08","rs":"00000000","rdp":"00000000","next":"00000000","qvalid":0,"qcapacity":8,"thread":"8006cf70","tasks":0}
PDOBS {"n":449,"ev":"mi_raise","pc":"80033dc0","count":"6ecd3b4b","frame":1,"a":"00000001","b":"00000000","sp":"00000243","mi":"00000000","mask":"00000000","cause":"10000000","sr":"2400ff01","dp":"00000008","type":13107400,"locked":0,"sp_due":"00000000","rsp":"80210d08","rs":"00000000","rdp":"00000000","next":"00000000","qvalid":0,"qcapacity":8,"thread":"8006cf70","tasks":0}
PDOBS {"n":450,"ev":"sp_write_before","pc":"80002fa4","count":"6ecd3d97","frame":1,"a":"00008008","b":"ffffffff","sp":"00000243","mi":"00000001","mask":"0000003f","cause":"10000400","sr":"2400ff00","dp":"00000008","type":13107400,"locked":0,"sp_due":"00000000","rsp":"80210d08","rs":"00000000","rdp":"00000000","next":"00000000","qvalid":0,"qcapacity":8,"thread":"8006cf70","tasks":0}
PDOBS {"n":451,"ev":"mi_clear","pc":"80002fa4","count":"6ecd3d97","frame":1,"a":"00000001","b":"00000000","sp":"00000243","mi":"00000001","mask":"0000003f","cause":"10000400","sr":"2400ff00","dp":"00000008","type":13107400,"locked":0,"sp_due":"00000000","rsp":"80210d08","rs":"00000000","rdp":"00000000","next":"00000000","qvalid":0,"qcapacity":8,"thread":"8006cf70","tasks":0}
PDOBS {"n":452,"ev":"sp_write_after","pc":"80002fa4","count":"6ecd3d97","frame":1,"a":"00008008","b":"ffffffff","sp":"00000243","mi":"00000000","mask":"0000003f","cause":"10000000","sr":"2400ff00","dp":"00000008","type":13107400,"locked":0,"sp_due":"00000000","rsp":"80210d08","rs":"00000000","rdp":"00000000","next":"00000000","qvalid":0,"qcapacity":8,"thread":"8006cf70","tasks":0}
PDOBS {"n":453,"ev":"guest_send","pc":"80003208","count":"6ecd3dab","frame":1,"a":"00000020","b":"8006b418","sp":"00000243","mi":"00000000","mask":"0000003f","cause":"10000000","sr":"2400ff00","dp":"00000008","type":13107400,"locked":0,"sp_due":"00000000","rsp":"80210d08","rs":"00000000","rdp":"00000000","next":"00000000","qvalid":0,"qcapacity":8,"thread":"8006cf70","tasks":0}
PDOBS {"n":454,"ev":"guest_fullcheck","pc":"80003230","count":"6ecd3db9","frame":1,"a":"00000020","b":"8006b418","sp":"00000243","mi":"00000000","mask":"0000003f","cause":"10000000","sr":"2400ff00","dp":"00000008","type":13107400,"locked":0,"sp_due":"00000000","rsp":"80210d08","rs":"00000000","rdp":"00000000","next":"00000000","qvalid":0,"qcapacity":8,"thread":"8006cf70","tasks":0}
PDOBS {"n":455,"ev":"guest_sp_handler","pc":"80001f68","count":"6ecd3fd3","frame":1,"a":"8006b3d8","b":"80360718","sp":"00000243","mi":"00000000","mask":"0000003f","cause":"10000000","sr":"2400ff01","dp":"00000008","type":13107400,"locked":0,"sp_due":"00000000","rsp":"80210d08","rs":"00000000","rdp":"00000000","next":"00000000","qvalid":0,"qcapacity":8,"thread":"80068f90","tasks":0}
PDOBS {"n":456,"ev":"guest_complete","pc":"80001e50","count":"6ecd4001","frame":1,"a":"8006b3d8","b":"80210d08","sp":"00000243","mi":"00000000","mask":"0000003f","cause":"10000000","sr":"2400ff01","dp":"00000008","type":13107400,"locked":0,"sp_due":"00000000","rsp":"00000000","rs":"00000000","rdp":"00000000","next":"00000000","qvalid":0,"qcapacity":8,"thread":"80068f90","tasks":0}
PDOBS {"n":457,"ev":"guest_exec","pc":"80001960","count":"6ee5d905","frame":1,"a":"8006b3d8","b":"80211968","sp":"00000243","mi":"00000000","mask":"0000003f","cause":"10000000","sr":"2400ff01","dp":"00000008","type":13107400,"locked":0,"sp_due":"00000000","rsp":"00000000","rs":"00000000","rdp":"00000000","next":"00000000","qvalid":0,"qcapacity":8,"thread":"8006cf70","tasks":0}
PDOBS {"n":458,"ev":"sp_write_before","pc":"80035fd8","count":"6ee5ead3","frame":1,"a":"00002b00","b":"ffffffff","sp":"00000243","mi":"00000000","mask":"0000003f","cause":"10000000","sr":"2400ff01","dp":"00000008","type":13107400,"locked":0,"sp_due":"00000000","rsp":"00000000","rs":"00000000","rdp":"00000000","next":"00000000","qvalid":0,"qcapacity":8,"thread":"8006cf70","tasks":0}
PDOBS {"n":459,"ev":"sp_write_after","pc":"80035fd8","count":"6ee5ead3","frame":1,"a":"00002b00","b":"ffffffff","sp":"00000043","mi":"00000000","mask":"0000003f","cause":"10000000","sr":"2400ff01","dp":"00000008","type":13107400,"locked":0,"sp_due":"00000000","rsp":"00000000","rs":"00000000","rdp":"00000000","next":"00000000","qvalid":0,"qcapacity":8,"thread":"8006cf70","tasks":0}
PDOBS {"n":460,"ev":"sp_write_before","pc":"80035fd8","count":"6ee5ec2b","frame":1,"a":"00000125","b":"ffffffff","sp":"00000043","mi":"00000000","mask":"0000003f","cause":"10000000","sr":"2400ff01","dp":"00000008","type":2,"locked":0,"sp_due":"00000000","rsp":"00000000","rs":"00000000","rdp":"00000000","next":"00000000","qvalid":0,"qcapacity":8,"thread":"8006cf70","tasks":0}
PDOBS {"n":461,"ev":"rsp_begin","pc":"80035fd8","count":"6ee5ec2b","frame":1,"a":"00000002","b":"04001000","sp":"00000040","mi":"00000000","mask":"0000003f","cause":"10000000","sr":"2400ff01","dp":"00000008","type":2,"locked":0,"sp_due":"00000000","rsp":"00000000","rs":"00000000","rdp":"00000000","next":"00000000","qvalid":0,"qcapacity":8,"thread":"8006cf70","tasks":0}
PDOBS {"n":462,"ev":"rsp_return","pc":"80035fd8","count":"6ee5ec2b","frame":1,"a":"00c800c8","b":"04001144","sp":"00000243","mi":"00000001","mask":"0000003f","cause":"10000400","sr":"2400ff01","dp":"00000008","type":13107400,"locked":0,"sp_due":"00000000","rsp":"00000000","rs":"00000000","rdp":"00000000","next":"00000000","qvalid":0,"qcapacity":8,"thread":"8006cf70","tasks":0}
PDOBS {"n":463,"ev":"mi_clear","pc":"80035fd8","count":"6ee5ec2f","frame":1,"a":"00000001","b":"00000000","sp":"00000243","mi":"00000001","mask":"0000003f","cause":"10000400","sr":"2400ff01","dp":"00000008","type":13107400,"locked":0,"sp_due":"00000000","rsp":"00000000","rs":"00000000","rdp":"00000000","next":"00000000","qvalid":0,"qcapacity":8,"thread":"8006cf70","tasks":0}
PDOBS {"n":464,"ev":"rsp_deferred","pc":"80035fd8","count":"6ee5ec2f","frame":1,"a":"00000fa0","b":"00000000","sp":"00000243","mi":"00000000","mask":"0000003f","cause":"10000000","sr":"2400ff01","dp":"00000008","type":13107400,"locked":0,"sp_due":"6ee5fbcf","rsp":"00000000","rs":"00000000","rdp":"00000000","next":"00000000","qvalid":0,"qcapacity":8,"thread":"8006cf70","tasks":0}
PDOBS {"n":465,"ev":"rsp_exit","pc":"80035fd8","count":"6ee5ec2f","frame":1,"a":"00000fa0","b":"00000000","sp":"00000040","mi":"00000000","mask":"0000003f","cause":"10000000","sr":"2400ff01","dp":"00000008","type":13107400,"locked":0,"sp_due":"6ee5fbcf","rsp":"00000000","rs":"00000000","rdp":"00000000","next":"00000000","qvalid":0,"qcapacity":8,"thread":"8006cf70","tasks":0}
PDOBS {"n":466,"ev":"sp_write_after","pc":"80035fd8","count":"6ee5ec2f","frame":1,"a":"00000125","b":"ffffffff","sp":"00000040","mi":"00000000","mask":"0000003f","cause":"10000000","sr":"2400ff01","dp":"00000008","type":13107400,"locked":0,"sp_due":"6ee5fbcf","rsp":"00000000","rs":"00000000","rdp":"00000000","next":"00000000","qvalid":0,"qcapacity":8,"thread":"8006cf70","tasks":0}
PDOBS {"n":467,"ev":"sp_event","pc":"80033dc0","count":"6ee5fbeb","frame":1,"a":"00000000","b":"00000000","sp":"00000040","mi":"00000000","mask":"00000000","cause":"10000000","sr":"2400ff01","dp":"00000008","type":13107400,"locked":0,"sp_due":"00000000","rsp":"80211968","rs":"00000000","rdp":"00000000","next":"00000000","qvalid":0,"qcapacity":8,"thread":"8006cf70","tasks":0}
PDOBS {"n":468,"ev":"mi_raise","pc":"80033dc0","count":"6ee5fbeb","frame":1,"a":"00000001","b":"00000000","sp":"00000243","mi":"00000000","mask":"00000000","cause":"10000000","sr":"2400ff01","dp":"00000008","type":13107400,"locked":0,"sp_due":"00000000","rsp":"80211968","rs":"00000000","rdp":"00000000","next":"00000000","qvalid":0,"qcapacity":8,"thread":"8006cf70","tasks":0}
PDOBS {"n":469,"ev":"sp_write_before","pc":"80002fa4","count":"6ee5fe37","frame":1,"a":"00008008","b":"ffffffff","sp":"00000243","mi":"00000001","mask":"0000003f","cause":"10000400","sr":"2400ff00","dp":"00000008","type":13107400,"locked":0,"sp_due":"00000000","rsp":"80211968","rs":"00000000","rdp":"00000000","next":"00000000","qvalid":0,"qcapacity":8,"thread":"8006cf70","tasks":0}
PDOBS {"n":470,"ev":"mi_clear","pc":"80002fa4","count":"6ee5fe37","frame":1,"a":"00000001","b":"00000000","sp":"00000243","mi":"00000001","mask":"0000003f","cause":"10000400","sr":"2400ff00","dp":"00000008","type":13107400,"locked":0,"sp_due":"00000000","rsp":"80211968","rs":"00000000","rdp":"00000000","next":"00000000","qvalid":0,"qcapacity":8,"thread":"8006cf70","tasks":0}
PDOBS {"n":471,"ev":"sp_write_after","pc":"80002fa4","count":"6ee5fe37","frame":1,"a":"00008008","b":"ffffffff","sp":"00000243","mi":"00000000","mask":"0000003f","cause":"10000000","sr":"2400ff00","dp":"00000008","type":13107400,"locked":0,"sp_due":"00000000","rsp":"80211968","rs":"00000000","rdp":"00000000","next":"00000000","qvalid":0,"qcapacity":8,"thread":"8006cf70","tasks":0}
PDOBS {"n":472,"ev":"guest_send","pc":"80003208","count":"6ee5fe4b","frame":1,"a":"00000020","b":"8006b418","sp":"00000243","mi":"00000000","mask":"0000003f","cause":"10000000","sr":"2400ff00","dp":"00000008","type":13107400,"locked":0,"sp_due":"00000000","rsp":"80211968","rs":"00000000","rdp":"00000000","next":"00000000","qvalid":0,"qcapacity":8,"thread":"8006cf70","tasks":0}
PDOBS {"n":473,"ev":"guest_fullcheck","pc":"80003230","count":"6ee5fe59","frame":1,"a":"00000020","b":"8006b418","sp":"00000243","mi":"00000000","mask":"0000003f","cause":"10000000","sr":"2400ff00","dp":"00000008","type":13107400,"locked":0,"sp_due":"00000000","rsp":"80211968","rs":"00000000","rdp":"00000000","next":"00000000","qvalid":0,"qcapacity":8,"thread":"8006cf70","tasks":0}
PDOBS {"n":474,"ev":"guest_sp_handler","pc":"80001f68","count":"6ee60073","frame":1,"a":"8006b3d8","b":"80360718","sp":"00000243","mi":"00000000","mask":"0000003f","cause":"10000000","sr":"2400ff01","dp":"00000008","type":13107400,"locked":0,"sp_due":"00000000","rsp":"80211968","rs":"00000000","rdp":"00000000","next":"00000000","qvalid":0,"qcapacity":8,"thread":"80068f90","tasks":0}
PDOBS {"n":475,"ev":"guest_complete","pc":"80001e50","count":"6ee600a1","frame":1,"a":"8006b3d8","b":"80211968","sp":"00000243","mi":"00000000","mask":"0000003f","cause":"10000000","sr":"2400ff01","dp":"00000008","type":13107400,"locked":0,"sp_due":"00000000","rsp":"00000000","rs":"00000000","rdp":"00000000","next":"00000000","qvalid":0,"qcapacity":8,"thread":"80068f90","tasks":0}
PDOBS {"n":476,"ev":"guest_exec","pc":"80001960","count":"6efe99eb","frame":1,"a":"8006b3d8","b":"802125c8","sp":"00000243","mi":"00000000","mask":"0000003f","cause":"10000000","sr":"2400ff01","dp":"00000008","type":13107400,"locked":0,"sp_due":"00000000","rsp":"00000000","rs":"00000000","rdp":"00000000","next":"00000000","qvalid":0,"qcapacity":8,"thread":"8006cf70","tasks":0}
PDOBS {"n":477,"ev":"sp_write_before","pc":"80035fd8","count":"6efeabb9","frame":1,"a":"00002b00","b":"ffffffff","sp":"00000243","mi":"00000000","mask":"0000003f","cause":"10000000","sr":"2400ff01","dp":"00000008","type":13107400,"locked":0,"sp_due":"00000000","rsp":"00000000","rs":"00000000","rdp":"00000000","next":"00000000","qvalid":0,"qcapacity":8,"thread":"8006cf70","tasks":0}
PDOBS {"n":478,"ev":"sp_write_after","pc":"80035fd8","count":"6efeabb9","frame":1,"a":"00002b00","b":"ffffffff","sp":"00000043","mi":"00000000","mask":"0000003f","cause":"10000000","sr":"2400ff01","dp":"00000008","type":13107400,"locked":0,"sp_due":"00000000","rsp":"00000000","rs":"00000000","rdp":"00000000","next":"00000000","qvalid":0,"qcapacity":8,"thread":"8006cf70","tasks":0}
PDOBS {"n":479,"ev":"sp_write_before","pc":"80035fd8","count":"6efead11","frame":1,"a":"00000125","b":"ffffffff","sp":"00000043","mi":"00000000","mask":"0000003f","cause":"10000000","sr":"2400ff01","dp":"00000008","type":2,"locked":0,"sp_due":"00000000","rsp":"00000000","rs":"00000000","rdp":"00000000","next":"00000000","qvalid":0,"qcapacity":8,"thread":"8006cf70","tasks":0}
PDOBS {"n":480,"ev":"rsp_begin","pc":"80035fd8","count":"6efead11","frame":1,"a":"00000002","b":"04001000","sp":"00000040","mi":"00000000","mask":"0000003f","cause":"10000000","sr":"2400ff01","dp":"00000008","type":2,"locked":0,"sp_due":"00000000","rsp":"00000000","rs":"00000000","rdp":"00000000","next":"00000000","qvalid":0,"qcapacity":8,"thread":"8006cf70","tasks":0}
PDOBS {"n":481,"ev":"rsp_return","pc":"80035fd8","count":"6efead11","frame":1,"a":"00c800c8","b":"04001144","sp":"00000243","mi":"00000001","mask":"0000003f","cause":"10000400","sr":"2400ff01","dp":"00000008","type":13107400,"locked":0,"sp_due":"00000000","rsp":"00000000","rs":"00000000","rdp":"00000000","next":"00000000","qvalid":0,"qcapacity":8,"thread":"8006cf70","tasks":0}
PDOBS {"n":482,"ev":"mi_clear","pc":"80035fd8","count":"6efead15","frame":1,"a":"00000001","b":"00000000","sp":"00000243","mi":"00000001","mask":"0000003f","cause":"10000400","sr":"2400ff01","dp":"00000008","type":13107400,"locked":0,"sp_due":"00000000","rsp":"00000000","rs":"00000000","rdp":"00000000","next":"00000000","qvalid":0,"qcapacity":8,"thread":"8006cf70","tasks":0}
PDOBS {"n":483,"ev":"rsp_deferred","pc":"80035fd8","count":"6efead15","frame":1,"a":"00000fa0","b":"00000000","sp":"00000243","mi":"00000000","mask":"0000003f","cause":"10000000","sr":"2400ff01","dp":"00000008","type":13107400,"locked":0,"sp_due":"6efebcb5","rsp":"00000000","rs":"00000000","rdp":"00000000","next":"00000000","qvalid":0,"qcapacity":8,"thread":"8006cf70","tasks":0}
PDOBS {"n":484,"ev":"rsp_exit","pc":"80035fd8","count":"6efead15","frame":1,"a":"00000fa0","b":"00000000","sp":"00000040","mi":"00000000","mask":"0000003f","cause":"10000000","sr":"2400ff01","dp":"00000008","type":13107400,"locked":0,"sp_due":"6efebcb5","rsp":"00000000","rs":"00000000","rdp":"00000000","next":"00000000","qvalid":0,"qcapacity":8,"thread":"8006cf70","tasks":0}
PDOBS {"n":485,"ev":"sp_write_after","pc":"80035fd8","count":"6efead15","frame":1,"a":"00000125","b":"ffffffff","sp":"00000040","mi":"00000000","mask":"0000003f","cause":"10000000","sr":"2400ff01","dp":"00000008","type":13107400,"locked":0,"sp_due":"6efebcb5","rsp":"00000000","rs":"00000000","rdp":"00000000","next":"00000000","qvalid":0,"qcapacity":8,"thread":"8006cf70","tasks":0}
PDOBS {"n":486,"ev":"sp_event","pc":"80033dc0","count":"6efebcd1","frame":1,"a":"00000000","b":"00000000","sp":"00000040","mi":"00000000","mask":"00000000","cause":"10000000","sr":"2400ff01","dp":"00000008","type":13107400,"locked":0,"sp_due":"00000000","rsp":"802125c8","rs":"00000000","rdp":"00000000","next":"00000000","qvalid":0,"qcapacity":8,"thread":"8006cf70","tasks":0}
PDOBS {"n":487,"ev":"mi_raise","pc":"80033dc0","count":"6efebcd1","frame":1,"a":"00000001","b":"00000000","sp":"00000243","mi":"00000000","mask":"00000000","cause":"10000000","sr":"2400ff01","dp":"00000008","type":13107400,"locked":0,"sp_due":"00000000","rsp":"802125c8","rs":"00000000","rdp":"00000000","next":"00000000","qvalid":0,"qcapacity":8,"thread":"8006cf70","tasks":0}
PDOBS {"n":488,"ev":"sp_write_before","pc":"80002fa4","count":"6efebf1d","frame":1,"a":"00008008","b":"ffffffff","sp":"00000243","mi":"00000001","mask":"0000003f","cause":"10000400","sr":"2400ff00","dp":"00000008","type":13107400,"locked":0,"sp_due":"00000000","rsp":"802125c8","rs":"00000000","rdp":"00000000","next":"00000000","qvalid":0,"qcapacity":8,"thread":"8006cf70","tasks":0}
PDOBS {"n":489,"ev":"mi_clear","pc":"80002fa4","count":"6efebf1d","frame":1,"a":"00000001","b":"00000000","sp":"00000243","mi":"00000001","mask":"0000003f","cause":"10000400","sr":"2400ff00","dp":"00000008","type":13107400,"locked":0,"sp_due":"00000000","rsp":"802125c8","rs":"00000000","rdp":"00000000","next":"00000000","qvalid":0,"qcapacity":8,"thread":"8006cf70","tasks":0}
PDOBS {"n":490,"ev":"sp_write_after","pc":"80002fa4","count":"6efebf1d","frame":1,"a":"00008008","b":"ffffffff","sp":"00000243","mi":"00000000","mask":"0000003f","cause":"10000000","sr":"2400ff00","dp":"00000008","type":13107400,"locked":0,"sp_due":"00000000","rsp":"802125c8","rs":"00000000","rdp":"00000000","next":"00000000","qvalid":0,"qcapacity":8,"thread":"8006cf70","tasks":0}
PDOBS {"n":491,"ev":"guest_send","pc":"80003208","count":"6efebf31","frame":1,"a":"00000020","b":"8006b418","sp":"00000243","mi":"00000000","mask":"0000003f","cause":"10000000","sr":"2400ff00","dp":"00000008","type":13107400,"locked":0,"sp_due":"00000000","rsp":"802125c8","rs":"00000000","rdp":"00000000","next":"00000000","qvalid":0,"qcapacity":8,"thread":"8006cf70","tasks":0}
PDOBS {"n":492,"ev":"guest_fullcheck","pc":"80003230","count":"6efebf3f","frame":1,"a":"00000020","b":"8006b418","sp":"00000243","mi":"00000000","mask":"0000003f","cause":"10000000","sr":"2400ff00","dp":"00000008","type":13107400,"locked":0,"sp_due":"00000000","rsp":"802125c8","rs":"00000000","rdp":"00000000","next":"00000000","qvalid":0,"qcapacity":8,"thread":"8006cf70","tasks":0}
PDOBS {"n":493,"ev":"guest_sp_handler","pc":"80001f68","count":"6efec159","frame":1,"a":"8006b3d8","b":"80360718","sp":"00000243","mi":"00000000","mask":"0000003f","cause":"10000000","sr":"2400ff01","dp":"00000008","type":13107400,"locked":0,"sp_due":"00000000","rsp":"802125c8","rs":"00000000","rdp":"00000000","next":"00000000","qvalid":0,"qcapacity":8,"thread":"80068f90","tasks":0}
PDOBS {"n":494,"ev":"guest_complete","pc":"80001e50","count":"6efec187","frame":1,"a":"8006b3d8","b":"802125c8","sp":"00000243","mi":"00000000","mask":"0000003f","cause":"10000000","sr":"2400ff01","dp":"00000008","type":13107400,"locked":0,"sp_due":"00000000","rsp":"00000000","rs":"00000000","rdp":"00000000","next":"00000000","qvalid":0,"qcapacity":8,"thread":"80068f90","tasks":0}
PDOBS {"n":495,"ev":"guest_exec","pc":"80001960","count":"6f175ad9","frame":1,"a":"8006b3d8","b":"80210d08","sp":"00000243","mi":"00000000","mask":"0000003f","cause":"10000000","sr":"2400ff01","dp":"00000008","type":13107400,"locked":0,"sp_due":"00000000","rsp":"00000000","rs":"00000000","rdp":"00000000","next":"00000000","qvalid":0,"qcapacity":8,"thread":"8006cf70","tasks":0}
PDOBS {"n":496,"ev":"sp_write_before","pc":"80035fd8","count":"6f176ca7","frame":1,"a":"00002b00","b":"ffffffff","sp":"00000243","mi":"00000000","mask":"0000003f","cause":"10000000","sr":"2400ff01","dp":"00000008","type":13107400,"locked":0,"sp_due":"00000000","rsp":"00000000","rs":"00000000","rdp":"00000000","next":"00000000","qvalid":0,"qcapacity":8,"thread":"8006cf70","tasks":0}
PDOBS {"n":497,"ev":"sp_write_after","pc":"80035fd8","count":"6f176ca7","frame":1,"a":"00002b00","b":"ffffffff","sp":"00000043","mi":"00000000","mask":"0000003f","cause":"10000000","sr":"2400ff01","dp":"00000008","type":13107400,"locked":0,"sp_due":"00000000","rsp":"00000000","rs":"00000000","rdp":"00000000","next":"00000000","qvalid":0,"qcapacity":8,"thread":"8006cf70","tasks":0}
PDOBS {"n":498,"ev":"sp_write_before","pc":"80035fd8","count":"6f176dff","frame":1,"a":"00000125","b":"ffffffff","sp":"00000043","mi":"00000000","mask":"0000003f","cause":"10000000","sr":"2400ff01","dp":"00000008","type":2,"locked":0,"sp_due":"00000000","rsp":"00000000","rs":"00000000","rdp":"00000000","next":"00000000","qvalid":0,"qcapacity":8,"thread":"8006cf70","tasks":0}
PDOBS {"n":499,"ev":"rsp_begin","pc":"80035fd8","count":"6f176dff","frame":1,"a":"00000002","b":"04001000","sp":"00000040","mi":"00000000","mask":"0000003f","cause":"10000000","sr":"2400ff01","dp":"00000008","type":2,"locked":0,"sp_due":"00000000","rsp":"00000000","rs":"00000000","rdp":"00000000","next":"00000000","qvalid":0,"qcapacity":8,"thread":"8006cf70","tasks":0}
PDOBS {"n":500,"ev":"rsp_return","pc":"80035fd8","count":"6f176dff","frame":1,"a":"00c800c8","b":"04001144","sp":"00000243","mi":"00000001","mask":"0000003f","cause":"10000400","sr":"2400ff01","dp":"00000008","type":13107400,"locked":0,"sp_due":"00000000","rsp":"00000000","rs":"00000000","rdp":"00000000","next":"00000000","qvalid":0,"qcapacity":8,"thread":"8006cf70","tasks":0}
PDOBS {"n":501,"ev":"mi_clear","pc":"80035fd8","count":"6f176e03","frame":1,"a":"00000001","b":"00000000","sp":"00000243","mi":"00000001","mask":"0000003f","cause":"10000400","sr":"2400ff01","dp":"00000008","type":13107400,"locked":0,"sp_due":"00000000","rsp":"00000000","rs":"00000000","rdp":"00000000","next":"00000000","qvalid":0,"qcapacity":8,"thread":"8006cf70","tasks":0}
PDOBS {"n":502,"ev":"rsp_deferred","pc":"80035fd8","count":"6f176e03","frame":1,"a":"00000fa0","b":"00000000","sp":"00000243","mi":"00000000","mask":"0000003f","cause":"10000000","sr":"2400ff01","dp":"00000008","type":13107400,"locked":0,"sp_due":"6f177da3","rsp":"00000000","rs":"00000000","rdp":"00000000","next":"00000000","qvalid":0,"qcapacity":8,"thread":"8006cf70","tasks":0}
PDOBS {"n":503,"ev":"rsp_exit","pc":"80035fd8","count":"6f176e03","frame":1,"a":"00000fa0","b":"00000000","sp":"00000040","mi":"00000000","mask":"0000003f","cause":"10000000","sr":"2400ff01","dp":"00000008","type":13107400,"locked":0,"sp_due":"6f177da3","rsp":"00000000","rs":"00000000","rdp":"00000000","next":"00000000","qvalid":0,"qcapacity":8,"thread":"8006cf70","tasks":0}
PDOBS {"n":504,"ev":"sp_write_after","pc":"80035fd8","count":"6f176e03","frame":1,"a":"00000125","b":"ffffffff","sp":"00000040","mi":"00000000","mask":"0000003f","cause":"10000000","sr":"2400ff01","dp":"00000008","type":13107400,"locked":0,"sp_due":"6f177da3","rsp":"00000000","rs":"00000000","rdp":"00000000","next":"00000000","qvalid":0,"qcapacity":8,"thread":"8006cf70","tasks":0}
PDOBS {"n":505,"ev":"sp_event","pc":"80033dc0","count":"6f177dbf","frame":1,"a":"00000000","b":"00000000","sp":"00000040","mi":"00000000","mask":"00000000","cause":"10000000","sr":"2400ff01","dp":"00000008","type":13107400,"locked":0,"sp_due":"00000000","rsp":"80210d08","rs":"00000000","rdp":"00000000","next":"00000000","qvalid":0,"qcapacity":8,"thread":"8006cf70","tasks":0}
PDOBS {"n":506,"ev":"mi_raise","pc":"80033dc0","count":"6f177dbf","frame":1,"a":"00000001","b":"00000000","sp":"00000243","mi":"00000000","mask":"00000000","cause":"10000000","sr":"2400ff01","dp":"00000008","type":13107400,"locked":0,"sp_due":"00000000","rsp":"80210d08","rs":"00000000","rdp":"00000000","next":"00000000","qvalid":0,"qcapacity":8,"thread":"8006cf70","tasks":0}
PDOBS {"n":507,"ev":"sp_write_before","pc":"80002fa4","count":"6f17800b","frame":1,"a":"00008008","b":"ffffffff","sp":"00000243","mi":"00000001","mask":"0000003f","cause":"10000400","sr":"2400ff00","dp":"00000008","type":13107400,"locked":0,"sp_due":"00000000","rsp":"80210d08","rs":"00000000","rdp":"00000000","next":"00000000","qvalid":0,"qcapacity":8,"thread":"8006cf70","tasks":0}
PDOBS {"n":508,"ev":"mi_clear","pc":"80002fa4","count":"6f17800b","frame":1,"a":"00000001","b":"00000000","sp":"00000243","mi":"00000001","mask":"0000003f","cause":"10000400","sr":"2400ff00","dp":"00000008","type":13107400,"locked":0,"sp_due":"00000000","rsp":"80210d08","rs":"00000000","rdp":"00000000","next":"00000000","qvalid":0,"qcapacity":8,"thread":"8006cf70","tasks":0}
PDOBS {"n":509,"ev":"sp_write_after","pc":"80002fa4","count":"6f17800b","frame":1,"a":"00008008","b":"ffffffff","sp":"00000243","mi":"00000000","mask":"0000003f","cause":"10000000","sr":"2400ff00","dp":"00000008","type":13107400,"locked":0,"sp_due":"00000000","rsp":"80210d08","rs":"00000000","rdp":"00000000","next":"00000000","qvalid":0,"qcapacity":8,"thread":"8006cf70","tasks":0}
PDOBS {"n":510,"ev":"guest_send","pc":"80003208","count":"6f17801f","frame":1,"a":"00000020","b":"8006b418","sp":"00000243","mi":"00000000","mask":"0000003f","cause":"10000000","sr":"2400ff00","dp":"00000008","type":13107400,"locked":0,"sp_due":"00000000","rsp":"80210d08","rs":"00000000","rdp":"00000000","next":"00000000","qvalid":0,"qcapacity":8,"thread":"8006cf70","tasks":0}
PDOBS {"n":511,"ev":"guest_fullcheck","pc":"80003230","count":"6f17802d","frame":1,"a":"00000020","b":"8006b418","sp":"00000243","mi":"00000000","mask":"0000003f","cause":"10000000","sr":"2400ff00","dp":"00000008","type":13107400,"locked":0,"sp_due":"00000000","rsp":"80210d08","rs":"00000000","rdp":"00000000","next":"00000000","qvalid":0,"qcapacity":8,"thread":"8006cf70","tasks":0}
PDOBS {"n":512,"ev":"guest_sp_handler","pc":"80001f68","count":"6f17824b","frame":1,"a":"8006b3d8","b":"80360718","sp":"00000243","mi":"00000000","mask":"0000003f","cause":"10000000","sr":"2400ff01","dp":"00000008","type":13107400,"locked":0,"sp_due":"00000000","rsp":"80210d08","rs":"00000000","rdp":"00000000","next":"00000000","qvalid":0,"qcapacity":8,"thread":"80068f90","tasks":0}
PDOBS {"n":513,"ev":"guest_complete","pc":"80001e50","count":"6f178279","frame":1,"a":"8006b3d8","b":"80210d08","sp":"00000243","mi":"00000000","mask":"0000003f","cause":"10000000","sr":"2400ff01","dp":"00000008","type":13107400,"locked":0,"sp_due":"00000000","rsp":"00000000","rs":"00000000","rdp":"00000000","next":"00000000","qvalid":0,"qcapacity":8,"thread":"80068f90","tasks":0}
PDOBS {"n":514,"ev":"guest_exec","pc":"80001960","count":"6f301bd1","frame":1,"a":"8006b3d8","b":"80211968","sp":"00000243","mi":"00000000","mask":"0000003f","cause":"10000000","sr":"2400ff01","dp":"00000008","type":13107400,"locked":0,"sp_due":"00000000","rsp":"00000000","rs":"00000000","rdp":"00000000","next":"00000000","qvalid":0,"qcapacity":8,"thread":"8006cf70","tasks":0}
PDOBS {"n":515,"ev":"sp_write_before","pc":"80035fd8","count":"6f302d9f","frame":1,"a":"00002b00","b":"ffffffff","sp":"00000243","mi":"00000000","mask":"0000003f","cause":"10000000","sr":"2400ff01","dp":"00000008","type":13107400,"locked":0,"sp_due":"00000000","rsp":"00000000","rs":"00000000","rdp":"00000000","next":"00000000","qvalid":0,"qcapacity":8,"thread":"8006cf70","tasks":0}
PDOBS {"n":516,"ev":"sp_write_after","pc":"80035fd8","count":"6f302d9f","frame":1,"a":"00002b00","b":"ffffffff","sp":"00000043","mi":"00000000","mask":"0000003f","cause":"10000000","sr":"2400ff01","dp":"00000008","type":13107400,"locked":0,"sp_due":"00000000","rsp":"00000000","rs":"00000000","rdp":"00000000","next":"00000000","qvalid":0,"qcapacity":8,"thread":"8006cf70","tasks":0}
PDOBS {"n":517,"ev":"sp_write_before","pc":"80035fd8","count":"6f302ef7","frame":1,"a":"00000125","b":"ffffffff","sp":"00000043","mi":"00000000","mask":"0000003f","cause":"10000000","sr":"2400ff01","dp":"00000008","type":2,"locked":0,"sp_due":"00000000","rsp":"00000000","rs":"00000000","rdp":"00000000","next":"00000000","qvalid":0,"qcapacity":8,"thread":"8006cf70","tasks":0}
PDOBS {"n":518,"ev":"rsp_begin","pc":"80035fd8","count":"6f302ef7","frame":1,"a":"00000002","b":"04001000","sp":"00000040","mi":"00000000","mask":"0000003f","cause":"10000000","sr":"2400ff01","dp":"00000008","type":2,"locked":0,"sp_due":"00000000","rsp":"00000000","rs":"00000000","rdp":"00000000","next":"00000000","qvalid":0,"qcapacity":8,"thread":"8006cf70","tasks":0}
PDOBS {"n":519,"ev":"rsp_return","pc":"80035fd8","count":"6f302ef7","frame":1,"a":"00c800c8","b":"04001144","sp":"00000243","mi":"00000001","mask":"0000003f","cause":"10000400","sr":"2400ff01","dp":"00000008","type":13107400,"locked":0,"sp_due":"00000000","rsp":"00000000","rs":"00000000","rdp":"00000000","next":"00000000","qvalid":0,"qcapacity":8,"thread":"8006cf70","tasks":0}
PDOBS {"n":520,"ev":"mi_clear","pc":"80035fd8","count":"6f302efb","frame":1,"a":"00000001","b":"00000000","sp":"00000243","mi":"00000001","mask":"0000003f","cause":"10000400","sr":"2400ff01","dp":"00000008","type":13107400,"locked":0,"sp_due":"00000000","rsp":"00000000","rs":"00000000","rdp":"00000000","next":"00000000","qvalid":0,"qcapacity":8,"thread":"8006cf70","tasks":0}
PDOBS {"n":521,"ev":"rsp_deferred","pc":"80035fd8","count":"6f302efb","frame":1,"a":"00000fa0","b":"00000000","sp":"00000243","mi":"00000000","mask":"0000003f","cause":"10000000","sr":"2400ff01","dp":"00000008","type":13107400,"locked":0,"sp_due":"6f303e9b","rsp":"00000000","rs":"00000000","rdp":"00000000","next":"00000000","qvalid":0,"qcapacity":8,"thread":"8006cf70","tasks":0}
PDOBS {"n":522,"ev":"rsp_exit","pc":"80035fd8","count":"6f302efb","frame":1,"a":"00000fa0","b":"00000000","sp":"00000040","mi":"00000000","mask":"0000003f","cause":"10000000","sr":"2400ff01","dp":"00000008","type":13107400,"locked":0,"sp_due":"6f303e9b","rsp":"00000000","rs":"00000000","rdp":"00000000","next":"00000000","qvalid":0,"qcapacity":8,"thread":"8006cf70","tasks":0}
PDOBS {"n":523,"ev":"sp_write_after","pc":"80035fd8","count":"6f302efb","frame":1,"a":"00000125","b":"ffffffff","sp":"00000040","mi":"00000000","mask":"0000003f","cause":"10000000","sr":"2400ff01","dp":"00000008","type":13107400,"locked":0,"sp_due":"6f303e9b","rsp":"00000000","rs":"00000000","rdp":"00000000","next":"00000000","qvalid":0,"qcapacity":8,"thread":"8006cf70","tasks":0}
PDOBS {"n":524,"ev":"sp_event","pc":"80033dc0","count":"6f303eb7","frame":1,"a":"00000000","b":"00000000","sp":"00000040","mi":"00000000","mask":"00000000","cause":"10000000","sr":"2400ff01","dp":"00000008","type":13107400,"locked":0,"sp_due":"00000000","rsp":"80211968","rs":"00000000","rdp":"00000000","next":"00000000","qvalid":0,"qcapacity":8,"thread":"8006cf70","tasks":0}
PDOBS {"n":525,"ev":"mi_raise","pc":"80033dc0","count":"6f303eb7","frame":1,"a":"00000001","b":"00000000","sp":"00000243","mi":"00000000","mask":"00000000","cause":"10000000","sr":"2400ff01","dp":"00000008","type":13107400,"locked":0,"sp_due":"00000000","rsp":"80211968","rs":"00000000","rdp":"00000000","next":"00000000","qvalid":0,"qcapacity":8,"thread":"8006cf70","tasks":0}
PDOBS {"n":526,"ev":"sp_write_before","pc":"80002fa4","count":"6f304103","frame":1,"a":"00008008","b":"ffffffff","sp":"00000243","mi":"00000001","mask":"0000003f","cause":"10000400","sr":"2400ff00","dp":"00000008","type":13107400,"locked":0,"sp_due":"00000000","rsp":"80211968","rs":"00000000","rdp":"00000000","next":"00000000","qvalid":0,"qcapacity":8,"thread":"8006cf70","tasks":0}
PDOBS {"n":527,"ev":"mi_clear","pc":"80002fa4","count":"6f304103","frame":1,"a":"00000001","b":"00000000","sp":"00000243","mi":"00000001","mask":"0000003f","cause":"10000400","sr":"2400ff00","dp":"00000008","type":13107400,"locked":0,"sp_due":"00000000","rsp":"80211968","rs":"00000000","rdp":"00000000","next":"00000000","qvalid":0,"qcapacity":8,"thread":"8006cf70","tasks":0}
PDOBS {"n":528,"ev":"sp_write_after","pc":"80002fa4","count":"6f304103","frame":1,"a":"00008008","b":"ffffffff","sp":"00000243","mi":"00000000","mask":"0000003f","cause":"10000000","sr":"2400ff00","dp":"00000008","type":13107400,"locked":0,"sp_due":"00000000","rsp":"80211968","rs":"00000000","rdp":"00000000","next":"00000000","qvalid":0,"qcapacity":8,"thread":"8006cf70","tasks":0}
PDOBS {"n":529,"ev":"guest_send","pc":"80003208","count":"6f304117","frame":1,"a":"00000020","b":"8006b418","sp":"00000243","mi":"00000000","mask":"0000003f","cause":"10000000","sr":"2400ff00","dp":"00000008","type":13107400,"locked":0,"sp_due":"00000000","rsp":"80211968","rs":"00000000","rdp":"00000000","next":"00000000","qvalid":0,"qcapacity":8,"thread":"8006cf70","tasks":0}
PDOBS {"n":530,"ev":"guest_fullcheck","pc":"80003230","count":"6f304125","frame":1,"a":"00000020","b":"8006b418","sp":"00000243","mi":"00000000","mask":"0000003f","cause":"10000000","sr":"2400ff00","dp":"00000008","type":13107400,"locked":0,"sp_due":"00000000","rsp":"80211968","rs":"00000000","rdp":"00000000","next":"00000000","qvalid":0,"qcapacity":8,"thread":"8006cf70","tasks":0}
PDOBS {"n":531,"ev":"guest_sp_handler","pc":"80001f68","count":"6f30433f","frame":1,"a":"8006b3d8","b":"80360718","sp":"00000243","mi":"00000000","mask":"0000003f","cause":"10000000","sr":"2400ff01","dp":"00000008","type":13107400,"locked":0,"sp_due":"00000000","rsp":"80211968","rs":"00000000","rdp":"00000000","next":"00000000","qvalid":0,"qcapacity":8,"thread":"80068f90","tasks":0}
PDOBS {"n":532,"ev":"guest_complete","pc":"80001e50","count":"6f30436d","frame":1,"a":"8006b3d8","b":"80211968","sp":"00000243","mi":"00000000","mask":"0000003f","cause":"10000000","sr":"2400ff01","dp":"00000008","type":13107400,"locked":0,"sp_due":"00000000","rsp":"00000000","rs":"00000000","rdp":"00000000","next":"00000000","qvalid":0,"qcapacity":8,"thread":"80068f90","tasks":0}
PDOBS {"n":533,"ev":"guest_exec","pc":"80001960","count":"6f48dcc3","frame":1,"a":"8006b3d8","b":"802125c8","sp":"00000243","mi":"00000000","mask":"0000003f","cause":"10000000","sr":"2400ff01","dp":"00000008","type":13107400,"locked":0,"sp_due":"00000000","rsp":"00000000","rs":"00000000","rdp":"00000000","next":"00000000","qvalid":0,"qcapacity":8,"thread":"8006cf70","tasks":0}
PDOBS {"n":534,"ev":"sp_write_before","pc":"80035fd8","count":"6f48ee91","frame":1,"a":"00002b00","b":"ffffffff","sp":"00000243","mi":"00000000","mask":"0000003f","cause":"10000000","sr":"2400ff01","dp":"00000008","type":13107400,"locked":0,"sp_due":"00000000","rsp":"00000000","rs":"00000000","rdp":"00000000","next":"00000000","qvalid":0,"qcapacity":8,"thread":"8006cf70","tasks":0}
PDOBS {"n":535,"ev":"sp_write_after","pc":"80035fd8","count":"6f48ee91","frame":1,"a":"00002b00","b":"ffffffff","sp":"00000043","mi":"00000000","mask":"0000003f","cause":"10000000","sr":"2400ff01","dp":"00000008","type":13107400,"locked":0,"sp_due":"00000000","rsp":"00000000","rs":"00000000","rdp":"00000000","next":"00000000","qvalid":0,"qcapacity":8,"thread":"8006cf70","tasks":0}
PDOBS {"n":536,"ev":"sp_write_before","pc":"80035fd8","count":"6f48efe9","frame":1,"a":"00000125","b":"ffffffff","sp":"00000043","mi":"00000000","mask":"0000003f","cause":"10000000","sr":"2400ff01","dp":"00000008","type":2,"locked":0,"sp_due":"00000000","rsp":"00000000","rs":"00000000","rdp":"00000000","next":"00000000","qvalid":0,"qcapacity":8,"thread":"8006cf70","tasks":0}
PDOBS {"n":537,"ev":"rsp_begin","pc":"80035fd8","count":"6f48efe9","frame":1,"a":"00000002","b":"04001000","sp":"00000040","mi":"00000000","mask":"0000003f","cause":"10000000","sr":"2400ff01","dp":"00000008","type":2,"locked":0,"sp_due":"00000000","rsp":"00000000","rs":"00000000","rdp":"00000000","next":"00000000","qvalid":0,"qcapacity":8,"thread":"8006cf70","tasks":0}
PDOBS {"n":538,"ev":"rsp_return","pc":"80035fd8","count":"6f48efe9","frame":1,"a":"00c000c0","b":"04001144","sp":"00000243","mi":"00000001","mask":"0000003f","cause":"10000400","sr":"2400ff01","dp":"00000008","type":12583104,"locked":0,"sp_due":"00000000","rsp":"00000000","rs":"00000000","rdp":"00000000","next":"00000000","qvalid":0,"qcapacity":8,"thread":"8006cf70","tasks":0}
PDOBS {"n":539,"ev":"mi_clear","pc":"80035fd8","count":"6f48efed","frame":1,"a":"00000001","b":"00000000","sp":"00000243","mi":"00000001","mask":"0000003f","cause":"10000400","sr":"2400ff01","dp":"00000008","type":12583104,"locked":0,"sp_due":"00000000","rsp":"00000000","rs":"00000000","rdp":"00000000","next":"00000000","qvalid":0,"qcapacity":8,"thread":"8006cf70","tasks":0}
PDOBS {"n":540,"ev":"rsp_deferred","pc":"80035fd8","count":"6f48efed","frame":1,"a":"00000fa0","b":"00000000","sp":"00000243","mi":"00000000","mask":"0000003f","cause":"10000000","sr":"2400ff01","dp":"00000008","type":12583104,"locked":0,"sp_due":"6f48ff8d","rsp":"00000000","rs":"00000000","rdp":"00000000","next":"00000000","qvalid":0,"qcapacity":8,"thread":"8006cf70","tasks":0}
PDOBS {"n":541,"ev":"rsp_exit","pc":"80035fd8","count":"6f48efed","frame":1,"a":"00000fa0","b":"00000000","sp":"00000040","mi":"00000000","mask":"0000003f","cause":"10000000","sr":"2400ff01","dp":"00000008","type":12583104,"locked":0,"sp_due":"6f48ff8d","rsp":"00000000","rs":"00000000","rdp":"00000000","next":"00000000","qvalid":0,"qcapacity":8,"thread":"8006cf70","tasks":0}
PDOBS {"n":542,"ev":"sp_write_after","pc":"80035fd8","count":"6f48efed","frame":1,"a":"00000125","b":"ffffffff","sp":"00000040","mi":"00000000","mask":"0000003f","cause":"10000000","sr":"2400ff01","dp":"00000008","type":12583104,"locked":0,"sp_due":"6f48ff8d","rsp":"00000000","rs":"00000000","rdp":"00000000","next":"00000000","qvalid":0,"qcapacity":8,"thread":"8006cf70","tasks":0}
PDOBS {"n":543,"ev":"sp_event","pc":"80033dc0","count":"6f48ffa9","frame":1,"a":"00000000","b":"00000000","sp":"00000040","mi":"00000000","mask":"00000000","cause":"10000000","sr":"2400ff01","dp":"00000008","type":12583104,"locked":0,"sp_due":"00000000","rsp":"802125c8","rs":"00000000","rdp":"00000000","next":"00000000","qvalid":0,"qcapacity":8,"thread":"8006cf70","tasks":0}
PDOBS {"n":544,"ev":"mi_raise","pc":"80033dc0","count":"6f48ffa9","frame":1,"a":"00000001","b":"00000000","sp":"00000243","mi":"00000000","mask":"00000000","cause":"10000000","sr":"2400ff01","dp":"00000008","type":12583104,"locked":0,"sp_due":"00000000","rsp":"802125c8","rs":"00000000","rdp":"00000000","next":"00000000","qvalid":0,"qcapacity":8,"thread":"8006cf70","tasks":0}
PDOBS {"n":545,"ev":"sp_write_before","pc":"80002fa4","count":"6f4901f5","frame":1,"a":"00008008","b":"ffffffff","sp":"00000243","mi":"00000001","mask":"0000003f","cause":"10000400","sr":"2400ff00","dp":"00000008","type":12583104,"locked":0,"sp_due":"00000000","rsp":"802125c8","rs":"00000000","rdp":"00000000","next":"00000000","qvalid":0,"qcapacity":8,"thread":"8006cf70","tasks":0}
PDOBS {"n":546,"ev":"mi_clear","pc":"80002fa4","count":"6f4901f5","frame":1,"a":"00000001","b":"00000000","sp":"00000243","mi":"00000001","mask":"0000003f","cause":"10000400","sr":"2400ff00","dp":"00000008","type":12583104,"locked":0,"sp_due":"00000000","rsp":"802125c8","rs":"00000000","rdp":"00000000","next":"00000000","qvalid":0,"qcapacity":8,"thread":"8006cf70","tasks":0}
PDOBS {"n":547,"ev":"sp_write_after","pc":"80002fa4","count":"6f4901f5","frame":1,"a":"00008008","b":"ffffffff","sp":"00000243","mi":"00000000","mask":"0000003f","cause":"10000000","sr":"2400ff00","dp":"00000008","type":12583104,"locked":0,"sp_due":"00000000","rsp":"802125c8","rs":"00000000","rdp":"00000000","next":"00000000","qvalid":0,"qcapacity":8,"thread":"8006cf70","tasks":0}
PDOBS {"n":548,"ev":"guest_send","pc":"80003208","count":"6f490209","frame":1,"a":"00000020","b":"8006b418","sp":"00000243","mi":"00000000","mask":"0000003f","cause":"10000000","sr":"2400ff00","dp":"00000008","type":12583104,"locked":0,"sp_due":"00000000","rsp":"802125c8","rs":"00000000","rdp":"00000000","next":"00000000","qvalid":0,"qcapacity":8,"thread":"8006cf70","tasks":0}
PDOBS {"n":549,"ev":"guest_fullcheck","pc":"80003230","count":"6f490217","frame":1,"a":"00000020","b":"8006b418","sp":"00000243","mi":"00000000","mask":"0000003f","cause":"10000000","sr":"2400ff00","dp":"00000008","type":12583104,"locked":0,"sp_due":"00000000","rsp":"802125c8","rs":"00000000","rdp":"00000000","next":"00000000","qvalid":0,"qcapacity":8,"thread":"8006cf70","tasks":0}
PDOBS {"n":550,"ev":"guest_sp_handler","pc":"80001f68","count":"6f490431","frame":1,"a":"8006b3d8","b":"80360718","sp":"00000243","mi":"00000000","mask":"0000003f","cause":"10000000","sr":"2400ff01","dp":"00000008","type":12583104,"locked":0,"sp_due":"00000000","rsp":"802125c8","rs":"00000000","rdp":"00000000","next":"00000000","qvalid":0,"qcapacity":8,"thread":"80068f90","tasks":0}
PDOBS {"n":551,"ev":"guest_complete","pc":"80001e50","count":"6f49045f","frame":1,"a":"8006b3d8","b":"802125c8","sp":"00000243","mi":"00000000","mask":"0000003f","cause":"10000000","sr":"2400ff01","dp":"00000008","type":12583104,"locked":0,"sp_due":"00000000","rsp":"00000000","rs":"00000000","rdp":"00000000","next":"00000000","qvalid":0,"qcapacity":8,"thread":"80068f90","tasks":0}
PDOBS {"n":552,"ev":"guest_exec","pc":"80001960","count":"6f619d91","frame":1,"a":"8006b3d8","b":"80210d08","sp":"00000243","mi":"00000000","mask":"0000003f","cause":"10000000","sr":"2400ff01","dp":"00000008","type":12583104,"locked":0,"sp_due":"00000000","rsp":"00000000","rs":"00000000","rdp":"00000000","next":"00000000","qvalid":0,"qcapacity":8,"thread":"8006cf70","tasks":0}
PDOBS {"n":553,"ev":"sp_write_before","pc":"80035fd8","count":"6f61af5f","frame":1,"a":"00002b00","b":"ffffffff","sp":"00000243","mi":"00000000","mask":"0000003f","cause":"10000000","sr":"2400ff01","dp":"00000008","type":12583104,"locked":0,"sp_due":"00000000","rsp":"00000000","rs":"00000000","rdp":"00000000","next":"00000000","qvalid":0,"qcapacity":8,"thread":"8006cf70","tasks":0}
PDOBS {"n":554,"ev":"sp_write_after","pc":"80035fd8","count":"6f61af5f","frame":1,"a":"00002b00","b":"ffffffff","sp":"00000043","mi":"00000000","mask":"0000003f","cause":"10000000","sr":"2400ff01","dp":"00000008","type":12583104,"locked":0,"sp_due":"00000000","rsp":"00000000","rs":"00000000","rdp":"00000000","next":"00000000","qvalid":0,"qcapacity":8,"thread":"8006cf70","tasks":0}
PDOBS {"n":555,"ev":"sp_write_before","pc":"80035fd8","count":"6f61b0b7","frame":1,"a":"00000125","b":"ffffffff","sp":"00000043","mi":"00000000","mask":"0000003f","cause":"10000000","sr":"2400ff01","dp":"00000008","type":2,"locked":0,"sp_due":"00000000","rsp":"00000000","rs":"00000000","rdp":"00000000","next":"00000000","qvalid":0,"qcapacity":8,"thread":"8006cf70","tasks":0}
PDOBS {"n":556,"ev":"rsp_begin","pc":"80035fd8","count":"6f61b0b7","frame":1,"a":"00000002","b":"04001000","sp":"00000040","mi":"00000000","mask":"0000003f","cause":"10000000","sr":"2400ff01","dp":"00000008","type":2,"locked":0,"sp_due":"00000000","rsp":"00000000","rs":"00000000","rdp":"00000000","next":"00000000","qvalid":0,"qcapacity":8,"thread":"8006cf70","tasks":0}
PDOBS {"n":557,"ev":"rsp_return","pc":"80035fd8","count":"6f61b0b7","frame":1,"a":"02b802b8","b":"04001144","sp":"00000243","mi":"00000001","mask":"0000003f","cause":"10000400","sr":"2400ff01","dp":"00000008","type":45613752,"locked":0,"sp_due":"00000000","rsp":"00000000","rs":"00000000","rdp":"00000000","next":"00000000","qvalid":0,"qcapacity":8,"thread":"8006cf70","tasks":0}
PDOBS {"n":558,"ev":"mi_clear","pc":"80035fd8","count":"6f61b0bb","frame":1,"a":"00000001","b":"00000000","sp":"00000243","mi":"00000001","mask":"0000003f","cause":"10000400","sr":"2400ff01","dp":"00000008","type":45613752,"locked":0,"sp_due":"00000000","rsp":"00000000","rs":"00000000","rdp":"00000000","next":"00000000","qvalid":0,"qcapacity":8,"thread":"8006cf70","tasks":0}
PDOBS {"n":559,"ev":"rsp_deferred","pc":"80035fd8","count":"6f61b0bb","frame":1,"a":"00000fa0","b":"00000000","sp":"00000243","mi":"00000000","mask":"0000003f","cause":"10000000","sr":"2400ff01","dp":"00000008","type":45613752,"locked":0,"sp_due":"6f61c05b","rsp":"00000000","rs":"00000000","rdp":"00000000","next":"00000000","qvalid":0,"qcapacity":8,"thread":"8006cf70","tasks":0}
PDOBS {"n":560,"ev":"rsp_exit","pc":"80035fd8","count":"6f61b0bb","frame":1,"a":"00000fa0","b":"00000000","sp":"00000040","mi":"00000000","mask":"0000003f","cause":"10000000","sr":"2400ff01","dp":"00000008","type":45613752,"locked":0,"sp_due":"6f61c05b","rsp":"00000000","rs":"00000000","rdp":"00000000","next":"00000000","qvalid":0,"qcapacity":8,"thread":"8006cf70","tasks":0}
PDOBS {"n":561,"ev":"sp_write_after","pc":"80035fd8","count":"6f61b0bb","frame":1,"a":"00000125","b":"ffffffff","sp":"00000040","mi":"00000000","mask":"0000003f","cause":"10000000","sr":"2400ff01","dp":"00000008","type":45613752,"locked":0,"sp_due":"6f61c05b","rsp":"00000000","rs":"00000000","rdp":"00000000","next":"00000000","qvalid":0,"qcapacity":8,"thread":"8006cf70","tasks":0}
PDOBS {"n":562,"ev":"sp_event","pc":"80033dc0","count":"6f61c077","frame":1,"a":"00000000","b":"00000000","sp":"00000040","mi":"00000000","mask":"00000000","cause":"10000000","sr":"2400ff01","dp":"00000008","type":45613752,"locked":0,"sp_due":"00000000","rsp":"80210d08","rs":"00000000","rdp":"00000000","next":"00000000","qvalid":0,"qcapacity":8,"thread":"8006cf70","tasks":0}
PDOBS {"n":563,"ev":"mi_raise","pc":"80033dc0","count":"6f61c077","frame":1,"a":"00000001","b":"00000000","sp":"00000243","mi":"00000000","mask":"00000000","cause":"10000000","sr":"2400ff01","dp":"00000008","type":45613752,"locked":0,"sp_due":"00000000","rsp":"80210d08","rs":"00000000","rdp":"00000000","next":"00000000","qvalid":0,"qcapacity":8,"thread":"8006cf70","tasks":0}
PDOBS {"n":564,"ev":"sp_write_before","pc":"80002fa4","count":"6f61c2c3","frame":1,"a":"00008008","b":"ffffffff","sp":"00000243","mi":"00000001","mask":"0000003f","cause":"10000400","sr":"2400ff00","dp":"00000008","type":45613752,"locked":0,"sp_due":"00000000","rsp":"80210d08","rs":"00000000","rdp":"00000000","next":"00000000","qvalid":0,"qcapacity":8,"thread":"8006cf70","tasks":0}
PDOBS {"n":565,"ev":"mi_clear","pc":"80002fa4","count":"6f61c2c3","frame":1,"a":"00000001","b":"00000000","sp":"00000243","mi":"00000001","mask":"0000003f","cause":"10000400","sr":"2400ff00","dp":"00000008","type":45613752,"locked":0,"sp_due":"00000000","rsp":"80210d08","rs":"00000000","rdp":"00000000","next":"00000000","qvalid":0,"qcapacity":8,"thread":"8006cf70","tasks":0}
PDOBS {"n":566,"ev":"sp_write_after","pc":"80002fa4","count":"6f61c2c3","frame":1,"a":"00008008","b":"ffffffff","sp":"00000243","mi":"00000000","mask":"0000003f","cause":"10000000","sr":"2400ff00","dp":"00000008","type":45613752,"locked":0,"sp_due":"00000000","rsp":"80210d08","rs":"00000000","rdp":"00000000","next":"00000000","qvalid":0,"qcapacity":8,"thread":"8006cf70","tasks":0}
PDOBS {"n":567,"ev":"guest_send","pc":"80003208","count":"6f61c2d7","frame":1,"a":"00000020","b":"8006b418","sp":"00000243","mi":"00000000","mask":"0000003f","cause":"10000000","sr":"2400ff00","dp":"00000008","type":45613752,"locked":0,"sp_due":"00000000","rsp":"80210d08","rs":"00000000","rdp":"00000000","next":"00000000","qvalid":0,"qcapacity":8,"thread":"8006cf70","tasks":0}
PDOBS {"n":568,"ev":"guest_fullcheck","pc":"80003230","count":"6f61c2e5","frame":1,"a":"00000020","b":"8006b418","sp":"00000243","mi":"00000000","mask":"0000003f","cause":"10000000","sr":"2400ff00","dp":"00000008","type":45613752,"locked":0,"sp_due":"00000000","rsp":"80210d08","rs":"00000000","rdp":"00000000","next":"00000000","qvalid":0,"qcapacity":8,"thread":"8006cf70","tasks":0}
PDOBS {"n":569,"ev":"guest_sp_handler","pc":"80001f68","count":"6f61c4ff","frame":1,"a":"8006b3d8","b":"80360718","sp":"00000243","mi":"00000000","mask":"0000003f","cause":"10000000","sr":"2400ff01","dp":"00000008","type":45613752,"locked":0,"sp_due":"00000000","rsp":"80210d08","rs":"00000000","rdp":"00000000","next":"00000000","qvalid":0,"qcapacity":8,"thread":"80068f90","tasks":0}
PDOBS {"n":570,"ev":"guest_complete","pc":"80001e50","count":"6f61c52d","frame":1,"a":"8006b3d8","b":"80210d08","sp":"00000243","mi":"00000000","mask":"0000003f","cause":"10000000","sr":"2400ff01","dp":"00000008","type":45613752,"locked":0,"sp_due":"00000000","rsp":"00000000","rs":"00000000","rdp":"00000000","next":"00000000","qvalid":0,"qcapacity":8,"thread":"80068f90","tasks":0}
PDOBS {"n":571,"ev":"guest_exec","pc":"80001960","count":"6f7a5ea9","frame":1,"a":"8006b3d8","b":"80211968","sp":"00000243","mi":"00000000","mask":"0000003f","cause":"10000000","sr":"2400ff01","dp":"00000008","type":45613752,"locked":0,"sp_due":"00000000","rsp":"00000000","rs":"00000000","rdp":"00000000","next":"00000000","qvalid":0,"qcapacity":8,"thread":"8006cf70","tasks":0}
PDOBS {"n":572,"ev":"sp_write_before","pc":"80035fd8","count":"6f7a7077","frame":1,"a":"00002b00","b":"ffffffff","sp":"00000243","mi":"00000000","mask":"0000003f","cause":"10000000","sr":"2400ff01","dp":"00000008","type":45613752,"locked":0,"sp_due":"00000000","rsp":"00000000","rs":"00000000","rdp":"00000000","next":"00000000","qvalid":0,"qcapacity":8,"thread":"8006cf70","tasks":0}
PDOBS {"n":573,"ev":"sp_write_after","pc":"80035fd8","count":"6f7a7077","frame":1,"a":"00002b00","b":"ffffffff","sp":"00000043","mi":"00000000","mask":"0000003f","cause":"10000000","sr":"2400ff01","dp":"00000008","type":45613752,"locked":0,"sp_due":"00000000","rsp":"00000000","rs":"00000000","rdp":"00000000","next":"00000000","qvalid":0,"qcapacity":8,"thread":"8006cf70","tasks":0}
PDOBS {"n":574,"ev":"sp_write_before","pc":"80035fd8","count":"6f7a71cf","frame":1,"a":"00000125","b":"ffffffff","sp":"00000043","mi":"00000000","mask":"0000003f","cause":"10000000","sr":"2400ff01","dp":"00000008","type":2,"locked":0,"sp_due":"00000000","rsp":"00000000","rs":"00000000","rdp":"00000000","next":"00000000","qvalid":0,"qcapacity":8,"thread":"8006cf70","tasks":0}
PDOBS {"n":575,"ev":"rsp_begin","pc":"80035fd8","count":"6f7a71cf","frame":1,"a":"00000002","b":"04001000","sp":"00000040","mi":"00000000","mask":"0000003f","cause":"10000000","sr":"2400ff01","dp":"00000008","type":2,"locked":0,"sp_due":"00000000","rsp":"00000000","rs":"00000000","rdp":"00000000","next":"00000000","qvalid":0,"qcapacity":8,"thread":"8006cf70","tasks":0}
PDOBS {"n":576,"ev":"rsp_return","pc":"80035fd8","count":"6f7a71cf","frame":1,"a":"02a802a8","b":"04001144","sp":"00000243","mi":"00000001","mask":"0000003f","cause":"10000400","sr":"2400ff01","dp":"00000008","type":44565160,"locked":0,"sp_due":"00000000","rsp":"00000000","rs":"00000000","rdp":"00000000","next":"00000000","qvalid":0,"qcapacity":8,"thread":"8006cf70","tasks":0}
PDOBS {"n":577,"ev":"mi_clear","pc":"80035fd8","count":"6f7a71d3","frame":1,"a":"00000001","b":"00000000","sp":"00000243","mi":"00000001","mask":"0000003f","cause":"10000400","sr":"2400ff01","dp":"00000008","type":44565160,"locked":0,"sp_due":"00000000","rsp":"00000000","rs":"00000000","rdp":"00000000","next":"00000000","qvalid":0,"qcapacity":8,"thread":"8006cf70","tasks":0}
PDOBS {"n":578,"ev":"rsp_deferred","pc":"80035fd8","count":"6f7a71d3","frame":1,"a":"00000fa0","b":"00000000","sp":"00000243","mi":"00000000","mask":"0000003f","cause":"10000000","sr":"2400ff01","dp":"00000008","type":44565160,"locked":0,"sp_due":"6f7a8173","rsp":"00000000","rs":"00000000","rdp":"00000000","next":"00000000","qvalid":0,"qcapacity":8,"thread":"8006cf70","tasks":0}
PDOBS {"n":579,"ev":"rsp_exit","pc":"80035fd8","count":"6f7a71d3","frame":1,"a":"00000fa0","b":"00000000","sp":"00000040","mi":"00000000","mask":"0000003f","cause":"10000000","sr":"2400ff01","dp":"00000008","type":44565160,"locked":0,"sp_due":"6f7a8173","rsp":"00000000","rs":"00000000","rdp":"00000000","next":"00000000","qvalid":0,"qcapacity":8,"thread":"8006cf70","tasks":0}
PDOBS {"n":580,"ev":"sp_write_after","pc":"80035fd8","count":"6f7a71d3","frame":1,"a":"00000125","b":"ffffffff","sp":"00000040","mi":"00000000","mask":"0000003f","cause":"10000000","sr":"2400ff01","dp":"00000008","type":44565160,"locked":0,"sp_due":"6f7a8173","rsp":"00000000","rs":"00000000","rdp":"00000000","next":"00000000","qvalid":0,"qcapacity":8,"thread":"8006cf70","tasks":0}
PDOBS {"n":581,"ev":"sp_event","pc":"80033dc0","count":"6f7a818f","frame":1,"a":"00000000","b":"00000000","sp":"00000040","mi":"00000000","mask":"00000000","cause":"10000000","sr":"2400ff01","dp":"00000008","type":44565160,"locked":0,"sp_due":"00000000","rsp":"80211968","rs":"00000000","rdp":"00000000","next":"00000000","qvalid":0,"qcapacity":8,"thread":"8006cf70","tasks":0}
PDOBS {"n":582,"ev":"mi_raise","pc":"80033dc0","count":"6f7a818f","frame":1,"a":"00000001","b":"00000000","sp":"00000243","mi":"00000000","mask":"00000000","cause":"10000000","sr":"2400ff01","dp":"00000008","type":44565160,"locked":0,"sp_due":"00000000","rsp":"80211968","rs":"00000000","rdp":"00000000","next":"00000000","qvalid":0,"qcapacity":8,"thread":"8006cf70","tasks":0}
PDOBS {"n":583,"ev":"sp_write_before","pc":"80002fa4","count":"6f7a83db","frame":1,"a":"00008008","b":"ffffffff","sp":"00000243","mi":"00000001","mask":"0000003f","cause":"10000400","sr":"2400ff00","dp":"00000008","type":44565160,"locked":0,"sp_due":"00000000","rsp":"80211968","rs":"00000000","rdp":"00000000","next":"00000000","qvalid":0,"qcapacity":8,"thread":"8006cf70","tasks":0}
PDOBS {"n":584,"ev":"mi_clear","pc":"80002fa4","count":"6f7a83db","frame":1,"a":"00000001","b":"00000000","sp":"00000243","mi":"00000001","mask":"0000003f","cause":"10000400","sr":"2400ff00","dp":"00000008","type":44565160,"locked":0,"sp_due":"00000000","rsp":"80211968","rs":"00000000","rdp":"00000000","next":"00000000","qvalid":0,"qcapacity":8,"thread":"8006cf70","tasks":0}
PDOBS {"n":585,"ev":"sp_write_after","pc":"80002fa4","count":"6f7a83db","frame":1,"a":"00008008","b":"ffffffff","sp":"00000243","mi":"00000000","mask":"0000003f","cause":"10000000","sr":"2400ff00","dp":"00000008","type":44565160,"locked":0,"sp_due":"00000000","rsp":"80211968","rs":"00000000","rdp":"00000000","next":"00000000","qvalid":0,"qcapacity":8,"thread":"8006cf70","tasks":0}
PDOBS {"n":586,"ev":"guest_send","pc":"80003208","count":"6f7a83ef","frame":1,"a":"00000020","b":"8006b418","sp":"00000243","mi":"00000000","mask":"0000003f","cause":"10000000","sr":"2400ff00","dp":"00000008","type":44565160,"locked":0,"sp_due":"00000000","rsp":"80211968","rs":"00000000","rdp":"00000000","next":"00000000","qvalid":0,"qcapacity":8,"thread":"8006cf70","tasks":0}
PDOBS {"n":587,"ev":"guest_fullcheck","pc":"80003230","count":"6f7a83fd","frame":1,"a":"00000020","b":"8006b418","sp":"00000243","mi":"00000000","mask":"0000003f","cause":"10000000","sr":"2400ff00","dp":"00000008","type":44565160,"locked":0,"sp_due":"00000000","rsp":"80211968","rs":"00000000","rdp":"00000000","next":"00000000","qvalid":0,"qcapacity":8,"thread":"8006cf70","tasks":0}
PDOBS {"n":588,"ev":"guest_sp_handler","pc":"80001f68","count":"6f7a8617","frame":1,"a":"8006b3d8","b":"80360718","sp":"00000243","mi":"00000000","mask":"0000003f","cause":"10000000","sr":"2400ff01","dp":"00000008","type":44565160,"locked":0,"sp_due":"00000000","rsp":"80211968","rs":"00000000","rdp":"00000000","next":"00000000","qvalid":0,"qcapacity":8,"thread":"80068f90","tasks":0}
PDOBS {"n":589,"ev":"guest_complete","pc":"80001e50","count":"6f7a8645","frame":1,"a":"8006b3d8","b":"80211968","sp":"00000243","mi":"00000000","mask":"0000003f","cause":"10000000","sr":"2400ff01","dp":"00000008","type":44565160,"locked":0,"sp_due":"00000000","rsp":"00000000","rs":"00000000","rdp":"00000000","next":"00000000","qvalid":0,"qcapacity":8,"thread":"80068f90","tasks":0}
PDOBS {"n":590,"ev":"guest_exec","pc":"80001960","count":"6f931f91","frame":1,"a":"8006b3d8","b":"802125c8","sp":"00000243","mi":"00000000","mask":"0000003f","cause":"10000000","sr":"2400ff01","dp":"00000008","type":44565160,"locked":0,"sp_due":"00000000","rsp":"00000000","rs":"00000000","rdp":"00000000","next":"00000000","qvalid":0,"qcapacity":8,"thread":"8006cf70","tasks":0}
PDOBS {"n":591,"ev":"sp_write_before","pc":"80035fd8","count":"6f93315f","frame":1,"a":"00002b00","b":"ffffffff","sp":"00000243","mi":"00000000","mask":"0000003f","cause":"10000000","sr":"2400ff01","dp":"00000008","type":44565160,"locked":0,"sp_due":"00000000","rsp":"00000000","rs":"00000000","rdp":"00000000","next":"00000000","qvalid":0,"qcapacity":8,"thread":"8006cf70","tasks":0}
PDOBS {"n":592,"ev":"sp_write_after","pc":"80035fd8","count":"6f93315f","frame":1,"a":"00002b00","b":"ffffffff","sp":"00000043","mi":"00000000","mask":"0000003f","cause":"10000000","sr":"2400ff01","dp":"00000008","type":44565160,"locked":0,"sp_due":"00000000","rsp":"00000000","rs":"00000000","rdp":"00000000","next":"00000000","qvalid":0,"qcapacity":8,"thread":"8006cf70","tasks":0}
PDOBS {"n":593,"ev":"sp_write_before","pc":"80035fd8","count":"6f9332b7","frame":1,"a":"00000125","b":"ffffffff","sp":"00000043","mi":"00000000","mask":"0000003f","cause":"10000000","sr":"2400ff01","dp":"00000008","type":2,"locked":0,"sp_due":"00000000","rsp":"00000000","rs":"00000000","rdp":"00000000","next":"00000000","qvalid":0,"qcapacity":8,"thread":"8006cf70","tasks":0}
PDOBS {"n":594,"ev":"rsp_begin","pc":"80035fd8","count":"6f9332b7","frame":1,"a":"00000002","b":"04001000","sp":"00000040","mi":"00000000","mask":"0000003f","cause":"10000000","sr":"2400ff01","dp":"00000008","type":2,"locked":0,"sp_due":"00000000","rsp":"00000000","rs":"00000000","rdp":"00000000","next":"00000000","qvalid":0,"qcapacity":8,"thread":"8006cf70","tasks":0}
PDOBS {"n":595,"ev":"rsp_return","pc":"80035fd8","count":"6f9332b7","frame":1,"a":"02a002a0","b":"04001144","sp":"00000243","mi":"00000001","mask":"0000003f","cause":"10000400","sr":"2400ff01","dp":"00000008","type":44040864,"locked":0,"sp_due":"00000000","rsp":"00000000","rs":"00000000","rdp":"00000000","next":"00000000","qvalid":0,"qcapacity":8,"thread":"8006cf70","tasks":0}
PDOBS {"n":596,"ev":"mi_clear","pc":"80035fd8","count":"6f9332bb","frame":1,"a":"00000001","b":"00000000","sp":"00000243","mi":"00000001","mask":"0000003f","cause":"10000400","sr":"2400ff01","dp":"00000008","type":44040864,"locked":0,"sp_due":"00000000","rsp":"00000000","rs":"00000000","rdp":"00000000","next":"00000000","qvalid":0,"qcapacity":8,"thread":"8006cf70","tasks":0}
PDOBS {"n":597,"ev":"rsp_deferred","pc":"80035fd8","count":"6f9332bb","frame":1,"a":"00000fa0","b":"00000000","sp":"00000243","mi":"00000000","mask":"0000003f","cause":"10000000","sr":"2400ff01","dp":"00000008","type":44040864,"locked":0,"sp_due":"6f93425b","rsp":"00000000","rs":"00000000","rdp":"00000000","next":"00000000","qvalid":0,"qcapacity":8,"thread":"8006cf70","tasks":0}
PDOBS {"n":598,"ev":"rsp_exit","pc":"80035fd8","count":"6f9332bb","frame":1,"a":"00000fa0","b":"00000000","sp":"00000040","mi":"00000000","mask":"0000003f","cause":"10000000","sr":"2400ff01","dp":"00000008","type":44040864,"locked":0,"sp_due":"6f93425b","rsp":"00000000","rs":"00000000","rdp":"00000000","next":"00000000","qvalid":0,"qcapacity":8,"thread":"8006cf70","tasks":0}
PDOBS {"n":599,"ev":"sp_write_after","pc":"80035fd8","count":"6f9332bb","frame":1,"a":"00000125","b":"ffffffff","sp":"00000040","mi":"00000000","mask":"0000003f","cause":"10000000","sr":"2400ff01","dp":"00000008","type":44040864,"locked":0,"sp_due":"6f93425b","rsp":"00000000","rs":"00000000","rdp":"00000000","next":"00000000","qvalid":0,"qcapacity":8,"thread":"8006cf70","tasks":0}
PDOBS {"n":600,"ev":"sp_event","pc":"80033dc0","count":"6f934277","frame":1,"a":"00000000","b":"00000000","sp":"00000040","mi":"00000000","mask":"00000000","cause":"10000000","sr":"2400ff01","dp":"00000008","type":44040864,"locked":0,"sp_due":"00000000","rsp":"802125c8","rs":"00000000","rdp":"00000000","next":"00000000","qvalid":0,"qcapacity":8,"thread":"8006cf70","tasks":0}
PDOBS {"n":601,"ev":"mi_raise","pc":"80033dc0","count":"6f934277","frame":1,"a":"00000001","b":"00000000","sp":"00000243","mi":"00000000","mask":"00000000","cause":"10000000","sr":"2400ff01","dp":"00000008","type":44040864,"locked":0,"sp_due":"00000000","rsp":"802125c8","rs":"00000000","rdp":"00000000","next":"00000000","qvalid":0,"qcapacity":8,"thread":"8006cf70","tasks":0}
PDOBS {"n":602,"ev":"sp_write_before","pc":"80002fa4","count":"6f9344c3","frame":1,"a":"00008008","b":"ffffffff","sp":"00000243","mi":"00000001","mask":"0000003f","cause":"10000400","sr":"2400ff00","dp":"00000008","type":44040864,"locked":0,"sp_due":"00000000","rsp":"802125c8","rs":"00000000","rdp":"00000000","next":"00000000","qvalid":0,"qcapacity":8,"thread":"8006cf70","tasks":0}
PDOBS {"n":603,"ev":"mi_clear","pc":"80002fa4","count":"6f9344c3","frame":1,"a":"00000001","b":"00000000","sp":"00000243","mi":"00000001","mask":"0000003f","cause":"10000400","sr":"2400ff00","dp":"00000008","type":44040864,"locked":0,"sp_due":"00000000","rsp":"802125c8","rs":"00000000","rdp":"00000000","next":"00000000","qvalid":0,"qcapacity":8,"thread":"8006cf70","tasks":0}
PDOBS {"n":604,"ev":"sp_write_after","pc":"80002fa4","count":"6f9344c3","frame":1,"a":"00008008","b":"ffffffff","sp":"00000243","mi":"00000000","mask":"0000003f","cause":"10000000","sr":"2400ff00","dp":"00000008","type":44040864,"locked":0,"sp_due":"00000000","rsp":"802125c8","rs":"00000000","rdp":"00000000","next":"00000000","qvalid":0,"qcapacity":8,"thread":"8006cf70","tasks":0}
PDOBS {"n":605,"ev":"guest_send","pc":"80003208","count":"6f9344d7","frame":1,"a":"00000020","b":"8006b418","sp":"00000243","mi":"00000000","mask":"0000003f","cause":"10000000","sr":"2400ff00","dp":"00000008","type":44040864,"locked":0,"sp_due":"00000000","rsp":"802125c8","rs":"00000000","rdp":"00000000","next":"00000000","qvalid":0,"qcapacity":8,"thread":"8006cf70","tasks":0}
PDOBS {"n":606,"ev":"guest_fullcheck","pc":"80003230","count":"6f9344e5","frame":1,"a":"00000020","b":"8006b418","sp":"00000243","mi":"00000000","mask":"0000003f","cause":"10000000","sr":"2400ff00","dp":"00000008","type":44040864,"locked":0,"sp_due":"00000000","rsp":"802125c8","rs":"00000000","rdp":"00000000","next":"00000000","qvalid":0,"qcapacity":8,"thread":"8006cf70","tasks":0}
PDOBS {"n":607,"ev":"guest_sp_handler","pc":"80001f68","count":"6f9346ff","frame":1,"a":"8006b3d8","b":"80360718","sp":"00000243","mi":"00000000","mask":"0000003f","cause":"10000000","sr":"2400ff01","dp":"00000008","type":44040864,"locked":0,"sp_due":"00000000","rsp":"802125c8","rs":"00000000","rdp":"00000000","next":"00000000","qvalid":0,"qcapacity":8,"thread":"80068f90","tasks":0}
PDOBS {"n":608,"ev":"guest_complete","pc":"80001e50","count":"6f93472d","frame":1,"a":"8006b3d8","b":"802125c8","sp":"00000243","mi":"00000000","mask":"0000003f","cause":"10000000","sr":"2400ff01","dp":"00000008","type":44040864,"locked":0,"sp_due":"00000000","rsp":"00000000","rs":"00000000","rdp":"00000000","next":"00000000","qvalid":0,"qcapacity":8,"thread":"80068f90","tasks":0}
PDOBS {"n":609,"ev":"guest_exec","pc":"80001960","count":"6fabe04b","frame":1,"a":"8006b3d8","b":"80210d08","sp":"00000243","mi":"00000000","mask":"0000003f","cause":"10000000","sr":"2400ff01","dp":"00000008","type":44040864,"locked":0,"sp_due":"00000000","rsp":"00000000","rs":"00000000","rdp":"00000000","next":"00000000","qvalid":0,"qcapacity":8,"thread":"8006cf70","tasks":0}
PDOBS {"n":610,"ev":"sp_write_before","pc":"80035fd8","count":"6fabf219","frame":1,"a":"00002b00","b":"ffffffff","sp":"00000243","mi":"00000000","mask":"0000003f","cause":"10000000","sr":"2400ff01","dp":"00000008","type":44040864,"locked":0,"sp_due":"00000000","rsp":"00000000","rs":"00000000","rdp":"00000000","next":"00000000","qvalid":0,"qcapacity":8,"thread":"8006cf70","tasks":0}
PDOBS {"n":611,"ev":"sp_write_after","pc":"80035fd8","count":"6fabf219","frame":1,"a":"00002b00","b":"ffffffff","sp":"00000043","mi":"00000000","mask":"0000003f","cause":"10000000","sr":"2400ff01","dp":"00000008","type":44040864,"locked":0,"sp_due":"00000000","rsp":"00000000","rs":"00000000","rdp":"00000000","next":"00000000","qvalid":0,"qcapacity":8,"thread":"8006cf70","tasks":0}
PDOBS {"n":612,"ev":"sp_write_before","pc":"80035fd8","count":"6fabf371","frame":1,"a":"00000125","b":"ffffffff","sp":"00000043","mi":"00000000","mask":"0000003f","cause":"10000000","sr":"2400ff01","dp":"00000008","type":2,"locked":0,"sp_due":"00000000","rsp":"00000000","rs":"00000000","rdp":"00000000","next":"00000000","qvalid":0,"qcapacity":8,"thread":"8006cf70","tasks":0}
PDOBS {"n":613,"ev":"rsp_begin","pc":"80035fd8","count":"6fabf371","frame":1,"a":"00000002","b":"04001000","sp":"00000040","mi":"00000000","mask":"0000003f","cause":"10000000","sr":"2400ff01","dp":"00000008","type":2,"locked":0,"sp_due":"00000000","rsp":"00000000","rs":"00000000","rdp":"00000000","next":"00000000","qvalid":0,"qcapacity":8,"thread":"8006cf70","tasks":0}
PDOBS {"n":614,"ev":"rsp_return","pc":"80035fd8","count":"6fabf371","frame":1,"a":"02900290","b":"04001144","sp":"00000243","mi":"00000001","mask":"0000003f","cause":"10000400","sr":"2400ff01","dp":"00000008","type":42992272,"locked":0,"sp_due":"00000000","rsp":"00000000","rs":"00000000","rdp":"00000000","next":"00000000","qvalid":0,"qcapacity":8,"thread":"8006cf70","tasks":0}
PDOBS {"n":615,"ev":"mi_clear","pc":"80035fd8","count":"6fabf375","frame":1,"a":"00000001","b":"00000000","sp":"00000243","mi":"00000001","mask":"0000003f","cause":"10000400","sr":"2400ff01","dp":"00000008","type":42992272,"locked":0,"sp_due":"00000000","rsp":"00000000","rs":"00000000","rdp":"00000000","next":"00000000","qvalid":0,"qcapacity":8,"thread":"8006cf70","tasks":0}
PDOBS {"n":616,"ev":"rsp_deferred","pc":"80035fd8","count":"6fabf375","frame":1,"a":"00000fa0","b":"00000000","sp":"00000243","mi":"00000000","mask":"0000003f","cause":"10000000","sr":"2400ff01","dp":"00000008","type":42992272,"locked":0,"sp_due":"6fac0315","rsp":"00000000","rs":"00000000","rdp":"00000000","next":"00000000","qvalid":0,"qcapacity":8,"thread":"8006cf70","tasks":0}
PDOBS {"n":617,"ev":"rsp_exit","pc":"80035fd8","count":"6fabf375","frame":1,"a":"00000fa0","b":"00000000","sp":"00000040","mi":"00000000","mask":"0000003f","cause":"10000000","sr":"2400ff01","dp":"00000008","type":42992272,"locked":0,"sp_due":"6fac0315","rsp":"00000000","rs":"00000000","rdp":"00000000","next":"00000000","qvalid":0,"qcapacity":8,"thread":"8006cf70","tasks":0}
PDOBS {"n":618,"ev":"sp_write_after","pc":"80035fd8","count":"6fabf375","frame":1,"a":"00000125","b":"ffffffff","sp":"00000040","mi":"00000000","mask":"0000003f","cause":"10000000","sr":"2400ff01","dp":"00000008","type":42992272,"locked":0,"sp_due":"6fac0315","rsp":"00000000","rs":"00000000","rdp":"00000000","next":"00000000","qvalid":0,"qcapacity":8,"thread":"8006cf70","tasks":0}
PDOBS {"n":619,"ev":"sp_event","pc":"80033dc0","count":"6fac0331","frame":1,"a":"00000000","b":"00000000","sp":"00000040","mi":"00000000","mask":"00000000","cause":"10000000","sr":"2400ff01","dp":"00000008","type":42992272,"locked":0,"sp_due":"00000000","rsp":"80210d08","rs":"00000000","rdp":"00000000","next":"00000000","qvalid":0,"qcapacity":8,"thread":"8006cf70","tasks":0}
PDOBS {"n":620,"ev":"mi_raise","pc":"80033dc0","count":"6fac0331","frame":1,"a":"00000001","b":"00000000","sp":"00000243","mi":"00000000","mask":"00000000","cause":"10000000","sr":"2400ff01","dp":"00000008","type":42992272,"locked":0,"sp_due":"00000000","rsp":"80210d08","rs":"00000000","rdp":"00000000","next":"00000000","qvalid":0,"qcapacity":8,"thread":"8006cf70","tasks":0}
PDOBS {"n":621,"ev":"sp_write_before","pc":"80002fa4","count":"6fac057d","frame":1,"a":"00008008","b":"ffffffff","sp":"00000243","mi":"00000001","mask":"0000003f","cause":"10000400","sr":"2400ff00","dp":"00000008","type":42992272,"locked":0,"sp_due":"00000000","rsp":"80210d08","rs":"00000000","rdp":"00000000","next":"00000000","qvalid":0,"qcapacity":8,"thread":"8006cf70","tasks":0}
PDOBS {"n":622,"ev":"mi_clear","pc":"80002fa4","count":"6fac057d","frame":1,"a":"00000001","b":"00000000","sp":"00000243","mi":"00000001","mask":"0000003f","cause":"10000400","sr":"2400ff00","dp":"00000008","type":42992272,"locked":0,"sp_due":"00000000","rsp":"80210d08","rs":"00000000","rdp":"00000000","next":"00000000","qvalid":0,"qcapacity":8,"thread":"8006cf70","tasks":0}
PDOBS {"n":623,"ev":"sp_write_after","pc":"80002fa4","count":"6fac057d","frame":1,"a":"00008008","b":"ffffffff","sp":"00000243","mi":"00000000","mask":"0000003f","cause":"10000000","sr":"2400ff00","dp":"00000008","type":42992272,"locked":0,"sp_due":"00000000","rsp":"80210d08","rs":"00000000","rdp":"00000000","next":"00000000","qvalid":0,"qcapacity":8,"thread":"8006cf70","tasks":0}
PDOBS {"n":624,"ev":"guest_send","pc":"80003208","count":"6fac0591","frame":1,"a":"00000020","b":"8006b418","sp":"00000243","mi":"00000000","mask":"0000003f","cause":"10000000","sr":"2400ff00","dp":"00000008","type":42992272,"locked":0,"sp_due":"00000000","rsp":"80210d08","rs":"00000000","rdp":"00000000","next":"00000000","qvalid":0,"qcapacity":8,"thread":"8006cf70","tasks":0}
PDOBS {"n":625,"ev":"guest_fullcheck","pc":"80003230","count":"6fac059f","frame":1,"a":"00000020","b":"8006b418","sp":"00000243","mi":"00000000","mask":"0000003f","cause":"10000000","sr":"2400ff00","dp":"00000008","type":42992272,"locked":0,"sp_due":"00000000","rsp":"80210d08","rs":"00000000","rdp":"00000000","next":"00000000","qvalid":0,"qcapacity":8,"thread":"8006cf70","tasks":0}
PDOBS {"n":626,"ev":"guest_sp_handler","pc":"80001f68","count":"6fac07b9","frame":1,"a":"8006b3d8","b":"80360718","sp":"00000243","mi":"00000000","mask":"0000003f","cause":"10000000","sr":"2400ff01","dp":"00000008","type":42992272,"locked":0,"sp_due":"00000000","rsp":"80210d08","rs":"00000000","rdp":"00000000","next":"00000000","qvalid":0,"qcapacity":8,"thread":"80068f90","tasks":0}
PDOBS {"n":627,"ev":"guest_complete","pc":"80001e50","count":"6fac07e7","frame":1,"a":"8006b3d8","b":"80210d08","sp":"00000243","mi":"00000000","mask":"0000003f","cause":"10000000","sr":"2400ff01","dp":"00000008","type":42992272,"locked":0,"sp_due":"00000000","rsp":"00000000","rs":"00000000","rdp":"00000000","next":"00000000","qvalid":0,"qcapacity":8,"thread":"80068f90","tasks":0}
PDOBS {"n":628,"ev":"guest_exec","pc":"80001960","count":"6fc4a143","frame":1,"a":"8006b3d8","b":"80211968","sp":"00000243","mi":"00000000","mask":"0000003f","cause":"10000000","sr":"2400ff01","dp":"00000008","type":42992272,"locked":0,"sp_due":"00000000","rsp":"00000000","rs":"00000000","rdp":"00000000","next":"00000000","qvalid":0,"qcapacity":8,"thread":"8006cf70","tasks":0}
PDOBS {"n":629,"ev":"sp_write_before","pc":"80035fd8","count":"6fc4b311","frame":1,"a":"00002b00","b":"ffffffff","sp":"00000243","mi":"00000000","mask":"0000003f","cause":"10000000","sr":"2400ff01","dp":"00000008","type":42992272,"locked":0,"sp_due":"00000000","rsp":"00000000","rs":"00000000","rdp":"00000000","next":"00000000","qvalid":0,"qcapacity":8,"thread":"8006cf70","tasks":0}
PDOBS {"n":630,"ev":"sp_write_after","pc":"80035fd8","count":"6fc4b311","frame":1,"a":"00002b00","b":"ffffffff","sp":"00000043","mi":"00000000","mask":"0000003f","cause":"10000000","sr":"2400ff01","dp":"00000008","type":42992272,"locked":0,"sp_due":"00000000","rsp":"00000000","rs":"00000000","rdp":"00000000","next":"00000000","qvalid":0,"qcapacity":8,"thread":"8006cf70","tasks":0}
PDOBS {"n":631,"ev":"sp_write_before","pc":"80035fd8","count":"6fc4b469","frame":1,"a":"00000125","b":"ffffffff","sp":"00000043","mi":"00000000","mask":"0000003f","cause":"10000000","sr":"2400ff01","dp":"00000008","type":2,"locked":0,"sp_due":"00000000","rsp":"00000000","rs":"00000000","rdp":"00000000","next":"00000000","qvalid":0,"qcapacity":8,"thread":"8006cf70","tasks":0}
PDOBS {"n":632,"ev":"rsp_begin","pc":"80035fd8","count":"6fc4b469","frame":1,"a":"00000002","b":"04001000","sp":"00000040","mi":"00000000","mask":"0000003f","cause":"10000000","sr":"2400ff01","dp":"00000008","type":2,"locked":0,"sp_due":"00000000","rsp":"00000000","rs":"00000000","rdp":"00000000","next":"00000000","qvalid":0,"qcapacity":8,"thread":"8006cf70","tasks":0}
PDOBS {"n":633,"ev":"rsp_return","pc":"80035fd8","count":"6fc4b469","frame":1,"a":"02880288","b":"04001144","sp":"00000243","mi":"00000001","mask":"0000003f","cause":"10000400","sr":"2400ff01","dp":"00000008","type":42467976,"locked":0,"sp_due":"00000000","rsp":"00000000","rs":"00000000","rdp":"00000000","next":"00000000","qvalid":0,"qcapacity":8,"thread":"8006cf70","tasks":0}
PDOBS {"n":634,"ev":"mi_clear","pc":"80035fd8","count":"6fc4b46d","frame":1,"a":"00000001","b":"00000000","sp":"00000243","mi":"00000001","mask":"0000003f","cause":"10000400","sr":"2400ff01","dp":"00000008","type":42467976,"locked":0,"sp_due":"00000000","rsp":"00000000","rs":"00000000","rdp":"00000000","next":"00000000","qvalid":0,"qcapacity":8,"thread":"8006cf70","tasks":0}
PDOBS {"n":635,"ev":"rsp_deferred","pc":"80035fd8","count":"6fc4b46d","frame":1,"a":"00000fa0","b":"00000000","sp":"00000243","mi":"00000000","mask":"0000003f","cause":"10000000","sr":"2400ff01","dp":"00000008","type":42467976,"locked":0,"sp_due":"6fc4c40d","rsp":"00000000","rs":"00000000","rdp":"00000000","next":"00000000","qvalid":0,"qcapacity":8,"thread":"8006cf70","tasks":0}
PDOBS {"n":636,"ev":"rsp_exit","pc":"80035fd8","count":"6fc4b46d","frame":1,"a":"00000fa0","b":"00000000","sp":"00000040","mi":"00000000","mask":"0000003f","cause":"10000000","sr":"2400ff01","dp":"00000008","type":42467976,"locked":0,"sp_due":"6fc4c40d","rsp":"00000000","rs":"00000000","rdp":"00000000","next":"00000000","qvalid":0,"qcapacity":8,"thread":"8006cf70","tasks":0}
PDOBS {"n":637,"ev":"sp_write_after","pc":"80035fd8","count":"6fc4b46d","frame":1,"a":"00000125","b":"ffffffff","sp":"00000040","mi":"00000000","mask":"0000003f","cause":"10000000","sr":"2400ff01","dp":"00000008","type":42467976,"locked":0,"sp_due":"6fc4c40d","rsp":"00000000","rs":"00000000","rdp":"00000000","next":"00000000","qvalid":0,"qcapacity":8,"thread":"8006cf70","tasks":0}
PDOBS {"n":638,"ev":"sp_event","pc":"8002d770","count":"6fc4c477","frame":1,"a":"00000000","b":"00000000","sp":"00000040","mi":"00000000","mask":"0000003f","cause":"10000000","sr":"2400ff01","dp":"00000008","type":42467976,"locked":0,"sp_due":"00000000","rsp":"80211968","rs":"00000000","rdp":"00000000","next":"00000000","qvalid":0,"qcapacity":8,"thread":"8006cf70","tasks":0}
PDOBS {"n":639,"ev":"mi_raise","pc":"8002d770","count":"6fc4c477","frame":1,"a":"00000001","b":"00000000","sp":"00000243","mi":"00000000","mask":"0000003f","cause":"10000000","sr":"2400ff01","dp":"00000008","type":42467976,"locked":0,"sp_due":"00000000","rsp":"80211968","rs":"00000000","rdp":"00000000","next":"00000000","qvalid":0,"qcapacity":8,"thread":"8006cf70","tasks":0}
PDOBS {"n":640,"ev":"sp_write_before","pc":"80002fa4","count":"6fc4c5db","frame":1,"a":"00008008","b":"ffffffff","sp":"00000243","mi":"00000001","mask":"0000003f","cause":"10000400","sr":"2400ff00","dp":"00000008","type":42467976,"locked":0,"sp_due":"00000000","rsp":"80211968","rs":"00000000","rdp":"00000000","next":"00000000","qvalid":0,"qcapacity":8,"thread":"8006cf70","tasks":0}
PDOBS {"n":641,"ev":"mi_clear","pc":"80002fa4","count":"6fc4c5db","frame":1,"a":"00000001","b":"00000000","sp":"00000243","mi":"00000001","mask":"0000003f","cause":"10000400","sr":"2400ff00","dp":"00000008","type":42467976,"locked":0,"sp_due":"00000000","rsp":"80211968","rs":"00000000","rdp":"00000000","next":"00000000","qvalid":0,"qcapacity":8,"thread":"8006cf70","tasks":0}
PDOBS {"n":642,"ev":"sp_write_after","pc":"80002fa4","count":"6fc4c5db","frame":1,"a":"00008008","b":"ffffffff","sp":"00000243","mi":"00000000","mask":"0000003f","cause":"10000000","sr":"2400ff00","dp":"00000008","type":42467976,"locked":0,"sp_due":"00000000","rsp":"80211968","rs":"00000000","rdp":"00000000","next":"00000000","qvalid":0,"qcapacity":8,"thread":"8006cf70","tasks":0}
PDOBS {"n":643,"ev":"guest_send","pc":"80003208","count":"6fc4c5ef","frame":1,"a":"00000020","b":"8006b418","sp":"00000243","mi":"00000000","mask":"0000003f","cause":"10000000","sr":"2400ff00","dp":"00000008","type":42467976,"locked":0,"sp_due":"00000000","rsp":"80211968","rs":"00000000","rdp":"00000000","next":"00000000","qvalid":0,"qcapacity":8,"thread":"8006cf70","tasks":0}
PDOBS {"n":644,"ev":"guest_fullcheck","pc":"80003230","count":"6fc4c5fd","frame":1,"a":"00000020","b":"8006b418","sp":"00000243","mi":"00000000","mask":"0000003f","cause":"10000000","sr":"2400ff00","dp":"00000008","type":42467976,"locked":0,"sp_due":"00000000","rsp":"80211968","rs":"00000000","rdp":"00000000","next":"00000000","qvalid":0,"qcapacity":8,"thread":"8006cf70","tasks":0}
PDOBS {"n":645,"ev":"guest_sp_handler","pc":"80001f68","count":"6fc4c817","frame":1,"a":"8006b3d8","b":"80360718","sp":"00000243","mi":"00000000","mask":"0000003f","cause":"10000000","sr":"2400ff01","dp":"00000008","type":42467976,"locked":0,"sp_due":"00000000","rsp":"80211968","rs":"00000000","rdp":"00000000","next":"00000000","qvalid":0,"qcapacity":8,"thread":"80068f90","tasks":0}
PDOBS {"n":646,"ev":"guest_complete","pc":"80001e50","count":"6fc4c845","frame":1,"a":"8006b3d8","b":"80211968","sp":"00000243","mi":"00000000","mask":"0000003f","cause":"10000000","sr":"2400ff01","dp":"00000008","type":42467976,"locked":0,"sp_due":"00000000","rsp":"00000000","rs":"00000000","rdp":"00000000","next":"00000000","qvalid":0,"qcapacity":8,"thread":"80068f90","tasks":0}
PDOBS {"n":647,"ev":"guest_exec","pc":"80001960","count":"6fdd621d","frame":1,"a":"8006b3d8","b":"802125c8","sp":"00000243","mi":"00000000","mask":"0000003f","cause":"10000000","sr":"2400ff01","dp":"00000008","type":42467976,"locked":0,"sp_due":"00000000","rsp":"00000000","rs":"00000000","rdp":"00000000","next":"00000000","qvalid":0,"qcapacity":8,"thread":"8006cf70","tasks":0}
PDOBS {"n":648,"ev":"sp_write_before","pc":"80035fd8","count":"6fdd73eb","frame":1,"a":"00002b00","b":"ffffffff","sp":"00000243","mi":"00000000","mask":"0000003f","cause":"10000000","sr":"2400ff01","dp":"00000008","type":42467976,"locked":0,"sp_due":"00000000","rsp":"00000000","rs":"00000000","rdp":"00000000","next":"00000000","qvalid":0,"qcapacity":8,"thread":"8006cf70","tasks":0}
PDOBS {"n":649,"ev":"sp_write_after","pc":"80035fd8","count":"6fdd73eb","frame":1,"a":"00002b00","b":"ffffffff","sp":"00000043","mi":"00000000","mask":"0000003f","cause":"10000000","sr":"2400ff01","dp":"00000008","type":42467976,"locked":0,"sp_due":"00000000","rsp":"00000000","rs":"00000000","rdp":"00000000","next":"00000000","qvalid":0,"qcapacity":8,"thread":"8006cf70","tasks":0}
PDOBS {"n":650,"ev":"sp_write_before","pc":"80035fd8","count":"6fdd7543","frame":1,"a":"00000125","b":"ffffffff","sp":"00000043","mi":"00000000","mask":"0000003f","cause":"10000000","sr":"2400ff01","dp":"00000008","type":2,"locked":0,"sp_due":"00000000","rsp":"00000000","rs":"00000000","rdp":"00000000","next":"00000000","qvalid":0,"qcapacity":8,"thread":"8006cf70","tasks":0}
PDOBS {"n":651,"ev":"rsp_begin","pc":"80035fd8","count":"6fdd7543","frame":1,"a":"00000002","b":"04001000","sp":"00000040","mi":"00000000","mask":"0000003f","cause":"10000000","sr":"2400ff01","dp":"00000008","type":2,"locked":0,"sp_due":"00000000","rsp":"00000000","rs":"00000000","rdp":"00000000","next":"00000000","qvalid":0,"qcapacity":8,"thread":"8006cf70","tasks":0}
PDOBS {"n":652,"ev":"rsp_return","pc":"80035fd8","count":"6fdd7543","frame":1,"a":"02800280","b":"04001144","sp":"00000243","mi":"00000001","mask":"0000003f","cause":"10000400","sr":"2400ff01","dp":"00000008","type":41943680,"locked":0,"sp_due":"00000000","rsp":"00000000","rs":"00000000","rdp":"00000000","next":"00000000","qvalid":0,"qcapacity":8,"thread":"8006cf70","tasks":0}
PDOBS {"n":653,"ev":"mi_clear","pc":"80035fd8","count":"6fdd7547","frame":1,"a":"00000001","b":"00000000","sp":"00000243","mi":"00000001","mask":"0000003f","cause":"10000400","sr":"2400ff01","dp":"00000008","type":41943680,"locked":0,"sp_due":"00000000","rsp":"00000000","rs":"00000000","rdp":"00000000","next":"00000000","qvalid":0,"qcapacity":8,"thread":"8006cf70","tasks":0}
PDOBS {"n":654,"ev":"rsp_deferred","pc":"80035fd8","count":"6fdd7547","frame":1,"a":"00000fa0","b":"00000000","sp":"00000243","mi":"00000000","mask":"0000003f","cause":"10000000","sr":"2400ff01","dp":"00000008","type":41943680,"locked":0,"sp_due":"6fdd84e7","rsp":"00000000","rs":"00000000","rdp":"00000000","next":"00000000","qvalid":0,"qcapacity":8,"thread":"8006cf70","tasks":0}
PDOBS {"n":655,"ev":"rsp_exit","pc":"80035fd8","count":"6fdd7547","frame":1,"a":"00000fa0","b":"00000000","sp":"00000040","mi":"00000000","mask":"0000003f","cause":"10000000","sr":"2400ff01","dp":"00000008","type":41943680,"locked":0,"sp_due":"6fdd84e7","rsp":"00000000","rs":"00000000","rdp":"00000000","next":"00000000","qvalid":0,"qcapacity":8,"thread":"8006cf70","tasks":0}
PDOBS {"n":656,"ev":"sp_write_after","pc":"80035fd8","count":"6fdd7547","frame":1,"a":"00000125","b":"ffffffff","sp":"00000040","mi":"00000000","mask":"0000003f","cause":"10000000","sr":"2400ff01","dp":"00000008","type":41943680,"locked":0,"sp_due":"6fdd84e7","rsp":"00000000","rs":"00000000","rdp":"00000000","next":"00000000","qvalid":0,"qcapacity":8,"thread":"8006cf70","tasks":0}
PDOBS {"n":657,"ev":"sp_event","pc":"80033de0","count":"6fdd84e9","frame":1,"a":"00000000","b":"00000000","sp":"00000040","mi":"00000000","mask":"0000003f","cause":"10000000","sr":"2400ff01","dp":"00000008","type":41943680,"locked":0,"sp_due":"00000000","rsp":"802125c8","rs":"00000000","rdp":"00000000","next":"00000000","qvalid":0,"qcapacity":8,"thread":"8006cf70","tasks":0}
PDOBS {"n":658,"ev":"mi_raise","pc":"80033de0","count":"6fdd84e9","frame":1,"a":"00000001","b":"00000000","sp":"00000243","mi":"00000000","mask":"0000003f","cause":"10000000","sr":"2400ff01","dp":"00000008","type":41943680,"locked":0,"sp_due":"00000000","rsp":"802125c8","rs":"00000000","rdp":"00000000","next":"00000000","qvalid":0,"qcapacity":8,"thread":"8006cf70","tasks":0}
PDOBS {"n":659,"ev":"sp_write_before","pc":"80002fa4","count":"6fdd864d","frame":1,"a":"00008008","b":"ffffffff","sp":"00000243","mi":"00000001","mask":"0000003f","cause":"10000400","sr":"2400ff00","dp":"00000008","type":41943680,"locked":0,"sp_due":"00000000","rsp":"802125c8","rs":"00000000","rdp":"00000000","next":"00000000","qvalid":0,"qcapacity":8,"thread":"8006cf70","tasks":0}
PDOBS {"n":660,"ev":"mi_clear","pc":"80002fa4","count":"6fdd864d","frame":1,"a":"00000001","b":"00000000","sp":"00000243","mi":"00000001","mask":"0000003f","cause":"10000400","sr":"2400ff00","dp":"00000008","type":41943680,"locked":0,"sp_due":"00000000","rsp":"802125c8","rs":"00000000","rdp":"00000000","next":"00000000","qvalid":0,"qcapacity":8,"thread":"8006cf70","tasks":0}
PDOBS {"n":661,"ev":"sp_write_after","pc":"80002fa4","count":"6fdd864d","frame":1,"a":"00008008","b":"ffffffff","sp":"00000243","mi":"00000000","mask":"0000003f","cause":"10000000","sr":"2400ff00","dp":"00000008","type":41943680,"locked":0,"sp_due":"00000000","rsp":"802125c8","rs":"00000000","rdp":"00000000","next":"00000000","qvalid":0,"qcapacity":8,"thread":"8006cf70","tasks":0}
PDOBS {"n":662,"ev":"guest_send","pc":"80003208","count":"6fdd8661","frame":1,"a":"00000020","b":"8006b418","sp":"00000243","mi":"00000000","mask":"0000003f","cause":"10000000","sr":"2400ff00","dp":"00000008","type":41943680,"locked":0,"sp_due":"00000000","rsp":"802125c8","rs":"00000000","rdp":"00000000","next":"00000000","qvalid":0,"qcapacity":8,"thread":"8006cf70","tasks":0}
PDOBS {"n":663,"ev":"guest_fullcheck","pc":"80003230","count":"6fdd866f","frame":1,"a":"00000020","b":"8006b418","sp":"00000243","mi":"00000000","mask":"0000003f","cause":"10000000","sr":"2400ff00","dp":"00000008","type":41943680,"locked":0,"sp_due":"00000000","rsp":"802125c8","rs":"00000000","rdp":"00000000","next":"00000000","qvalid":0,"qcapacity":8,"thread":"8006cf70","tasks":0}
PDOBS {"n":664,"ev":"guest_sp_handler","pc":"80001f68","count":"6fdd888d","frame":1,"a":"8006b3d8","b":"80360718","sp":"00000243","mi":"00000000","mask":"0000003f","cause":"10000000","sr":"2400ff01","dp":"00000008","type":41943680,"locked":0,"sp_due":"00000000","rsp":"802125c8","rs":"00000000","rdp":"00000000","next":"00000000","qvalid":0,"qcapacity":8,"thread":"80068f90","tasks":0}
PDOBS {"n":665,"ev":"guest_complete","pc":"80001e50","count":"6fdd88bb","frame":1,"a":"8006b3d8","b":"802125c8","sp":"00000243","mi":"00000000","mask":"0000003f","cause":"10000000","sr":"2400ff01","dp":"00000008","type":41943680,"locked":0,"sp_due":"00000000","rsp":"00000000","rs":"00000000","rdp":"00000000","next":"00000000","qvalid":0,"qcapacity":8,"thread":"80068f90","tasks":0}
PDOBS {"n":666,"ev":"guest_exec","pc":"80001960","count":"6ff6230b","frame":1,"a":"8006b3d8","b":"80210d08","sp":"00000243","mi":"00000000","mask":"0000003f","cause":"10000000","sr":"2400ff01","dp":"00000008","type":41943680,"locked":0,"sp_due":"00000000","rsp":"00000000","rs":"00000000","rdp":"00000000","next":"00000000","qvalid":0,"qcapacity":8,"thread":"8006cf70","tasks":0}
PDOBS {"n":667,"ev":"sp_write_before","pc":"80035fd8","count":"6ff634d9","frame":1,"a":"00002b00","b":"ffffffff","sp":"00000243","mi":"00000000","mask":"0000003f","cause":"10000000","sr":"2400ff01","dp":"00000008","type":41943680,"locked":0,"sp_due":"00000000","rsp":"00000000","rs":"00000000","rdp":"00000000","next":"00000000","qvalid":0,"qcapacity":8,"thread":"8006cf70","tasks":0}
PDOBS {"n":668,"ev":"sp_write_after","pc":"80035fd8","count":"6ff634d9","frame":1,"a":"00002b00","b":"ffffffff","sp":"00000043","mi":"00000000","mask":"0000003f","cause":"10000000","sr":"2400ff01","dp":"00000008","type":41943680,"locked":0,"sp_due":"00000000","rsp":"00000000","rs":"00000000","rdp":"00000000","next":"00000000","qvalid":0,"qcapacity":8,"thread":"8006cf70","tasks":0}
PDOBS {"n":669,"ev":"sp_write_before","pc":"80035fd8","count":"6ff63631","frame":1,"a":"00000125","b":"ffffffff","sp":"00000043","mi":"00000000","mask":"0000003f","cause":"10000000","sr":"2400ff01","dp":"00000008","type":2,"locked":0,"sp_due":"00000000","rsp":"00000000","rs":"00000000","rdp":"00000000","next":"00000000","qvalid":0,"qcapacity":8,"thread":"8006cf70","tasks":0}
PDOBS {"n":670,"ev":"rsp_begin","pc":"80035fd8","count":"6ff63631","frame":1,"a":"00000002","b":"04001000","sp":"00000040","mi":"00000000","mask":"0000003f","cause":"10000000","sr":"2400ff01","dp":"00000008","type":2,"locked":0,"sp_due":"00000000","rsp":"00000000","rs":"00000000","rdp":"00000000","next":"00000000","qvalid":0,"qcapacity":8,"thread":"8006cf70","tasks":0}
PDOBS {"n":671,"ev":"rsp_return","pc":"80035fd8","count":"6ff63631","frame":1,"a":"02700270","b":"04001144","sp":"00000243","mi":"00000001","mask":"0000003f","cause":"10000400","sr":"2400ff01","dp":"00000008","type":40895088,"locked":0,"sp_due":"00000000","rsp":"00000000","rs":"00000000","rdp":"00000000","next":"00000000","qvalid":0,"qcapacity":8,"thread":"8006cf70","tasks":0}
PDOBS {"n":672,"ev":"mi_clear","pc":"80035fd8","count":"6ff63635","frame":1,"a":"00000001","b":"00000000","sp":"00000243","mi":"00000001","mask":"0000003f","cause":"10000400","sr":"2400ff01","dp":"00000008","type":40895088,"locked":0,"sp_due":"00000000","rsp":"00000000","rs":"00000000","rdp":"00000000","next":"00000000","qvalid":0,"qcapacity":8,"thread":"8006cf70","tasks":0}
PDOBS {"n":673,"ev":"rsp_deferred","pc":"80035fd8","count":"6ff63635","frame":1,"a":"00000fa0","b":"00000000","sp":"00000243","mi":"00000000","mask":"0000003f","cause":"10000000","sr":"2400ff01","dp":"00000008","type":40895088,"locked":0,"sp_due":"6ff645d5","rsp":"00000000","rs":"00000000","rdp":"00000000","next":"00000000","qvalid":0,"qcapacity":8,"thread":"8006cf70","tasks":0}
PDOBS {"n":674,"ev":"rsp_exit","pc":"80035fd8","count":"6ff63635","frame":1,"a":"00000fa0","b":"00000000","sp":"00000040","mi":"00000000","mask":"0000003f","cause":"10000000","sr":"2400ff01","dp":"00000008","type":40895088,"locked":0,"sp_due":"6ff645d5","rsp":"00000000","rs":"00000000","rdp":"00000000","next":"00000000","qvalid":0,"qcapacity":8,"thread":"8006cf70","tasks":0}
PDOBS {"n":675,"ev":"sp_write_after","pc":"80035fd8","count":"6ff63635","frame":1,"a":"00000125","b":"ffffffff","sp":"00000040","mi":"00000000","mask":"0000003f","cause":"10000000","sr":"2400ff01","dp":"00000008","type":40895088,"locked":0,"sp_due":"6ff645d5","rsp":"00000000","rs":"00000000","rdp":"00000000","next":"00000000","qvalid":0,"qcapacity":8,"thread":"8006cf70","tasks":0}
PDOBS {"n":676,"ev":"sp_event","pc":"80033de0","count":"6ff645d7","frame":1,"a":"00000000","b":"00000000","sp":"00000040","mi":"00000000","mask":"0000003f","cause":"10000000","sr":"2400ff01","dp":"00000008","type":40895088,"locked":0,"sp_due":"00000000","rsp":"80210d08","rs":"00000000","rdp":"00000000","next":"00000000","qvalid":0,"qcapacity":8,"thread":"8006cf70","tasks":0}
PDOBS {"n":677,"ev":"mi_raise","pc":"80033de0","count":"6ff645d7","frame":1,"a":"00000001","b":"00000000","sp":"00000243","mi":"00000000","mask":"0000003f","cause":"10000000","sr":"2400ff01","dp":"00000008","type":40895088,"locked":0,"sp_due":"00000000","rsp":"80210d08","rs":"00000000","rdp":"00000000","next":"00000000","qvalid":0,"qcapacity":8,"thread":"8006cf70","tasks":0}
PDOBS {"n":678,"ev":"sp_write_before","pc":"80002fa4","count":"6ff6473b","frame":1,"a":"00008008","b":"ffffffff","sp":"00000243","mi":"00000001","mask":"0000003f","cause":"10000400","sr":"2400ff00","dp":"00000008","type":40895088,"locked":0,"sp_due":"00000000","rsp":"80210d08","rs":"00000000","rdp":"00000000","next":"00000000","qvalid":0,"qcapacity":8,"thread":"8006cf70","tasks":0}
PDOBS {"n":679,"ev":"mi_clear","pc":"80002fa4","count":"6ff6473b","frame":1,"a":"00000001","b":"00000000","sp":"00000243","mi":"00000001","mask":"0000003f","cause":"10000400","sr":"2400ff00","dp":"00000008","type":40895088,"locked":0,"sp_due":"00000000","rsp":"80210d08","rs":"00000000","rdp":"00000000","next":"00000000","qvalid":0,"qcapacity":8,"thread":"8006cf70","tasks":0}
PDOBS {"n":680,"ev":"sp_write_after","pc":"80002fa4","count":"6ff6473b","frame":1,"a":"00008008","b":"ffffffff","sp":"00000243","mi":"00000000","mask":"0000003f","cause":"10000000","sr":"2400ff00","dp":"00000008","type":40895088,"locked":0,"sp_due":"00000000","rsp":"80210d08","rs":"00000000","rdp":"00000000","next":"00000000","qvalid":0,"qcapacity":8,"thread":"8006cf70","tasks":0}
PDOBS {"n":681,"ev":"guest_send","pc":"80003208","count":"6ff6474f","frame":1,"a":"00000020","b":"8006b418","sp":"00000243","mi":"00000000","mask":"0000003f","cause":"10000000","sr":"2400ff00","dp":"00000008","type":40895088,"locked":0,"sp_due":"00000000","rsp":"80210d08","rs":"00000000","rdp":"00000000","next":"00000000","qvalid":0,"qcapacity":8,"thread":"8006cf70","tasks":0}
PDOBS {"n":682,"ev":"guest_fullcheck","pc":"80003230","count":"6ff6475d","frame":1,"a":"00000020","b":"8006b418","sp":"00000243","mi":"00000000","mask":"0000003f","cause":"10000000","sr":"2400ff00","dp":"00000008","type":40895088,"locked":0,"sp_due":"00000000","rsp":"80210d08","rs":"00000000","rdp":"00000000","next":"00000000","qvalid":0,"qcapacity":8,"thread":"8006cf70","tasks":0}
PDOBS {"n":683,"ev":"guest_sp_handler","pc":"80001f68","count":"6ff64977","frame":1,"a":"8006b3d8","b":"80360718","sp":"00000243","mi":"00000000","mask":"0000003f","cause":"10000000","sr":"2400ff01","dp":"00000008","type":40895088,"locked":0,"sp_due":"00000000","rsp":"80210d08","rs":"00000000","rdp":"00000000","next":"00000000","qvalid":0,"qcapacity":8,"thread":"80068f90","tasks":0}
PDOBS {"n":684,"ev":"guest_complete","pc":"80001e50","count":"6ff649a5","frame":1,"a":"8006b3d8","b":"80210d08","sp":"00000243","mi":"00000000","mask":"0000003f","cause":"10000000","sr":"2400ff01","dp":"00000008","type":40895088,"locked":0,"sp_due":"00000000","rsp":"00000000","rs":"00000000","rdp":"00000000","next":"00000000","qvalid":0,"qcapacity":8,"thread":"80068f90","tasks":0}
PDOBS {"n":685,"ev":"guest_exec","pc":"80001960","count":"7005e967","frame":1,"a":"8006b3d8","b":"80045d78","sp":"00000243","mi":"00000000","mask":"0000003f","cause":"10000000","sr":"2400ff01","dp":"00000008","type":40895088,"locked":0,"sp_due":"00000000","rsp":"00000000","rs":"00000000","rdp":"00000000","next":"00000000","qvalid":0,"qcapacity":8,"thread":"800691c8","tasks":0}
PDOBS {"n":686,"ev":"sp_write_before","pc":"80035fd8","count":"7005eb8f","frame":1,"a":"00002b00","b":"ffffffff","sp":"00000243","mi":"00000000","mask":"0000003f","cause":"10000000","sr":"2400ff01","dp":"00000008","type":40895088,"locked":0,"sp_due":"00000000","rsp":"00000000","rs":"00000000","rdp":"00000000","next":"00000000","qvalid":0,"qcapacity":8,"thread":"800691c8","tasks":0}
PDOBS {"n":687,"ev":"sp_write_after","pc":"80035fd8","count":"7005eb8f","frame":1,"a":"00002b00","b":"ffffffff","sp":"00000043","mi":"00000000","mask":"0000003f","cause":"10000000","sr":"2400ff01","dp":"00000008","type":40895088,"locked":0,"sp_due":"00000000","rsp":"00000000","rs":"00000000","rdp":"00000000","next":"00000000","qvalid":0,"qcapacity":8,"thread":"800691c8","tasks":0}
PDOBS {"n":688,"ev":"sp_write_before","pc":"80035fd8","count":"7005ece7","frame":1,"a":"00000125","b":"ffffffff","sp":"00000043","mi":"00000000","mask":"0000003f","cause":"10000000","sr":"2400ff01","dp":"00000008","type":1,"locked":0,"sp_due":"00000000","rsp":"00000000","rs":"00000000","rdp":"00000000","next":"00000000","qvalid":0,"qcapacity":8,"thread":"800691c8","tasks":0}
PDOBS {"n":689,"ev":"rsp_begin","pc":"80035fd8","count":"7005ece7","frame":1,"a":"00000001","b":"04001000","sp":"00000040","mi":"00000000","mask":"0000003f","cause":"10000000","sr":"2400ff01","dp":"00000008","type":1,"locked":0,"sp_due":"00000000","rsp":"00000000","rs":"00000000","rdp":"00000000","next":"00000000","qvalid":0,"qcapacity":8,"thread":"800691c8","tasks":0}
PDOBS {"n":690,"ev":"rsp_return","pc":"80035fd8","count":"7005eceb","frame":1,"a":"00000001","b":"040017bc","sp":"00000243","mi":"00000001","mask":"0000003f","cause":"10000400","sr":"2400ff01","dp":"00000008","type":1,"locked":0,"sp_due":"00000000","rsp":"00000000","rs":"00000000","rdp":"00000000","next":"00000000","qvalid":0,"qcapacity":8,"thread":"800691c8","tasks":0}
PDOBS {"n":691,"ev":"mi_clear","pc":"80035fd8","count":"7005eceb","frame":1,"a":"00000001","b":"00000000","sp":"00000243","mi":"00000001","mask":"0000003f","cause":"10000400","sr":"2400ff01","dp":"00000008","type":1,"locked":0,"sp_due":"00000000","rsp":"00000000","rs":"00000000","rdp":"00000000","next":"00000000","qvalid":0,"qcapacity":8,"thread":"800691c8","tasks":0}
PDOBS {"n":692,"ev":"rsp_deferred","pc":"80035fd8","count":"7005eceb","frame":1,"a":"000003e8","b":"00000000","sp":"00000243","mi":"00000000","mask":"0000003f","cause":"10000000","sr":"2400ff01","dp":"00000008","type":1,"locked":0,"sp_due":"7005f0d3","rsp":"00000000","rs":"00000000","rdp":"00000000","next":"00000000","qvalid":0,"qcapacity":8,"thread":"800691c8","tasks":0}
PDOBS {"n":693,"ev":"rsp_exit","pc":"80035fd8","count":"7005eceb","frame":1,"a":"000003e8","b":"00000000","sp":"00000040","mi":"00000000","mask":"0000003f","cause":"10000000","sr":"2400ff01","dp":"00000008","type":1,"locked":0,"sp_due":"7005f0d3","rsp":"00000000","rs":"00000000","rdp":"00000000","next":"00000000","qvalid":0,"qcapacity":8,"thread":"800691c8","tasks":0}
PDOBS {"n":694,"ev":"sp_write_after","pc":"80035fd8","count":"7005eceb","frame":1,"a":"00000125","b":"ffffffff","sp":"00000040","mi":"00000000","mask":"0000003f","cause":"10000000","sr":"2400ff01","dp":"00000008","type":1,"locked":0,"sp_due":"7005f0d3","rsp":"00000000","rs":"00000000","rdp":"00000000","next":"00000000","qvalid":0,"qcapacity":8,"thread":"800691c8","tasks":0}
PDOBS {"n":695,"ev":"sp_event","pc":"8009ca30","count":"7005f0d5","frame":2,"a":"00000000","b":"00000000","sp":"00000040","mi":"00000000","mask":"0000003f","cause":"10000000","sr":"2400ff01","dp":"00000008","type":1,"locked":0,"sp_due":"00000000","rsp":"80045d78","rs":"00000003","rdp":"80045d78","next":"00000000","qvalid":0,"qcapacity":8,"thread":"800691c8","tasks":1}
PDOBS {"n":696,"ev":"mi_raise","pc":"8009ca30","count":"7005f0d5","frame":2,"a":"00000001","b":"00000000","sp":"00000243","mi":"00000000","mask":"0000003f","cause":"10000000","sr":"2400ff01","dp":"00000008","type":1,"locked":0,"sp_due":"00000000","rsp":"80045d78","rs":"00000003","rdp":"80045d78","next":"00000000","qvalid":0,"qcapacity":8,"thread":"800691c8","tasks":1}
PDOBS {"n":697,"ev":"sp_write_before","pc":"80002fa4","count":"7005f239","frame":2,"a":"00008008","b":"ffffffff","sp":"00000243","mi":"00000001","mask":"0000003f","cause":"10000400","sr":"2400ff00","dp":"00000008","type":1,"locked":0,"sp_due":"00000000","rsp":"80045d78","rs":"00000003","rdp":"80045d78","next":"00000000","qvalid":0,"qcapacity":8,"thread":"800691c8","tasks":1}
PDOBS {"n":698,"ev":"mi_clear","pc":"80002fa4","count":"7005f239","frame":2,"a":"00000001","b":"00000000","sp":"00000243","mi":"00000001","mask":"0000003f","cause":"10000400","sr":"2400ff00","dp":"00000008","type":1,"locked":0,"sp_due":"00000000","rsp":"80045d78","rs":"00000003","rdp":"80045d78","next":"00000000","qvalid":0,"qcapacity":8,"thread":"800691c8","tasks":1}
PDOBS {"n":699,"ev":"sp_write_after","pc":"80002fa4","count":"7005f239","frame":2,"a":"00008008","b":"ffffffff","sp":"00000243","mi":"00000000","mask":"0000003f","cause":"10000000","sr":"2400ff00","dp":"00000008","type":1,"locked":0,"sp_due":"00000000","rsp":"80045d78","rs":"00000003","rdp":"80045d78","next":"00000000","qvalid":0,"qcapacity":8,"thread":"800691c8","tasks":1}
PDOBS {"n":700,"ev":"guest_send","pc":"80003208","count":"7005f24d","frame":2,"a":"00000020","b":"8006b418","sp":"00000243","mi":"00000000","mask":"0000003f","cause":"10000000","sr":"2400ff00","dp":"00000008","type":1,"locked":0,"sp_due":"00000000","rsp":"80045d78","rs":"00000003","rdp":"80045d78","next":"00000000","qvalid":0,"qcapacity":8,"thread":"800691c8","tasks":1}
PDOBS {"n":701,"ev":"guest_fullcheck","pc":"80003230","count":"7005f25b","frame":2,"a":"00000020","b":"8006b418","sp":"00000243","mi":"00000000","mask":"0000003f","cause":"10000000","sr":"2400ff00","dp":"00000008","type":1,"locked":0,"sp_due":"00000000","rsp":"80045d78","rs":"00000003","rdp":"80045d78","next":"00000000","qvalid":0,"qcapacity":8,"thread":"800691c8","tasks":1}
PDOBS {"n":702,"ev":"guest_sp_handler","pc":"80001f68","count":"7005f475","frame":2,"a":"8006b3d8","b":"80360718","sp":"00000243","mi":"00000000","mask":"0000003f","cause":"10000000","sr":"2400ff01","dp":"00000008","type":1,"locked":0,"sp_due":"00000000","rsp":"80045d78","rs":"00000003","rdp":"80045d78","next":"00000000","qvalid":0,"qcapacity":8,"thread":"80068f90","tasks":1}
PDOBS {"n":703,"ev":"mi_raise","pc":"8000bab0","count":"7005fc93","frame":2,"a":"00000020","b":"00000000","sp":"00000243","mi":"00000000","mask":"0000003f","cause":"10000000","sr":"2400ff01","dp":"00000008","type":1,"locked":0,"sp_due":"00000000","rsp":"00000000","rs":"00000000","rdp":"80045d78","next":"00000000","qvalid":0,"qcapacity":8,"thread":"800691c8","tasks":1}
PDOBS {"n":704,"ev":"mi_clear","pc":"80003088","count":"7005fe0f","frame":2,"a":"00000020","b":"00000000","sp":"00000243","mi":"00000020","mask":"0000003f","cause":"10000400","sr":"2400ff00","dp":"00000008","type":1,"locked":0,"sp_due":"00000000","rsp":"00000000","rs":"00000000","rdp":"80045d78","next":"00000000","qvalid":0,"qcapacity":8,"thread":"800691c8","tasks":1}
PDOBS {"n":705,"ev":"guest_send","pc":"80003208","count":"7005fe1b","frame":2,"a":"00000048","b":"8006b418","sp":"00000243","mi":"00000000","mask":"0000003f","cause":"10000000","sr":"2400ff00","dp":"00000008","type":1,"locked":0,"sp_due":"00000000","rsp":"00000000","rs":"00000000","rdp":"80045d78","next":"00000000","qvalid":0,"qcapacity":8,"thread":"800691c8","tasks":1}
PDOBS {"n":706,"ev":"guest_fullcheck","pc":"80003230","count":"7005fe29","frame":2,"a":"00000048","b":"8006b418","sp":"00000243","mi":"00000000","mask":"0000003f","cause":"10000000","sr":"2400ff00","dp":"00000008","type":1,"locked":0,"sp_due":"00000000","rsp":"00000000","rs":"00000000","rdp":"80045d78","next":"00000000","qvalid":0,"qcapacity":8,"thread":"800691c8","tasks":1}
PDOBS {"n":707,"ev":"guest_dp_handler","pc":"80001ec8","count":"70060041","frame":2,"a":"8006b3d8","b":"80360718","sp":"00000243","mi":"00000000","mask":"0000003f","cause":"10000000","sr":"2400ff01","dp":"00000008","type":1,"locked":0,"sp_due":"00000000","rsp":"00000000","rs":"00000000","rdp":"80045d78","next":"00000000","qvalid":0,"qcapacity":8,"thread":"80068f90","tasks":1}
PDOBS {"n":708,"ev":"guest_complete","pc":"80001e50","count":"7006046b","frame":2,"a":"8006b3d8","b":"80045d78","sp":"00000243","mi":"00000000","mask":"0000003f","cause":"10000000","sr":"2400ff01","dp":"00000008","type":1,"locked":0,"sp_due":"00000000","rsp":"00000000","rs":"00000000","rdp":"00000000","next":"00000000","qvalid":0,"qcapacity":8,"thread":"80068f90","tasks":1}
PDOBS {"n":709,"ev":"guest_exec","pc":"80001960","count":"7063c959","frame":2,"a":"8006b3d8","b":"80045dd8","sp":"00000243","mi":"00000000","mask":"0000003f","cause":"10000000","sr":"2400ff01","dp":"00000008","type":1,"locked":0,"sp_due":"00000000","rsp":"00000000","rs":"00000000","rdp":"00000000","next":"00000000","qvalid":8,"qcapacity":8,"thread":"800691c8","tasks":1}
PDOBS {"n":710,"ev":"sp_write_before","pc":"80035fd8","count":"7063cb81","frame":2,"a":"00002b00","b":"ffffffff","sp":"00000243","mi":"00000000","mask":"0000003f","cause":"10000000","sr":"2400ff01","dp":"00000008","type":1,"locked":0,"sp_due":"00000000","rsp":"00000000","rs":"00000000","rdp":"00000000","next":"00000000","qvalid":8,"qcapacity":8,"thread":"800691c8","tasks":1}
PDOBS {"n":711,"ev":"sp_write_after","pc":"80035fd8","count":"7063cb81","frame":2,"a":"00002b00","b":"ffffffff","sp":"00000043","mi":"00000000","mask":"0000003f","cause":"10000000","sr":"2400ff01","dp":"00000008","type":1,"locked":0,"sp_due":"00000000","rsp":"00000000","rs":"00000000","rdp":"00000000","next":"00000000","qvalid":8,"qcapacity":8,"thread":"800691c8","tasks":1}
PDOBS {"n":712,"ev":"sp_write_before","pc":"80035fd8","count":"7063ccd9","frame":2,"a":"00000125","b":"ffffffff","sp":"00000043","mi":"00000000","mask":"0000003f","cause":"10000000","sr":"2400ff01","dp":"00000008","type":1,"locked":0,"sp_due":"00000000","rsp":"00000000","rs":"00000000","rdp":"00000000","next":"00000000","qvalid":8,"qcapacity":8,"thread":"800691c8","tasks":1}
PDOBS {"n":713,"ev":"rsp_begin","pc":"80035fd8","count":"7063ccd9","frame":2,"a":"00000001","b":"04001000","sp":"00000040","mi":"00000000","mask":"0000003f","cause":"10000000","sr":"2400ff01","dp":"00000008","type":1,"locked":0,"sp_due":"00000000","rsp":"00000000","rs":"00000000","rdp":"00000000","next":"00000000","qvalid":8,"qcapacity":8,"thread":"800691c8","tasks":1}
PDOBS {"n":714,"ev":"rsp_return","pc":"80035fd8","count":"7063ccdd","frame":2,"a":"00000001","b":"040017bc","sp":"00000243","mi":"00000001","mask":"0000003f","cause":"10000400","sr":"2400ff01","dp":"00000008","type":1,"locked":0,"sp_due":"00000000","rsp":"00000000","rs":"00000000","rdp":"00000000","next":"00000000","qvalid":8,"qcapacity":8,"thread":"800691c8","tasks":1}
PDOBS {"n":715,"ev":"mi_clear","pc":"80035fd8","count":"7063ccdd","frame":2,"a":"00000001","b":"00000000","sp":"00000243","mi":"00000001","mask":"0000003f","cause":"10000400","sr":"2400ff01","dp":"00000008","type":1,"locked":0,"sp_due":"00000000","rsp":"00000000","rs":"00000000","rdp":"00000000","next":"00000000","qvalid":8,"qcapacity":8,"thread":"800691c8","tasks":1}
PDOBS {"n":716,"ev":"rsp_deferred","pc":"80035fd8","count":"7063ccdd","frame":2,"a":"000003e8","b":"00000000","sp":"00000243","mi":"00000000","mask":"0000003f","cause":"10000000","sr":"2400ff01","dp":"00000008","type":1,"locked":0,"sp_due":"7063d0c5","rsp":"00000000","rs":"00000000","rdp":"00000000","next":"00000000","qvalid":8,"qcapacity":8,"thread":"800691c8","tasks":1}
PDOBS {"n":717,"ev":"rsp_exit","pc":"80035fd8","count":"7063ccdd","frame":2,"a":"000003e8","b":"00000000","sp":"00000040","mi":"00000000","mask":"0000003f","cause":"10000000","sr":"2400ff01","dp":"00000008","type":1,"locked":0,"sp_due":"7063d0c5","rsp":"00000000","rs":"00000000","rdp":"00000000","next":"00000000","qvalid":8,"qcapacity":8,"thread":"800691c8","tasks":1}
PDOBS {"n":718,"ev":"sp_write_after","pc":"80035fd8","count":"7063ccdd","frame":2,"a":"00000125","b":"ffffffff","sp":"00000040","mi":"00000000","mask":"0000003f","cause":"10000000","sr":"2400ff01","dp":"00000008","type":1,"locked":0,"sp_due":"7063d0c5","rsp":"00000000","rs":"00000000","rdp":"00000000","next":"00000000","qvalid":8,"qcapacity":8,"thread":"800691c8","tasks":1}
PDOBS {"n":719,"ev":"sp_event","pc":"800348c0","count":"7063d0d9","frame":2,"a":"00000000","b":"00000000","sp":"00000040","mi":"00000000","mask":"0000003f","cause":"10000000","sr":"2400ff01","dp":"00000008","type":1,"locked":0,"sp_due":"00000000","rsp":"80045dd8","rs":"00000003","rdp":"80045dd8","next":"00000000","qvalid":8,"qcapacity":8,"thread":"80068f90","tasks":2}
PDOBS {"n":720,"ev":"mi_raise","pc":"800348c0","count":"7063d0d9","frame":2,"a":"00000001","b":"00000000","sp":"00000243","mi":"00000000","mask":"0000003f","cause":"10000000","sr":"2400ff01","dp":"00000008","type":1,"locked":0,"sp_due":"00000000","rsp":"80045dd8","rs":"00000003","rdp":"80045dd8","next":"00000000","qvalid":8,"qcapacity":8,"thread":"80068f90","tasks":2}
PDOBS {"n":721,"ev":"sp_write_before","pc":"80002fa4","count":"7063d23d","frame":2,"a":"00008008","b":"ffffffff","sp":"00000243","mi":"00000001","mask":"0000003f","cause":"10000400","sr":"2400ff00","dp":"00000008","type":1,"locked":0,"sp_due":"00000000","rsp":"80045dd8","rs":"00000003","rdp":"80045dd8","next":"00000000","qvalid":8,"qcapacity":8,"thread":"80068f90","tasks":2}
PDOBS {"n":722,"ev":"mi_clear","pc":"80002fa4","count":"7063d23d","frame":2,"a":"00000001","b":"00000000","sp":"00000243","mi":"00000001","mask":"0000003f","cause":"10000400","sr":"2400ff00","dp":"00000008","type":1,"locked":0,"sp_due":"00000000","rsp":"80045dd8","rs":"00000003","rdp":"80045dd8","next":"00000000","qvalid":8,"qcapacity":8,"thread":"80068f90","tasks":2}
PDOBS {"n":723,"ev":"sp_write_after","pc":"80002fa4","count":"7063d23d","frame":2,"a":"00008008","b":"ffffffff","sp":"00000243","mi":"00000000","mask":"0000003f","cause":"10000000","sr":"2400ff00","dp":"00000008","type":1,"locked":0,"sp_due":"00000000","rsp":"80045dd8","rs":"00000003","rdp":"80045dd8","next":"00000000","qvalid":8,"qcapacity":8,"thread":"80068f90","tasks":2}
PDOBS {"n":724,"ev":"guest_send","pc":"80003208","count":"7063d251","frame":2,"a":"00000020","b":"8006b418","sp":"00000243","mi":"00000000","mask":"0000003f","cause":"10000000","sr":"2400ff00","dp":"00000008","type":1,"locked":0,"sp_due":"00000000","rsp":"80045dd8","rs":"00000003","rdp":"80045dd8","next":"00000000","qvalid":8,"qcapacity":8,"thread":"80068f90","tasks":2}
PDOBS {"n":725,"ev":"guest_fullcheck","pc":"80003230","count":"7063d25f","frame":2,"a":"00000020","b":"8006b418","sp":"00000243","mi":"00000000","mask":"0000003f","cause":"10000000","sr":"2400ff00","dp":"00000008","type":1,"locked":0,"sp_due":"00000000","rsp":"80045dd8","rs":"00000003","rdp":"80045dd8","next":"00000000","qvalid":8,"qcapacity":8,"thread":"80068f90","tasks":2}
PDOBS {"n":726,"ev":"mi_raise","pc":"80035f98","count":"7063dc81","frame":2,"a":"00000020","b":"00000000","sp":"00000243","mi":"00000000","mask":"0000003f","cause":"10000000","sr":"2400ff01","dp":"00000008","type":1,"locked":0,"sp_due":"00000000","rsp":"80045dd8","rs":"00000003","rdp":"80045dd8","next":"00000000","qvalid":7,"qcapacity":8,"thread":"80068f90","tasks":2}
PDOBS {"n":727,"ev":"mi_clear","pc":"80003088","count":"7063ddfd","frame":2,"a":"00000020","b":"00000000","sp":"00000243","mi":"00000020","mask":"0000003f","cause":"10000400","sr":"2400ff00","dp":"00000008","type":1,"locked":0,"sp_due":"00000000","rsp":"80045dd8","rs":"00000003","rdp":"80045dd8","next":"00000000","qvalid":7,"qcapacity":8,"thread":"80068f90","tasks":2}
PDOBS {"n":728,"ev":"guest_send","pc":"80003208","count":"7063de09","frame":2,"a":"00000048","b":"8006b418","sp":"00000243","mi":"00000000","mask":"0000003f","cause":"10000000","sr":"2400ff00","dp":"00000008","type":1,"locked":0,"sp_due":"00000000","rsp":"80045dd8","rs":"00000003","rdp":"80045dd8","next":"00000000","qvalid":7,"qcapacity":8,"thread":"80068f90","tasks":2}
PDOBS {"n":729,"ev":"guest_fullcheck","pc":"80003230","count":"7063de17","frame":2,"a":"00000048","b":"8006b418","sp":"00000243","mi":"00000000","mask":"0000003f","cause":"10000000","sr":"2400ff00","dp":"00000008","type":1,"locked":0,"sp_due":"00000000","rsp":"80045dd8","rs":"00000003","rdp":"80045dd8","next":"00000000","qvalid":7,"qcapacity":8,"thread":"80068f90","tasks":2}
PDOBS {"n":730,"ev":"guest_dp_handler","pc":"80001ec8","count":"70642ef7","frame":2,"a":"8006b3d8","b":"80360790","sp":"00000243","mi":"00000000","mask":"0000003f","cause":"10000000","sr":"2400ff01","dp":"00000008","type":1,"locked":0,"sp_due":"00000000","rsp":"80045dd8","rs":"00000003","rdp":"80045dd8","next":"00000000","qvalid":0,"qcapacity":8,"thread":"80068f90","tasks":2}
PDOBS {"n":731,"ev":"sp_write_before","pc":"80035fd8","count":"706d9ae3","frame":3,"a":"00000400","b":"ffffffff","sp":"00000243","mi":"00000000","mask":"0000003f","cause":"10000000","sr":"2400ff01","dp":"00000008","type":1,"locked":0,"sp_due":"00000000","rsp":"80045dd8","rs":"00000002","rdp":"00000000","next":"00000000","qvalid":0,"qcapacity":8,"thread":"80068f90","tasks":1}
PDOBS {"n":732,"ev":"sp_write_after","pc":"80035fd8","count":"706d9ae3","frame":3,"a":"00000400","b":"ffffffff","sp":"000002c3","mi":"00000000","mask":"0000003f","cause":"10000000","sr":"2400ff01","dp":"00000008","type":1,"locked":0,"sp_due":"00000000","rsp":"80045dd8","rs":"00000002","rdp":"00000000","next":"00000000","qvalid":0,"qcapacity":8,"thread":"80068f90","tasks":1}
PDOBS {"n":733,"ev":"sp_write_before","pc":"80035fd8","count":"70865aaf","frame":3,"a":"00000400","b":"ffffffff","sp":"000002c3","mi":"00000000","mask":"0000003f","cause":"10000000","sr":"2400ff01","dp":"00000008","type":1,"locked":0,"sp_due":"00000000","rsp":"80045dd8","rs":"00000012","rdp":"00000000","next":"00000000","qvalid":0,"qcapacity":8,"thread":"80068f90","tasks":1}
PDOBS {"n":734,"ev":"sp_write_after","pc":"80035fd8","count":"70865aaf","frame":3,"a":"00000400","b":"ffffffff","sp":"000002c3","mi":"00000000","mask":"0000003f","cause":"10000000","sr":"2400ff01","dp":"00000008","type":1,"locked":0,"sp_due":"00000000","rsp":"80045dd8","rs":"00000012","rdp":"00000000","next":"00000000","qvalid":0,"qcapacity":8,"thread":"80068f90","tasks":1}
PDOBS {"n":735,"ev":"sp_write_before","pc":"80035fd8","count":"709f1b4e","frame":3,"a":"00000400","b":"ffffffff","sp":"000002c3","mi":"00000000","mask":"0000003f","cause":"10000000","sr":"2400ff01","dp":"00000008","type":1,"locked":0,"sp_due":"00000000","rsp":"80045dd8","rs":"00000012","rdp":"00000000","next":"80045d78","qvalid":0,"qcapacity":8,"thread":"80068f90","tasks":2}
PDOBS {"n":736,"ev":"sp_write_after","pc":"80035fd8","count":"709f1b4e","frame":3,"a":"00000400","b":"ffffffff","sp":"000002c3","mi":"00000000","mask":"0000003f","cause":"10000000","sr":"2400ff01","dp":"00000008","type":1,"locked":0,"sp_due":"00000000","rsp":"80045dd8","rs":"00000012","rdp":"00000000","next":"80045d78","qvalid":0,"qcapacity":8,"thread":"80068f90","tasks":2}
PDOBS {"n":737,"ev":"sp_write_before","pc":"80035fd8","count":"70b7dc38","frame":3,"a":"00000400","b":"ffffffff","sp":"000002c3","mi":"00000000","mask":"0000003f","cause":"10000000","sr":"2400ff01","dp":"00000008","type":1,"locked":0,"sp_due":"00000000","rsp":"80045dd8","rs":"00000012","rdp":"00000000","next":"80045d78","qvalid":0,"qcapacity":8,"thread":"80068f90","tasks":2}
PDOBS {"n":738,"ev":"sp_write_after","pc":"80035fd8","count":"70b7dc38","frame":3,"a":"00000400","b":"ffffffff","sp":"000002c3","mi":"00000000","mask":"0000003f","cause":"10000000","sr":"2400ff01","dp":"00000008","type":1,"locked":0,"sp_due":"00000000","rsp":"80045dd8","rs":"00000012","rdp":"00000000","next":"80045d78","qvalid":0,"qcapacity":8,"thread":"80068f90","tasks":2}
PDOBS {"n":739,"ev":"sp_write_before","pc":"80035fd8","count":"70d09d26","frame":3,"a":"00000400","b":"ffffffff","sp":"000002c3","mi":"00000000","mask":"0000003f","cause":"10000000","sr":"2400ff01","dp":"00000008","type":1,"locked":0,"sp_due":"00000000","rsp":"80045dd8","rs":"00000012","rdp":"00000000","next":"80045d78","qvalid":0,"qcapacity":8,"thread":"80068f90","tasks":2}
PDOBS {"n":740,"ev":"sp_write_after","pc":"80035fd8","count":"70d09d26","frame":3,"a":"00000400","b":"ffffffff","sp":"000002c3","mi":"00000000","mask":"0000003f","cause":"10000000","sr":"2400ff01","dp":"00000008","type":1,"locked":0,"sp_due":"00000000","rsp":"80045dd8","rs":"00000012","rdp":"00000000","next":"80045d78","qvalid":0,"qcapacity":8,"thread":"80068f90","tasks":2}
PDOBS {"n":741,"ev":"sp_write_before","pc":"80035fd8","count":"70e95e0c","frame":3,"a":"00000400","b":"ffffffff","sp":"000002c3","mi":"00000000","mask":"0000003f","cause":"10000000","sr":"2400ff01","dp":"00000008","type":1,"locked":0,"sp_due":"00000000","rsp":"80045dd8","rs":"00000012","rdp":"00000000","next":"80045d78","qvalid":0,"qcapacity":8,"thread":"80068f90","tasks":2}
PDOBS {"n":742,"ev":"sp_write_after","pc":"80035fd8","count":"70e95e0c","frame":3,"a":"00000400","b":"ffffffff","sp":"000002c3","mi":"00000000","mask":"0000003f","cause":"10000000","sr":"2400ff01","dp":"00000008","type":1,"locked":0,"sp_due":"00000000","rsp":"80045dd8","rs":"00000012","rdp":"00000000","next":"80045d78","qvalid":0,"qcapacity":8,"thread":"80068f90","tasks":2}
PDOBS {"n":743,"ev":"sp_write_before","pc":"80035fd8","count":"71021efa","frame":3,"a":"00000400","b":"ffffffff","sp":"000002c3","mi":"00000000","mask":"0000003f","cause":"10000000","sr":"2400ff01","dp":"00000008","type":1,"locked":0,"sp_due":"00000000","rsp":"80045dd8","rs":"00000012","rdp":"00000000","next":"80045d78","qvalid":0,"qcapacity":8,"thread":"80068f90","tasks":2}
PDOBS {"n":744,"ev":"sp_write_after","pc":"80035fd8","count":"71021efa","frame":3,"a":"00000400","b":"ffffffff","sp":"000002c3","mi":"00000000","mask":"0000003f","cause":"10000000","sr":"2400ff01","dp":"00000008","type":1,"locked":0,"sp_due":"00000000","rsp":"80045dd8","rs":"00000012","rdp":"00000000","next":"80045d78","qvalid":0,"qcapacity":8,"thread":"80068f90","tasks":2}
PDOBS {"n":745,"ev":"sp_write_before","pc":"80035fd8","count":"711adfe0","frame":3,"a":"00000400","b":"ffffffff","sp":"000002c3","mi":"00000000","mask":"0000003f","cause":"10000000","sr":"2400ff01","dp":"00000008","type":1,"locked":0,"sp_due":"00000000","rsp":"80045dd8","rs":"00000012","rdp":"00000000","next":"80045d78","qvalid":0,"qcapacity":8,"thread":"80068f90","tasks":2}
PDOBS {"n":746,"ev":"sp_write_after","pc":"80035fd8","count":"711adfe0","frame":3,"a":"00000400","b":"ffffffff","sp":"000002c3","mi":"00000000","mask":"0000003f","cause":"10000000","sr":"2400ff01","dp":"00000008","type":1,"locked":0,"sp_due":"00000000","rsp":"80045dd8","rs":"00000012","rdp":"00000000","next":"80045d78","qvalid":0,"qcapacity":8,"thread":"80068f90","tasks":2}
PDOBS {"n":747,"ev":"sp_write_before","pc":"80035fd8","count":"7133a0ce","frame":3,"a":"00000400","b":"ffffffff","sp":"000002c3","mi":"00000000","mask":"0000003f","cause":"10000000","sr":"2400ff01","dp":"00000008","type":1,"locked":0,"sp_due":"00000000","rsp":"80045dd8","rs":"00000012","rdp":"00000000","next":"80045d78","qvalid":0,"qcapacity":8,"thread":"80068f90","tasks":2}
PDOBS {"n":748,"ev":"sp_write_after","pc":"80035fd8","count":"7133a0ce","frame":3,"a":"00000400","b":"ffffffff","sp":"000002c3","mi":"00000000","mask":"0000003f","cause":"10000000","sr":"2400ff01","dp":"00000008","type":1,"locked":0,"sp_due":"00000000","rsp":"80045dd8","rs":"00000012","rdp":"00000000","next":"80045d78","qvalid":0,"qcapacity":8,"thread":"80068f90","tasks":2}
PDOBS {"n":749,"ev":"sp_write_before","pc":"80035fd8","count":"714c61b4","frame":3,"a":"00000400","b":"ffffffff","sp":"000002c3","mi":"00000000","mask":"0000003f","cause":"10000000","sr":"2400ff01","dp":"00000008","type":1,"locked":0,"sp_due":"00000000","rsp":"80045dd8","rs":"00000012","rdp":"00000000","next":"80045d78","qvalid":0,"qcapacity":8,"thread":"80068f90","tasks":2}
PDOBS {"n":750,"ev":"sp_write_after","pc":"80035fd8","count":"714c61b4","frame":3,"a":"00000400","b":"ffffffff","sp":"000002c3","mi":"00000000","mask":"0000003f","cause":"10000000","sr":"2400ff01","dp":"00000008","type":1,"locked":0,"sp_due":"00000000","rsp":"80045dd8","rs":"00000012","rdp":"00000000","next":"80045d78","qvalid":0,"qcapacity":8,"thread":"80068f90","tasks":2}
PDOBS {"n":751,"ev":"sp_write_before","pc":"80035fd8","count":"7165229e","frame":3,"a":"00000400","b":"ffffffff","sp":"000002c3","mi":"00000000","mask":"0000003f","cause":"10000000","sr":"2400ff01","dp":"00000008","type":1,"locked":0,"sp_due":"00000000","rsp":"80045dd8","rs":"00000012","rdp":"00000000","next":"80045d78","qvalid":0,"qcapacity":8,"thread":"80068f90","tasks":2}
PDOBS {"n":752,"ev":"sp_write_after","pc":"80035fd8","count":"7165229e","frame":3,"a":"00000400","b":"ffffffff","sp":"000002c3","mi":"00000000","mask":"0000003f","cause":"10000000","sr":"2400ff01","dp":"00000008","type":1,"locked":0,"sp_due":"00000000","rsp":"80045dd8","rs":"00000012","rdp":"00000000","next":"80045d78","qvalid":0,"qcapacity":8,"thread":"80068f90","tasks":2}
PDOBS {"n":753,"ev":"sp_write_before","pc":"80035fd8","count":"717de38c","frame":3,"a":"00000400","b":"ffffffff","sp":"000002c3","mi":"00000000","mask":"0000003f","cause":"10000000","sr":"2400ff01","dp":"00000008","type":1,"locked":0,"sp_due":"00000000","rsp":"80045dd8","rs":"00000012","rdp":"00000000","next":"80045d78","qvalid":0,"qcapacity":8,"thread":"80068f90","tasks":2}
PDOBS {"n":754,"ev":"sp_write_after","pc":"80035fd8","count":"717de38c","frame":3,"a":"00000400","b":"ffffffff","sp":"000002c3","mi":"00000000","mask":"0000003f","cause":"10000000","sr":"2400ff01","dp":"00000008","type":1,"locked":0,"sp_due":"00000000","rsp":"80045dd8","rs":"00000012","rdp":"00000000","next":"80045d78","qvalid":0,"qcapacity":8,"thread":"80068f90","tasks":2}
PDOBS {"n":755,"ev":"sp_write_before","pc":"80035fd8","count":"7196a476","frame":3,"a":"00000400","b":"ffffffff","sp":"000002c3","mi":"00000000","mask":"0000003f","cause":"10000000","sr":"2400ff01","dp":"00000008","type":1,"locked":0,"sp_due":"00000000","rsp":"80045dd8","rs":"00000012","rdp":"00000000","next":"80045d78","qvalid":0,"qcapacity":8,"thread":"80068f90","tasks":2}
PDOBS {"n":756,"ev":"sp_write_after","pc":"80035fd8","count":"7196a476","frame":3,"a":"00000400","b":"ffffffff","sp":"000002c3","mi":"00000000","mask":"0000003f","cause":"10000000","sr":"2400ff01","dp":"00000008","type":1,"locked":0,"sp_due":"00000000","rsp":"80045dd8","rs":"00000012","rdp":"00000000","next":"80045d78","qvalid":0,"qcapacity":8,"thread":"80068f90","tasks":2}
PDOBS {"n":757,"ev":"sp_write_before","pc":"80035fd8","count":"71af655c","frame":3,"a":"00000400","b":"ffffffff","sp":"000002c3","mi":"00000000","mask":"0000003f","cause":"10000000","sr":"2400ff01","dp":"00000008","type":1,"locked":0,"sp_due":"00000000","rsp":"80045dd8","rs":"00000012","rdp":"00000000","next":"80045d78","qvalid":0,"qcapacity":8,"thread":"80068f90","tasks":2}
PDOBS {"n":758,"ev":"sp_write_after","pc":"80035fd8","count":"71af655c","frame":3,"a":"00000400","b":"ffffffff","sp":"000002c3","mi":"00000000","mask":"0000003f","cause":"10000000","sr":"2400ff01","dp":"00000008","type":1,"locked":0,"sp_due":"00000000","rsp":"80045dd8","rs":"00000012","rdp":"00000000","next":"80045d78","qvalid":0,"qcapacity":8,"thread":"80068f90","tasks":2}
PDOBS {"n":759,"ev":"sp_write_before","pc":"80035fd8","count":"71c82646","frame":3,"a":"00000400","b":"ffffffff","sp":"000002c3","mi":"00000000","mask":"0000003f","cause":"10000000","sr":"2400ff01","dp":"00000008","type":1,"locked":0,"sp_due":"00000000","rsp":"80045dd8","rs":"00000012","rdp":"00000000","next":"80045d78","qvalid":0,"qcapacity":8,"thread":"80068f90","tasks":2}
PDOBS {"n":760,"ev":"sp_write_after","pc":"80035fd8","count":"71c82646","frame":3,"a":"00000400","b":"ffffffff","sp":"000002c3","mi":"00000000","mask":"0000003f","cause":"10000000","sr":"2400ff01","dp":"00000008","type":1,"locked":0,"sp_due":"00000000","rsp":"80045dd8","rs":"00000012","rdp":"00000000","next":"80045d78","qvalid":0,"qcapacity":8,"thread":"80068f90","tasks":2}
PDOBS {"n":761,"ev":"sp_write_before","pc":"80035fd8","count":"71e0e730","frame":3,"a":"00000400","b":"ffffffff","sp":"000002c3","mi":"00000000","mask":"0000003f","cause":"10000000","sr":"2400ff01","dp":"00000008","type":1,"locked":0,"sp_due":"00000000","rsp":"80045dd8","rs":"00000012","rdp":"00000000","next":"80045d78","qvalid":0,"qcapacity":8,"thread":"80068f90","tasks":2}
PDOBS {"n":762,"ev":"sp_write_after","pc":"80035fd8","count":"71e0e730","frame":3,"a":"00000400","b":"ffffffff","sp":"000002c3","mi":"00000000","mask":"0000003f","cause":"10000000","sr":"2400ff01","dp":"00000008","type":1,"locked":0,"sp_due":"00000000","rsp":"80045dd8","rs":"00000012","rdp":"00000000","next":"80045d78","qvalid":0,"qcapacity":8,"thread":"80068f90","tasks":2}
PDOBS {"n":763,"ev":"sp_write_before","pc":"80035fd8","count":"71f9a822","frame":3,"a":"00000400","b":"ffffffff","sp":"000002c3","mi":"00000000","mask":"0000003f","cause":"10000000","sr":"2400ff01","dp":"00000008","type":1,"locked":0,"sp_due":"00000000","rsp":"80045dd8","rs":"00000012","rdp":"00000000","next":"80045d78","qvalid":0,"qcapacity":8,"thread":"80068f90","tasks":2}
PDOBS {"n":764,"ev":"sp_write_after","pc":"80035fd8","count":"71f9a822","frame":3,"a":"00000400","b":"ffffffff","sp":"000002c3","mi":"00000000","mask":"0000003f","cause":"10000000","sr":"2400ff01","dp":"00000008","type":1,"locked":0,"sp_due":"00000000","rsp":"80045dd8","rs":"00000012","rdp":"00000000","next":"80045d78","qvalid":0,"qcapacity":8,"thread":"80068f90","tasks":2}
PDOBS {"n":765,"ev":"sp_write_before","pc":"80035fd8","count":"72126904","frame":3,"a":"00000400","b":"ffffffff","sp":"000002c3","mi":"00000000","mask":"0000003f","cause":"10000000","sr":"2400ff01","dp":"00000008","type":1,"locked":0,"sp_due":"00000000","rsp":"80045dd8","rs":"00000012","rdp":"00000000","next":"80045d78","qvalid":0,"qcapacity":8,"thread":"80068f90","tasks":2}
PDOBS {"n":766,"ev":"sp_write_after","pc":"80035fd8","count":"72126904","frame":3,"a":"00000400","b":"ffffffff","sp":"000002c3","mi":"00000000","mask":"0000003f","cause":"10000000","sr":"2400ff01","dp":"00000008","type":1,"locked":0,"sp_due":"00000000","rsp":"80045dd8","rs":"00000012","rdp":"00000000","next":"80045d78","qvalid":0,"qcapacity":8,"thread":"80068f90","tasks":2}
PDOBS {"n":767,"ev":"sp_write_before","pc":"80035fd8","count":"722b29ee","frame":3,"a":"00000400","b":"ffffffff","sp":"000002c3","mi":"00000000","mask":"0000003f","cause":"10000000","sr":"2400ff01","dp":"00000008","type":1,"locked":0,"sp_due":"00000000","rsp":"80045dd8","rs":"00000012","rdp":"00000000","next":"80045d78","qvalid":0,"qcapacity":8,"thread":"80068f90","tasks":2}
PDOBS {"n":768,"ev":"sp_write_after","pc":"80035fd8","count":"722b29ee","frame":3,"a":"00000400","b":"ffffffff","sp":"000002c3","mi":"00000000","mask":"0000003f","cause":"10000000","sr":"2400ff01","dp":"00000008","type":1,"locked":0,"sp_due":"00000000","rsp":"80045dd8","rs":"00000012","rdp":"00000000","next":"80045d78","qvalid":0,"qcapacity":8,"thread":"80068f90","tasks":2}
PDOBS {"n":769,"ev":"sp_write_before","pc":"80035fd8","count":"7243ead8","frame":3,"a":"00000400","b":"ffffffff","sp":"000002c3","mi":"00000000","mask":"0000003f","cause":"10000000","sr":"2400ff01","dp":"00000008","type":1,"locked":0,"sp_due":"00000000","rsp":"80045dd8","rs":"00000012","rdp":"00000000","next":"80045d78","qvalid":0,"qcapacity":8,"thread":"80068f90","tasks":2}
PDOBS {"n":770,"ev":"sp_write_after","pc":"80035fd8","count":"7243ead8","frame":3,"a":"00000400","b":"ffffffff","sp":"000002c3","mi":"00000000","mask":"0000003f","cause":"10000000","sr":"2400ff01","dp":"00000008","type":1,"locked":0,"sp_due":"00000000","rsp":"80045dd8","rs":"00000012","rdp":"00000000","next":"80045d78","qvalid":0,"qcapacity":8,"thread":"80068f90","tasks":2}
PDOBS {"n":771,"ev":"sp_write_before","pc":"80035fd8","count":"725cabc6","frame":3,"a":"00000400","b":"ffffffff","sp":"000002c3","mi":"00000000","mask":"0000003f","cause":"10000000","sr":"2400ff01","dp":"00000008","type":1,"locked":0,"sp_due":"00000000","rsp":"80045dd8","rs":"00000012","rdp":"00000000","next":"80045d78","qvalid":0,"qcapacity":8,"thread":"80068f90","tasks":2}
PDOBS {"n":772,"ev":"sp_write_after","pc":"80035fd8","count":"725cabc6","frame":3,"a":"00000400","b":"ffffffff","sp":"000002c3","mi":"00000000","mask":"0000003f","cause":"10000000","sr":"2400ff01","dp":"00000008","type":1,"locked":0,"sp_due":"00000000","rsp":"80045dd8","rs":"00000012","rdp":"00000000","next":"80045d78","qvalid":0,"qcapacity":8,"thread":"80068f90","tasks":2}
PDOBS {"n":773,"ev":"sp_write_before","pc":"80035fd8","count":"72756cb0","frame":3,"a":"00000400","b":"ffffffff","sp":"000002c3","mi":"00000000","mask":"0000003f","cause":"10000000","sr":"2400ff01","dp":"00000008","type":1,"locked":0,"sp_due":"00000000","rsp":"80045dd8","rs":"00000012","rdp":"00000000","next":"80045d78","qvalid":0,"qcapacity":8,"thread":"80068f90","tasks":2}
PDOBS {"n":774,"ev":"sp_write_after","pc":"80035fd8","count":"72756cb0","frame":3,"a":"00000400","b":"ffffffff","sp":"000002c3","mi":"00000000","mask":"0000003f","cause":"10000000","sr":"2400ff01","dp":"00000008","type":1,"locked":0,"sp_due":"00000000","rsp":"80045dd8","rs":"00000012","rdp":"00000000","next":"80045d78","qvalid":0,"qcapacity":8,"thread":"80068f90","tasks":2}
PDOBS {"n":775,"ev":"sp_write_before","pc":"80035fd8","count":"728e2d96","frame":3,"a":"00000400","b":"ffffffff","sp":"000002c3","mi":"00000000","mask":"0000003f","cause":"10000000","sr":"2400ff01","dp":"00000008","type":1,"locked":0,"sp_due":"00000000","rsp":"80045dd8","rs":"00000012","rdp":"00000000","next":"80045d78","qvalid":0,"qcapacity":8,"thread":"80068f90","tasks":2}
PDOBS {"n":776,"ev":"sp_write_after","pc":"80035fd8","count":"728e2d96","frame":3,"a":"00000400","b":"ffffffff","sp":"000002c3","mi":"00000000","mask":"0000003f","cause":"10000000","sr":"2400ff01","dp":"00000008","type":1,"locked":0,"sp_due":"00000000","rsp":"80045dd8","rs":"00000012","rdp":"00000000","next":"80045d78","qvalid":0,"qcapacity":8,"thread":"80068f90","tasks":2}
PDOBS {"n":777,"ev":"sp_write_before","pc":"80035fd8","count":"72a6ee80","frame":3,"a":"00000400","b":"ffffffff","sp":"000002c3","mi":"00000000","mask":"0000003f","cause":"10000000","sr":"2400ff01","dp":"00000008","type":1,"locked":0,"sp_due":"00000000","rsp":"80045dd8","rs":"00000012","rdp":"00000000","next":"80045d78","qvalid":0,"qcapacity":8,"thread":"80068f90","tasks":2}
PDOBS {"n":778,"ev":"sp_write_after","pc":"80035fd8","count":"72a6ee80","frame":3,"a":"00000400","b":"ffffffff","sp":"000002c3","mi":"00000000","mask":"0000003f","cause":"10000000","sr":"2400ff01","dp":"00000008","type":1,"locked":0,"sp_due":"00000000","rsp":"80045dd8","rs":"00000012","rdp":"00000000","next":"80045d78","qvalid":0,"qcapacity":8,"thread":"80068f90","tasks":2}
PDOBS {"n":779,"ev":"sp_write_before","pc":"80035fd8","count":"72bfaf6e","frame":3,"a":"00000400","b":"ffffffff","sp":"000002c3","mi":"00000000","mask":"0000003f","cause":"10000000","sr":"2400ff01","dp":"00000008","type":1,"locked":0,"sp_due":"00000000","rsp":"80045dd8","rs":"00000012","rdp":"00000000","next":"80045d78","qvalid":0,"qcapacity":8,"thread":"80068f90","tasks":2}
PDOBS {"n":780,"ev":"sp_write_after","pc":"80035fd8","count":"72bfaf6e","frame":3,"a":"00000400","b":"ffffffff","sp":"000002c3","mi":"00000000","mask":"0000003f","cause":"10000000","sr":"2400ff01","dp":"00000008","type":1,"locked":0,"sp_due":"00000000","rsp":"80045dd8","rs":"00000012","rdp":"00000000","next":"80045d78","qvalid":0,"qcapacity":8,"thread":"80068f90","tasks":2}
PDOBS {"n":781,"ev":"sp_write_before","pc":"80035fd8","count":"72d87054","frame":3,"a":"00000400","b":"ffffffff","sp":"000002c3","mi":"00000000","mask":"0000003f","cause":"10000000","sr":"2400ff01","dp":"00000008","type":1,"locked":0,"sp_due":"00000000","rsp":"80045dd8","rs":"00000012","rdp":"00000000","next":"80045d78","qvalid":0,"qcapacity":8,"thread":"80068f90","tasks":2}
PDOBS {"n":782,"ev":"sp_write_after","pc":"80035fd8","count":"72d87054","frame":3,"a":"00000400","b":"ffffffff","sp":"000002c3","mi":"00000000","mask":"0000003f","cause":"10000000","sr":"2400ff01","dp":"00000008","type":1,"locked":0,"sp_due":"00000000","rsp":"80045dd8","rs":"00000012","rdp":"00000000","next":"80045d78","qvalid":0,"qcapacity":8,"thread":"80068f90","tasks":2}
PDOBS {"n":783,"ev":"sp_write_before","pc":"80035fd8","count":"72f13142","frame":3,"a":"00000400","b":"ffffffff","sp":"000002c3","mi":"00000000","mask":"0000003f","cause":"10000000","sr":"2400ff01","dp":"00000008","type":1,"locked":0,"sp_due":"00000000","rsp":"80045dd8","rs":"00000012","rdp":"00000000","next":"80045d78","qvalid":0,"qcapacity":8,"thread":"80068f90","tasks":2}
PDOBS {"n":784,"ev":"sp_write_after","pc":"80035fd8","count":"72f13142","frame":3,"a":"00000400","b":"ffffffff","sp":"000002c3","mi":"00000000","mask":"0000003f","cause":"10000000","sr":"2400ff01","dp":"00000008","type":1,"locked":0,"sp_due":"00000000","rsp":"80045dd8","rs":"00000012","rdp":"00000000","next":"80045d78","qvalid":0,"qcapacity":8,"thread":"80068f90","tasks":2}
PDOBS {"n":785,"ev":"sp_write_before","pc":"80035fd8","count":"7309f228","frame":3,"a":"00000400","b":"ffffffff","sp":"000002c3","mi":"00000000","mask":"0000003f","cause":"10000000","sr":"2400ff01","dp":"00000008","type":1,"locked":0,"sp_due":"00000000","rsp":"80045dd8","rs":"00000012","rdp":"00000000","next":"80045d78","qvalid":0,"qcapacity":8,"thread":"80068f90","tasks":2}
PDOBS {"n":786,"ev":"sp_write_after","pc":"80035fd8","count":"7309f228","frame":3,"a":"00000400","b":"ffffffff","sp":"000002c3","mi":"00000000","mask":"0000003f","cause":"10000000","sr":"2400ff01","dp":"00000008","type":1,"locked":0,"sp_due":"00000000","rsp":"80045dd8","rs":"00000012","rdp":"00000000","next":"80045d78","qvalid":0,"qcapacity":8,"thread":"80068f90","tasks":2}
PDOBS {"n":787,"ev":"sp_write_before","pc":"80035fd8","count":"7322b316","frame":3,"a":"00000400","b":"ffffffff","sp":"000002c3","mi":"00000000","mask":"0000003f","cause":"10000000","sr":"2400ff01","dp":"00000008","type":1,"locked":0,"sp_due":"00000000","rsp":"80045dd8","rs":"00000012","rdp":"00000000","next":"80045d78","qvalid":0,"qcapacity":8,"thread":"80068f90","tasks":2}
PDOBS {"n":788,"ev":"sp_write_after","pc":"80035fd8","count":"7322b316","frame":3,"a":"00000400","b":"ffffffff","sp":"000002c3","mi":"00000000","mask":"0000003f","cause":"10000000","sr":"2400ff01","dp":"00000008","type":1,"locked":0,"sp_due":"00000000","rsp":"80045dd8","rs":"00000012","rdp":"00000000","next":"80045d78","qvalid":0,"qcapacity":8,"thread":"80068f90","tasks":2}
PDOBS {"n":789,"ev":"sp_write_before","pc":"80035fd8","count":"733b73fc","frame":3,"a":"00000400","b":"ffffffff","sp":"000002c3","mi":"00000000","mask":"0000003f","cause":"10000000","sr":"2400ff01","dp":"00000008","type":1,"locked":0,"sp_due":"00000000","rsp":"80045dd8","rs":"00000012","rdp":"00000000","next":"80045d78","qvalid":0,"qcapacity":8,"thread":"80068f90","tasks":2}
PDOBS {"n":790,"ev":"sp_write_after","pc":"80035fd8","count":"733b73fc","frame":3,"a":"00000400","b":"ffffffff","sp":"000002c3","mi":"00000000","mask":"0000003f","cause":"10000000","sr":"2400ff01","dp":"00000008","type":1,"locked":0,"sp_due":"00000000","rsp":"80045dd8","rs":"00000012","rdp":"00000000","next":"80045d78","qvalid":0,"qcapacity":8,"thread":"80068f90","tasks":2}
PDOBS {"n":791,"ev":"sp_write_before","pc":"80035fd8","count":"735434e6","frame":3,"a":"00000400","b":"ffffffff","sp":"000002c3","mi":"00000000","mask":"0000003f","cause":"10000000","sr":"2400ff01","dp":"00000008","type":1,"locked":0,"sp_due":"00000000","rsp":"80045dd8","rs":"00000012","rdp":"00000000","next":"80045d78","qvalid":0,"qcapacity":8,"thread":"80068f90","tasks":2}
PDOBS {"n":792,"ev":"sp_write_after","pc":"80035fd8","count":"735434e6","frame":3,"a":"00000400","b":"ffffffff","sp":"000002c3","mi":"00000000","mask":"0000003f","cause":"10000000","sr":"2400ff01","dp":"00000008","type":1,"locked":0,"sp_due":"00000000","rsp":"80045dd8","rs":"00000012","rdp":"00000000","next":"80045d78","qvalid":0,"qcapacity":8,"thread":"80068f90","tasks":2}
PDOBS {"n":793,"ev":"sp_write_before","pc":"80035fd8","count":"736cf5d4","frame":3,"a":"00000400","b":"ffffffff","sp":"000002c3","mi":"00000000","mask":"0000003f","cause":"10000000","sr":"2400ff01","dp":"00000008","type":1,"locked":0,"sp_due":"00000000","rsp":"80045dd8","rs":"00000012","rdp":"00000000","next":"80045d78","qvalid":0,"qcapacity":8,"thread":"80068f90","tasks":2}
PDOBS {"n":794,"ev":"sp_write_after","pc":"80035fd8","count":"736cf5d4","frame":3,"a":"00000400","b":"ffffffff","sp":"000002c3","mi":"00000000","mask":"0000003f","cause":"10000000","sr":"2400ff01","dp":"00000008","type":1,"locked":0,"sp_due":"00000000","rsp":"80045dd8","rs":"00000012","rdp":"00000000","next":"80045d78","qvalid":0,"qcapacity":8,"thread":"80068f90","tasks":2}
PDOBS {"n":795,"ev":"sp_write_before","pc":"80035fd8","count":"7385b6be","frame":3,"a":"00000400","b":"ffffffff","sp":"000002c3","mi":"00000000","mask":"0000003f","cause":"10000000","sr":"2400ff01","dp":"00000008","type":1,"locked":0,"sp_due":"00000000","rsp":"80045dd8","rs":"00000012","rdp":"00000000","next":"80045d78","qvalid":0,"qcapacity":8,"thread":"80068f90","tasks":2}
PDOBS {"n":796,"ev":"sp_write_after","pc":"80035fd8","count":"7385b6be","frame":3,"a":"00000400","b":"ffffffff","sp":"000002c3","mi":"00000000","mask":"0000003f","cause":"10000000","sr":"2400ff01","dp":"00000008","type":1,"locked":0,"sp_due":"00000000","rsp":"80045dd8","rs":"00000012","rdp":"00000000","next":"80045d78","qvalid":0,"qcapacity":8,"thread":"80068f90","tasks":2}
PDOBS {"n":797,"ev":"sp_write_before","pc":"80035fd8","count":"739e77a4","frame":3,"a":"00000400","b":"ffffffff","sp":"000002c3","mi":"00000000","mask":"0000003f","cause":"10000000","sr":"2400ff01","dp":"00000008","type":1,"locked":0,"sp_due":"00000000","rsp":"80045dd8","rs":"00000012","rdp":"00000000","next":"80045d78","qvalid":0,"qcapacity":8,"thread":"80068f90","tasks":2}
PDOBS {"n":798,"ev":"sp_write_after","pc":"80035fd8","count":"739e77a4","frame":3,"a":"00000400","b":"ffffffff","sp":"000002c3","mi":"00000000","mask":"0000003f","cause":"10000000","sr":"2400ff01","dp":"00000008","type":1,"locked":0,"sp_due":"00000000","rsp":"80045dd8","rs":"00000012","rdp":"00000000","next":"80045d78","qvalid":0,"qcapacity":8,"thread":"80068f90","tasks":2}
PDOBS {"n":799,"ev":"sp_write_before","pc":"80035fd8","count":"73b7388e","frame":3,"a":"00000400","b":"ffffffff","sp":"000002c3","mi":"00000000","mask":"0000003f","cause":"10000000","sr":"2400ff01","dp":"00000008","type":1,"locked":0,"sp_due":"00000000","rsp":"80045dd8","rs":"00000012","rdp":"00000000","next":"80045d78","qvalid":0,"qcapacity":8,"thread":"80068f90","tasks":2}
PDOBS {"n":800,"ev":"sp_write_after","pc":"80035fd8","count":"73b7388e","frame":3,"a":"00000400","b":"ffffffff","sp":"000002c3","mi":"00000000","mask":"0000003f","cause":"10000000","sr":"2400ff01","dp":"00000008","type":1,"locked":0,"sp_due":"00000000","rsp":"80045dd8","rs":"00000012","rdp":"00000000","next":"80045d78","qvalid":0,"qcapacity":8,"thread":"80068f90","tasks":2}
PDOBS {"n":801,"ev":"sp_write_before","pc":"80035fd8","count":"73cff978","frame":3,"a":"00000400","b":"ffffffff","sp":"000002c3","mi":"00000000","mask":"0000003f","cause":"10000000","sr":"2400ff01","dp":"00000008","type":1,"locked":0,"sp_due":"00000000","rsp":"80045dd8","rs":"00000012","rdp":"00000000","next":"80045d78","qvalid":0,"qcapacity":8,"thread":"80068f90","tasks":2}
PDOBS {"n":802,"ev":"sp_write_after","pc":"80035fd8","count":"73cff978","frame":3,"a":"00000400","b":"ffffffff","sp":"000002c3","mi":"00000000","mask":"0000003f","cause":"10000000","sr":"2400ff01","dp":"00000008","type":1,"locked":0,"sp_due":"00000000","rsp":"80045dd8","rs":"00000012","rdp":"00000000","next":"80045d78","qvalid":0,"qcapacity":8,"thread":"80068f90","tasks":2}
PDOBS {"n":803,"ev":"sp_write_before","pc":"80035fd8","count":"73e8ba6a","frame":3,"a":"00000400","b":"ffffffff","sp":"000002c3","mi":"00000000","mask":"0000003f","cause":"10000000","sr":"2400ff01","dp":"00000008","type":1,"locked":0,"sp_due":"00000000","rsp":"80045dd8","rs":"00000012","rdp":"00000000","next":"80045d78","qvalid":0,"qcapacity":8,"thread":"80068f90","tasks":2}
PDOBS {"n":804,"ev":"sp_write_after","pc":"80035fd8","count":"73e8ba6a","frame":3,"a":"00000400","b":"ffffffff","sp":"000002c3","mi":"00000000","mask":"0000003f","cause":"10000000","sr":"2400ff01","dp":"00000008","type":1,"locked":0,"sp_due":"00000000","rsp":"80045dd8","rs":"00000012","rdp":"00000000","next":"80045d78","qvalid":0,"qcapacity":8,"thread":"80068f90","tasks":2}
PDOBS {"n":805,"ev":"sp_write_before","pc":"80035fd8","count":"74017b4c","frame":3,"a":"00000400","b":"ffffffff","sp":"000002c3","mi":"00000000","mask":"0000003f","cause":"10000000","sr":"2400ff01","dp":"00000008","type":1,"locked":0,"sp_due":"00000000","rsp":"80045dd8","rs":"00000012","rdp":"00000000","next":"80045d78","qvalid":0,"qcapacity":8,"thread":"80068f90","tasks":2}
PDOBS {"n":806,"ev":"sp_write_after","pc":"80035fd8","count":"74017b4c","frame":3,"a":"00000400","b":"ffffffff","sp":"000002c3","mi":"00000000","mask":"0000003f","cause":"10000000","sr":"2400ff01","dp":"00000008","type":1,"locked":0,"sp_due":"00000000","rsp":"80045dd8","rs":"00000012","rdp":"00000000","next":"80045d78","qvalid":0,"qcapacity":8,"thread":"80068f90","tasks":2}
FRAME 1500 video=453 640x480 seconds=53.2
PDOBS {"n":807,"ev":"sp_write_before","pc":"80035fd8","count":"741a3c36","frame":3,"a":"00000400","b":"ffffffff","sp":"000002c3","mi":"00000000","mask":"0000003f","cause":"10000000","sr":"2400ff01","dp":"00000008","type":1,"locked":0,"sp_due":"00000000","rsp":"80045dd8","rs":"00000012","rdp":"00000000","next":"80045d78","qvalid":0,"qcapacity":8,"thread":"80068f90","tasks":2}
PDOBS {"n":808,"ev":"sp_write_after","pc":"80035fd8","count":"741a3c36","frame":3,"a":"00000400","b":"ffffffff","sp":"000002c3","mi":"00000000","mask":"0000003f","cause":"10000000","sr":"2400ff01","dp":"00000008","type":1,"locked":0,"sp_due":"00000000","rsp":"80045dd8","rs":"00000012","rdp":"00000000","next":"80045d78","qvalid":0,"qcapacity":8,"thread":"80068f90","tasks":2}
PDOBS {"n":809,"ev":"sp_write_before","pc":"80035fd8","count":"7432fd20","frame":3,"a":"00000400","b":"ffffffff","sp":"000002c3","mi":"00000000","mask":"0000003f","cause":"10000000","sr":"2400ff01","dp":"00000008","type":1,"locked":0,"sp_due":"00000000","rsp":"80045dd8","rs":"00000012","rdp":"00000000","next":"80045d78","qvalid":0,"qcapacity":8,"thread":"80068f90","tasks":2}
PDOBS {"n":810,"ev":"sp_write_after","pc":"80035fd8","count":"7432fd20","frame":3,"a":"00000400","b":"ffffffff","sp":"000002c3","mi":"00000000","mask":"0000003f","cause":"10000000","sr":"2400ff01","dp":"00000008","type":1,"locked":0,"sp_due":"00000000","rsp":"80045dd8","rs":"00000012","rdp":"00000000","next":"80045d78","qvalid":0,"qcapacity":8,"thread":"80068f90","tasks":2}
PDOBS {"n":811,"ev":"sp_write_before","pc":"80035fd8","count":"744bbe0e","frame":3,"a":"00000400","b":"ffffffff","sp":"000002c3","mi":"00000000","mask":"0000003f","cause":"10000000","sr":"2400ff01","dp":"00000008","type":1,"locked":0,"sp_due":"00000000","rsp":"80045dd8","rs":"00000012","rdp":"00000000","next":"80045d78","qvalid":0,"qcapacity":8,"thread":"80068f90","tasks":2}
PDOBS {"n":812,"ev":"sp_write_after","pc":"80035fd8","count":"744bbe0e","frame":3,"a":"00000400","b":"ffffffff","sp":"000002c3","mi":"00000000","mask":"0000003f","cause":"10000000","sr":"2400ff01","dp":"00000008","type":1,"locked":0,"sp_due":"00000000","rsp":"80045dd8","rs":"00000012","rdp":"00000000","next":"80045d78","qvalid":0,"qcapacity":8,"thread":"80068f90","tasks":2}
PDOBS {"n":813,"ev":"sp_write_before","pc":"80035fd8","count":"74647ef8","frame":3,"a":"00000400","b":"ffffffff","sp":"000002c3","mi":"00000000","mask":"0000003f","cause":"10000000","sr":"2400ff01","dp":"00000008","type":1,"locked":0,"sp_due":"00000000","rsp":"80045dd8","rs":"00000012","rdp":"00000000","next":"80045d78","qvalid":0,"qcapacity":8,"thread":"80068f90","tasks":2}
PDOBS {"n":814,"ev":"sp_write_after","pc":"80035fd8","count":"74647ef8","frame":3,"a":"00000400","b":"ffffffff","sp":"000002c3","mi":"00000000","mask":"0000003f","cause":"10000000","sr":"2400ff01","dp":"00000008","type":1,"locked":0,"sp_due":"00000000","rsp":"80045dd8","rs":"00000012","rdp":"00000000","next":"80045d78","qvalid":0,"qcapacity":8,"thread":"80068f90","tasks":2}
PDOBS {"n":815,"ev":"sp_write_before","pc":"80035fd8","count":"747d3fde","frame":3,"a":"00000400","b":"ffffffff","sp":"000002c3","mi":"00000000","mask":"0000003f","cause":"10000000","sr":"2400ff01","dp":"00000008","type":1,"locked":0,"sp_due":"00000000","rsp":"80045dd8","rs":"00000012","rdp":"00000000","next":"80045d78","qvalid":0,"qcapacity":8,"thread":"80068f90","tasks":2}
PDOBS {"n":816,"ev":"sp_write_after","pc":"80035fd8","count":"747d3fde","frame":3,"a":"00000400","b":"ffffffff","sp":"000002c3","mi":"00000000","mask":"0000003f","cause":"10000000","sr":"2400ff01","dp":"00000008","type":1,"locked":0,"sp_due":"00000000","rsp":"80045dd8","rs":"00000012","rdp":"00000000","next":"80045d78","qvalid":0,"qcapacity":8,"thread":"80068f90","tasks":2}
PDOBS {"n":817,"ev":"sp_write_before","pc":"80035fd8","count":"749600c8","frame":3,"a":"00000400","b":"ffffffff","sp":"000002c3","mi":"00000000","mask":"0000003f","cause":"10000000","sr":"2400ff01","dp":"00000008","type":1,"locked":0,"sp_due":"00000000","rsp":"80045dd8","rs":"00000012","rdp":"00000000","next":"80045d78","qvalid":0,"qcapacity":8,"thread":"80068f90","tasks":2}
PDOBS {"n":818,"ev":"sp_write_after","pc":"80035fd8","count":"749600c8","frame":3,"a":"00000400","b":"ffffffff","sp":"000002c3","mi":"00000000","mask":"0000003f","cause":"10000000","sr":"2400ff01","dp":"00000008","type":1,"locked":0,"sp_due":"00000000","rsp":"80045dd8","rs":"00000012","rdp":"00000000","next":"80045d78","qvalid":0,"qcapacity":8,"thread":"80068f90","tasks":2}
PDOBS {"n":819,"ev":"sp_write_before","pc":"80035fd8","count":"74aec1b6","frame":3,"a":"00000400","b":"ffffffff","sp":"000002c3","mi":"00000000","mask":"0000003f","cause":"10000000","sr":"2400ff01","dp":"00000008","type":1,"locked":0,"sp_due":"00000000","rsp":"80045dd8","rs":"00000012","rdp":"00000000","next":"80045d78","qvalid":0,"qcapacity":8,"thread":"80068f90","tasks":2}
PDOBS {"n":820,"ev":"sp_write_after","pc":"80035fd8","count":"74aec1b6","frame":3,"a":"00000400","b":"ffffffff","sp":"000002c3","mi":"00000000","mask":"0000003f","cause":"10000000","sr":"2400ff01","dp":"00000008","type":1,"locked":0,"sp_due":"00000000","rsp":"80045dd8","rs":"00000012","rdp":"00000000","next":"80045d78","qvalid":0,"qcapacity":8,"thread":"80068f90","tasks":2}
PDOBS {"n":821,"ev":"sp_write_before","pc":"80035fd8","count":"74c7829c","frame":3,"a":"00000400","b":"ffffffff","sp":"000002c3","mi":"00000000","mask":"0000003f","cause":"10000000","sr":"2400ff01","dp":"00000008","type":1,"locked":0,"sp_due":"00000000","rsp":"80045dd8","rs":"00000012","rdp":"00000000","next":"80045d78","qvalid":0,"qcapacity":8,"thread":"80068f90","tasks":2}
PDOBS {"n":822,"ev":"sp_write_after","pc":"80035fd8","count":"74c7829c","frame":3,"a":"00000400","b":"ffffffff","sp":"000002c3","mi":"00000000","mask":"0000003f","cause":"10000000","sr":"2400ff01","dp":"00000008","type":1,"locked":0,"sp_due":"00000000","rsp":"80045dd8","rs":"00000012","rdp":"00000000","next":"80045d78","qvalid":0,"qcapacity":8,"thread":"80068f90","tasks":2}
PDOBS {"n":823,"ev":"sp_write_before","pc":"80035fd8","count":"74e0438a","frame":3,"a":"00000400","b":"ffffffff","sp":"000002c3","mi":"00000000","mask":"0000003f","cause":"10000000","sr":"2400ff01","dp":"00000008","type":1,"locked":0,"sp_due":"00000000","rsp":"80045dd8","rs":"00000012","rdp":"00000000","next":"80045d78","qvalid":0,"qcapacity":8,"thread":"80068f90","tasks":2}
PDOBS {"n":824,"ev":"sp_write_after","pc":"80035fd8","count":"74e0438a","frame":3,"a":"00000400","b":"ffffffff","sp":"000002c3","mi":"00000000","mask":"0000003f","cause":"10000000","sr":"2400ff01","dp":"00000008","type":1,"locked":0,"sp_due":"00000000","rsp":"80045dd8","rs":"00000012","rdp":"00000000","next":"80045d78","qvalid":0,"qcapacity":8,"thread":"80068f90","tasks":2}
PDOBS {"n":825,"ev":"sp_write_before","pc":"80035fd8","count":"74f90470","frame":3,"a":"00000400","b":"ffffffff","sp":"000002c3","mi":"00000000","mask":"0000003f","cause":"10000000","sr":"2400ff01","dp":"00000008","type":1,"locked":0,"sp_due":"00000000","rsp":"80045dd8","rs":"00000012","rdp":"00000000","next":"80045d78","qvalid":0,"qcapacity":8,"thread":"80068f90","tasks":2}
PDOBS {"n":826,"ev":"sp_write_after","pc":"80035fd8","count":"74f90470","frame":3,"a":"00000400","b":"ffffffff","sp":"000002c3","mi":"00000000","mask":"0000003f","cause":"10000000","sr":"2400ff01","dp":"00000008","type":1,"locked":0,"sp_due":"00000000","rsp":"80045dd8","rs":"00000012","rdp":"00000000","next":"80045d78","qvalid":0,"qcapacity":8,"thread":"80068f90","tasks":2}
PDOBS {"n":827,"ev":"sp_write_before","pc":"80035fd8","count":"7511c55e","frame":3,"a":"00000400","b":"ffffffff","sp":"000002c3","mi":"00000000","mask":"0000003f","cause":"10000000","sr":"2400ff01","dp":"00000008","type":1,"locked":0,"sp_due":"00000000","rsp":"80045dd8","rs":"00000012","rdp":"00000000","next":"80045d78","qvalid":0,"qcapacity":8,"thread":"80068f90","tasks":2}
PDOBS {"n":828,"ev":"sp_write_after","pc":"80035fd8","count":"7511c55e","frame":3,"a":"00000400","b":"ffffffff","sp":"000002c3","mi":"00000000","mask":"0000003f","cause":"10000000","sr":"2400ff01","dp":"00000008","type":1,"locked":0,"sp_due":"00000000","rsp":"80045dd8","rs":"00000012","rdp":"00000000","next":"80045d78","qvalid":0,"qcapacity":8,"thread":"80068f90","tasks":2}
PDOBS {"n":829,"ev":"sp_write_before","pc":"80035fd8","count":"752a8644","frame":3,"a":"00000400","b":"ffffffff","sp":"000002c3","mi":"00000000","mask":"0000003f","cause":"10000000","sr":"2400ff01","dp":"00000008","type":1,"locked":0,"sp_due":"00000000","rsp":"80045dd8","rs":"00000012","rdp":"00000000","next":"80045d78","qvalid":0,"qcapacity":8,"thread":"80068f90","tasks":2}
PDOBS {"n":830,"ev":"sp_write_after","pc":"80035fd8","count":"752a8644","frame":3,"a":"00000400","b":"ffffffff","sp":"000002c3","mi":"00000000","mask":"0000003f","cause":"10000000","sr":"2400ff01","dp":"00000008","type":1,"locked":0,"sp_due":"00000000","rsp":"80045dd8","rs":"00000012","rdp":"00000000","next":"80045d78","qvalid":0,"qcapacity":8,"thread":"80068f90","tasks":2}
PDOBS {"n":831,"ev":"sp_write_before","pc":"80035fd8","count":"7543472e","frame":3,"a":"00000400","b":"ffffffff","sp":"000002c3","mi":"00000000","mask":"0000003f","cause":"10000000","sr":"2400ff01","dp":"00000008","type":1,"locked":0,"sp_due":"00000000","rsp":"80045dd8","rs":"00000012","rdp":"00000000","next":"80045d78","qvalid":0,"qcapacity":8,"thread":"80068f90","tasks":2}
PDOBS {"n":832,"ev":"sp_write_after","pc":"80035fd8","count":"7543472e","frame":3,"a":"00000400","b":"ffffffff","sp":"000002c3","mi":"00000000","mask":"0000003f","cause":"10000000","sr":"2400ff01","dp":"00000008","type":1,"locked":0,"sp_due":"00000000","rsp":"80045dd8","rs":"00000012","rdp":"00000000","next":"80045d78","qvalid":0,"qcapacity":8,"thread":"80068f90","tasks":2}
PDOBS {"n":833,"ev":"sp_write_before","pc":"80035fd8","count":"755c081c","frame":3,"a":"00000400","b":"ffffffff","sp":"000002c3","mi":"00000000","mask":"0000003f","cause":"10000000","sr":"2400ff01","dp":"00000008","type":1,"locked":0,"sp_due":"00000000","rsp":"80045dd8","rs":"00000012","rdp":"00000000","next":"80045d78","qvalid":0,"qcapacity":8,"thread":"80068f90","tasks":2}
PDOBS {"n":834,"ev":"sp_write_after","pc":"80035fd8","count":"755c081c","frame":3,"a":"00000400","b":"ffffffff","sp":"000002c3","mi":"00000000","mask":"0000003f","cause":"10000000","sr":"2400ff01","dp":"00000008","type":1,"locked":0,"sp_due":"00000000","rsp":"80045dd8","rs":"00000012","rdp":"00000000","next":"80045d78","qvalid":0,"qcapacity":8,"thread":"80068f90","tasks":2}
PDOBS {"n":835,"ev":"sp_write_before","pc":"80035fd8","count":"7574c906","frame":3,"a":"00000400","b":"ffffffff","sp":"000002c3","mi":"00000000","mask":"0000003f","cause":"10000000","sr":"2400ff01","dp":"00000008","type":1,"locked":0,"sp_due":"00000000","rsp":"80045dd8","rs":"00000012","rdp":"00000000","next":"80045d78","qvalid":0,"qcapacity":8,"thread":"80068f90","tasks":2}
PDOBS {"n":836,"ev":"sp_write_after","pc":"80035fd8","count":"7574c906","frame":3,"a":"00000400","b":"ffffffff","sp":"000002c3","mi":"00000000","mask":"0000003f","cause":"10000000","sr":"2400ff01","dp":"00000008","type":1,"locked":0,"sp_due":"00000000","rsp":"80045dd8","rs":"00000012","rdp":"00000000","next":"80045d78","qvalid":0,"qcapacity":8,"thread":"80068f90","tasks":2}
PDOBS {"n":837,"ev":"sp_write_before","pc":"80035fd8","count":"758d89ec","frame":3,"a":"00000400","b":"ffffffff","sp":"000002c3","mi":"00000000","mask":"0000003f","cause":"10000000","sr":"2400ff01","dp":"00000008","type":1,"locked":0,"sp_due":"00000000","rsp":"80045dd8","rs":"00000012","rdp":"00000000","next":"80045d78","qvalid":0,"qcapacity":8,"thread":"80068f90","tasks":2}
PDOBS {"n":838,"ev":"sp_write_after","pc":"80035fd8","count":"758d89ec","frame":3,"a":"00000400","b":"ffffffff","sp":"000002c3","mi":"00000000","mask":"0000003f","cause":"10000000","sr":"2400ff01","dp":"00000008","type":1,"locked":0,"sp_due":"00000000","rsp":"80045dd8","rs":"00000012","rdp":"00000000","next":"80045d78","qvalid":0,"qcapacity":8,"thread":"80068f90","tasks":2}
PDOBS {"n":839,"ev":"sp_write_before","pc":"80035fd8","count":"75a64ad6","frame":3,"a":"00000400","b":"ffffffff","sp":"000002c3","mi":"00000000","mask":"0000003f","cause":"10000000","sr":"2400ff01","dp":"00000008","type":1,"locked":0,"sp_due":"00000000","rsp":"80045dd8","rs":"00000012","rdp":"00000000","next":"80045d78","qvalid":0,"qcapacity":8,"thread":"80068f90","tasks":2}
PDOBS {"n":840,"ev":"sp_write_after","pc":"80035fd8","count":"75a64ad6","frame":3,"a":"00000400","b":"ffffffff","sp":"000002c3","mi":"00000000","mask":"0000003f","cause":"10000000","sr":"2400ff01","dp":"00000008","type":1,"locked":0,"sp_due":"00000000","rsp":"80045dd8","rs":"00000012","rdp":"00000000","next":"80045d78","qvalid":0,"qcapacity":8,"thread":"80068f90","tasks":2}
PDOBS {"n":841,"ev":"sp_write_before","pc":"80035fd8","count":"75bf0bc0","frame":3,"a":"00000400","b":"ffffffff","sp":"000002c3","mi":"00000000","mask":"0000003f","cause":"10000000","sr":"2400ff01","dp":"00000008","type":1,"locked":0,"sp_due":"00000000","rsp":"80045dd8","rs":"00000012","rdp":"00000000","next":"80045d78","qvalid":0,"qcapacity":8,"thread":"80068f90","tasks":2}
PDOBS {"n":842,"ev":"sp_write_after","pc":"80035fd8","count":"75bf0bc0","frame":3,"a":"00000400","b":"ffffffff","sp":"000002c3","mi":"00000000","mask":"0000003f","cause":"10000000","sr":"2400ff01","dp":"00000008","type":1,"locked":0,"sp_due":"00000000","rsp":"80045dd8","rs":"00000012","rdp":"00000000","next":"80045d78","qvalid":0,"qcapacity":8,"thread":"80068f90","tasks":2}
PDOBS {"n":843,"ev":"sp_write_before","pc":"80035fd8","count":"75d7ccb2","frame":3,"a":"00000400","b":"ffffffff","sp":"000002c3","mi":"00000000","mask":"0000003f","cause":"10000000","sr":"2400ff01","dp":"00000008","type":1,"locked":0,"sp_due":"00000000","rsp":"80045dd8","rs":"00000012","rdp":"00000000","next":"80045d78","qvalid":0,"qcapacity":8,"thread":"80068f90","tasks":2}
PDOBS {"n":844,"ev":"sp_write_after","pc":"80035fd8","count":"75d7ccb2","frame":3,"a":"00000400","b":"ffffffff","sp":"000002c3","mi":"00000000","mask":"0000003f","cause":"10000000","sr":"2400ff01","dp":"00000008","type":1,"locked":0,"sp_due":"00000000","rsp":"80045dd8","rs":"00000012","rdp":"00000000","next":"80045d78","qvalid":0,"qcapacity":8,"thread":"80068f90","tasks":2}
PDOBS {"n":845,"ev":"sp_write_before","pc":"80035fd8","count":"75f08d94","frame":3,"a":"00000400","b":"ffffffff","sp":"000002c3","mi":"00000000","mask":"0000003f","cause":"10000000","sr":"2400ff01","dp":"00000008","type":1,"locked":0,"sp_due":"00000000","rsp":"80045dd8","rs":"00000012","rdp":"00000000","next":"80045d78","qvalid":0,"qcapacity":8,"thread":"80068f90","tasks":2}
PDOBS {"n":846,"ev":"sp_write_after","pc":"80035fd8","count":"75f08d94","frame":3,"a":"00000400","b":"ffffffff","sp":"000002c3","mi":"00000000","mask":"0000003f","cause":"10000000","sr":"2400ff01","dp":"00000008","type":1,"locked":0,"sp_due":"00000000","rsp":"80045dd8","rs":"00000012","rdp":"00000000","next":"80045d78","qvalid":0,"qcapacity":8,"thread":"80068f90","tasks":2}
PDOBS {"n":847,"ev":"sp_write_before","pc":"80035fd8","count":"76094e7e","frame":3,"a":"00000400","b":"ffffffff","sp":"000002c3","mi":"00000000","mask":"0000003f","cause":"10000000","sr":"2400ff01","dp":"00000008","type":1,"locked":0,"sp_due":"00000000","rsp":"80045dd8","rs":"00000012","rdp":"00000000","next":"80045d78","qvalid":0,"qcapacity":8,"thread":"80068f90","tasks":2}
PDOBS {"n":848,"ev":"sp_write_after","pc":"80035fd8","count":"76094e7e","frame":3,"a":"00000400","b":"ffffffff","sp":"000002c3","mi":"00000000","mask":"0000003f","cause":"10000000","sr":"2400ff01","dp":"00000008","type":1,"locked":0,"sp_due":"00000000","rsp":"80045dd8","rs":"00000012","rdp":"00000000","next":"80045d78","qvalid":0,"qcapacity":8,"thread":"80068f90","tasks":2}
PDOBS {"n":849,"ev":"sp_write_before","pc":"80035fd8","count":"76220f68","frame":3,"a":"00000400","b":"ffffffff","sp":"000002c3","mi":"00000000","mask":"0000003f","cause":"10000000","sr":"2400ff01","dp":"00000008","type":1,"locked":0,"sp_due":"00000000","rsp":"80045dd8","rs":"00000012","rdp":"00000000","next":"80045d78","qvalid":0,"qcapacity":8,"thread":"80068f90","tasks":2}
PDOBS {"n":850,"ev":"sp_write_after","pc":"80035fd8","count":"76220f68","frame":3,"a":"00000400","b":"ffffffff","sp":"000002c3","mi":"00000000","mask":"0000003f","cause":"10000000","sr":"2400ff01","dp":"00000008","type":1,"locked":0,"sp_due":"00000000","rsp":"80045dd8","rs":"00000012","rdp":"00000000","next":"80045d78","qvalid":0,"qcapacity":8,"thread":"80068f90","tasks":2}
PDOBS {"n":851,"ev":"sp_write_before","pc":"80035fd8","count":"763ad056","frame":3,"a":"00000400","b":"ffffffff","sp":"000002c3","mi":"00000000","mask":"0000003f","cause":"10000000","sr":"2400ff01","dp":"00000008","type":1,"locked":0,"sp_due":"00000000","rsp":"80045dd8","rs":"00000012","rdp":"00000000","next":"80045d78","qvalid":0,"qcapacity":8,"thread":"80068f90","tasks":2}
PDOBS {"n":852,"ev":"sp_write_after","pc":"80035fd8","count":"763ad056","frame":3,"a":"00000400","b":"ffffffff","sp":"000002c3","mi":"00000000","mask":"0000003f","cause":"10000000","sr":"2400ff01","dp":"00000008","type":1,"locked":0,"sp_due":"00000000","rsp":"80045dd8","rs":"00000012","rdp":"00000000","next":"80045d78","qvalid":0,"qcapacity":8,"thread":"80068f90","tasks":2}
PDOBS {"n":853,"ev":"sp_write_before","pc":"80035fd8","count":"76539140","frame":3,"a":"00000400","b":"ffffffff","sp":"000002c3","mi":"00000000","mask":"0000003f","cause":"10000000","sr":"2400ff01","dp":"00000008","type":1,"locked":0,"sp_due":"00000000","rsp":"80045dd8","rs":"00000012","rdp":"00000000","next":"80045d78","qvalid":0,"qcapacity":8,"thread":"80068f90","tasks":2}
PDOBS {"n":854,"ev":"sp_write_after","pc":"80035fd8","count":"76539140","frame":3,"a":"00000400","b":"ffffffff","sp":"000002c3","mi":"00000000","mask":"0000003f","cause":"10000000","sr":"2400ff01","dp":"00000008","type":1,"locked":0,"sp_due":"00000000","rsp":"80045dd8","rs":"00000012","rdp":"00000000","next":"80045d78","qvalid":0,"qcapacity":8,"thread":"80068f90","tasks":2}
PDOBS {"n":855,"ev":"sp_write_before","pc":"80035fd8","count":"766c5226","frame":3,"a":"00000400","b":"ffffffff","sp":"000002c3","mi":"00000000","mask":"0000003f","cause":"10000000","sr":"2400ff01","dp":"00000008","type":1,"locked":0,"sp_due":"00000000","rsp":"80045dd8","rs":"00000012","rdp":"00000000","next":"80045d78","qvalid":0,"qcapacity":8,"thread":"80068f90","tasks":2}
PDOBS {"n":856,"ev":"sp_write_after","pc":"80035fd8","count":"766c5226","frame":3,"a":"00000400","b":"ffffffff","sp":"000002c3","mi":"00000000","mask":"0000003f","cause":"10000000","sr":"2400ff01","dp":"00000008","type":1,"locked":0,"sp_due":"00000000","rsp":"80045dd8","rs":"00000012","rdp":"00000000","next":"80045d78","qvalid":0,"qcapacity":8,"thread":"80068f90","tasks":2}
PDOBS {"n":857,"ev":"sp_write_before","pc":"80035fd8","count":"76851310","frame":3,"a":"00000400","b":"ffffffff","sp":"000002c3","mi":"00000000","mask":"0000003f","cause":"10000000","sr":"2400ff01","dp":"00000008","type":1,"locked":0,"sp_due":"00000000","rsp":"80045dd8","rs":"00000012","rdp":"00000000","next":"80045d78","qvalid":0,"qcapacity":8,"thread":"80068f90","tasks":2}
PDOBS {"n":858,"ev":"sp_write_after","pc":"80035fd8","count":"76851310","frame":3,"a":"00000400","b":"ffffffff","sp":"000002c3","mi":"00000000","mask":"0000003f","cause":"10000000","sr":"2400ff01","dp":"00000008","type":1,"locked":0,"sp_due":"00000000","rsp":"80045dd8","rs":"00000012","rdp":"00000000","next":"80045d78","qvalid":0,"qcapacity":8,"thread":"80068f90","tasks":2}
PDOBS {"n":859,"ev":"sp_write_before","pc":"80035fd8","count":"769dd3fe","frame":3,"a":"00000400","b":"ffffffff","sp":"000002c3","mi":"00000000","mask":"0000003f","cause":"10000000","sr":"2400ff01","dp":"00000008","type":1,"locked":0,"sp_due":"00000000","rsp":"80045dd8","rs":"00000012","rdp":"00000000","next":"80045d78","qvalid":0,"qcapacity":8,"thread":"80068f90","tasks":2}
PDOBS {"n":860,"ev":"sp_write_after","pc":"80035fd8","count":"769dd3fe","frame":3,"a":"00000400","b":"ffffffff","sp":"000002c3","mi":"00000000","mask":"0000003f","cause":"10000000","sr":"2400ff01","dp":"00000008","type":1,"locked":0,"sp_due":"00000000","rsp":"80045dd8","rs":"00000012","rdp":"00000000","next":"80045d78","qvalid":0,"qcapacity":8,"thread":"80068f90","tasks":2}
PDOBS {"n":861,"ev":"sp_write_before","pc":"80035fd8","count":"76b694e4","frame":3,"a":"00000400","b":"ffffffff","sp":"000002c3","mi":"00000000","mask":"0000003f","cause":"10000000","sr":"2400ff01","dp":"00000008","type":1,"locked":0,"sp_due":"00000000","rsp":"80045dd8","rs":"00000012","rdp":"00000000","next":"80045d78","qvalid":0,"qcapacity":8,"thread":"80068f90","tasks":2}
PDOBS {"n":862,"ev":"sp_write_after","pc":"80035fd8","count":"76b694e4","frame":3,"a":"00000400","b":"ffffffff","sp":"000002c3","mi":"00000000","mask":"0000003f","cause":"10000000","sr":"2400ff01","dp":"00000008","type":1,"locked":0,"sp_due":"00000000","rsp":"80045dd8","rs":"00000012","rdp":"00000000","next":"80045d78","qvalid":0,"qcapacity":8,"thread":"80068f90","tasks":2}
PDOBS {"n":863,"ev":"sp_write_before","pc":"80035fd8","count":"76cf55d2","frame":3,"a":"00000400","b":"ffffffff","sp":"000002c3","mi":"00000000","mask":"0000003f","cause":"10000000","sr":"2400ff01","dp":"00000008","type":1,"locked":0,"sp_due":"00000000","rsp":"80045dd8","rs":"00000012","rdp":"00000000","next":"80045d78","qvalid":0,"qcapacity":8,"thread":"80068f90","tasks":2}
PDOBS {"n":864,"ev":"sp_write_after","pc":"80035fd8","count":"76cf55d2","frame":3,"a":"00000400","b":"ffffffff","sp":"000002c3","mi":"00000000","mask":"0000003f","cause":"10000000","sr":"2400ff01","dp":"00000008","type":1,"locked":0,"sp_due":"00000000","rsp":"80045dd8","rs":"00000012","rdp":"00000000","next":"80045d78","qvalid":0,"qcapacity":8,"thread":"80068f90","tasks":2}
PDOBS {"n":865,"ev":"sp_write_before","pc":"80035fd8","count":"76e816b8","frame":3,"a":"00000400","b":"ffffffff","sp":"000002c3","mi":"00000000","mask":"0000003f","cause":"10000000","sr":"2400ff01","dp":"00000008","type":1,"locked":0,"sp_due":"00000000","rsp":"80045dd8","rs":"00000012","rdp":"00000000","next":"80045d78","qvalid":0,"qcapacity":8,"thread":"80068f90","tasks":2}
PDOBS {"n":866,"ev":"sp_write_after","pc":"80035fd8","count":"76e816b8","frame":3,"a":"00000400","b":"ffffffff","sp":"000002c3","mi":"00000000","mask":"0000003f","cause":"10000000","sr":"2400ff01","dp":"00000008","type":1,"locked":0,"sp_due":"00000000","rsp":"80045dd8","rs":"00000012","rdp":"00000000","next":"80045d78","qvalid":0,"qcapacity":8,"thread":"80068f90","tasks":2}
PDOBS {"n":867,"ev":"sp_write_before","pc":"80035fd8","count":"7700d7a6","frame":3,"a":"00000400","b":"ffffffff","sp":"000002c3","mi":"00000000","mask":"0000003f","cause":"10000000","sr":"2400ff01","dp":"00000008","type":1,"locked":0,"sp_due":"00000000","rsp":"80045dd8","rs":"00000012","rdp":"00000000","next":"80045d78","qvalid":0,"qcapacity":8,"thread":"80068f90","tasks":2}
PDOBS {"n":868,"ev":"sp_write_after","pc":"80035fd8","count":"7700d7a6","frame":3,"a":"00000400","b":"ffffffff","sp":"000002c3","mi":"00000000","mask":"0000003f","cause":"10000000","sr":"2400ff01","dp":"00000008","type":1,"locked":0,"sp_due":"00000000","rsp":"80045dd8","rs":"00000012","rdp":"00000000","next":"80045d78","qvalid":0,"qcapacity":8,"thread":"80068f90","tasks":2}
PDOBS {"n":869,"ev":"sp_write_before","pc":"80035fd8","count":"7719988c","frame":3,"a":"00000400","b":"ffffffff","sp":"000002c3","mi":"00000000","mask":"0000003f","cause":"10000000","sr":"2400ff01","dp":"00000008","type":1,"locked":0,"sp_due":"00000000","rsp":"80045dd8","rs":"00000012","rdp":"00000000","next":"80045d78","qvalid":0,"qcapacity":8,"thread":"80068f90","tasks":2}
PDOBS {"n":870,"ev":"sp_write_after","pc":"80035fd8","count":"7719988c","frame":3,"a":"00000400","b":"ffffffff","sp":"000002c3","mi":"00000000","mask":"0000003f","cause":"10000000","sr":"2400ff01","dp":"00000008","type":1,"locked":0,"sp_due":"00000000","rsp":"80045dd8","rs":"00000012","rdp":"00000000","next":"80045d78","qvalid":0,"qcapacity":8,"thread":"80068f90","tasks":2}
PDOBS {"n":871,"ev":"sp_write_before","pc":"80035fd8","count":"77325976","frame":3,"a":"00000400","b":"ffffffff","sp":"000002c3","mi":"00000000","mask":"0000003f","cause":"10000000","sr":"2400ff01","dp":"00000008","type":1,"locked":0,"sp_due":"00000000","rsp":"80045dd8","rs":"00000012","rdp":"00000000","next":"80045d78","qvalid":0,"qcapacity":8,"thread":"80068f90","tasks":2}
PDOBS {"n":872,"ev":"sp_write_after","pc":"80035fd8","count":"77325976","frame":3,"a":"00000400","b":"ffffffff","sp":"000002c3","mi":"00000000","mask":"0000003f","cause":"10000000","sr":"2400ff01","dp":"00000008","type":1,"locked":0,"sp_due":"00000000","rsp":"80045dd8","rs":"00000012","rdp":"00000000","next":"80045d78","qvalid":0,"qcapacity":8,"thread":"80068f90","tasks":2}
PDOBS {"n":873,"ev":"sp_write_before","pc":"80035fd8","count":"774b1a64","frame":3,"a":"00000400","b":"ffffffff","sp":"000002c3","mi":"00000000","mask":"0000003f","cause":"10000000","sr":"2400ff01","dp":"00000008","type":1,"locked":0,"sp_due":"00000000","rsp":"80045dd8","rs":"00000012","rdp":"00000000","next":"80045d78","qvalid":0,"qcapacity":8,"thread":"80068f90","tasks":2}
PDOBS {"n":874,"ev":"sp_write_after","pc":"80035fd8","count":"774b1a64","frame":3,"a":"00000400","b":"ffffffff","sp":"000002c3","mi":"00000000","mask":"0000003f","cause":"10000000","sr":"2400ff01","dp":"00000008","type":1,"locked":0,"sp_due":"00000000","rsp":"80045dd8","rs":"00000012","rdp":"00000000","next":"80045d78","qvalid":0,"qcapacity":8,"thread":"80068f90","tasks":2}
PDOBS {"n":875,"ev":"sp_write_before","pc":"80035fd8","count":"7763db4e","frame":3,"a":"00000400","b":"ffffffff","sp":"000002c3","mi":"00000000","mask":"0000003f","cause":"10000000","sr":"2400ff01","dp":"00000008","type":1,"locked":0,"sp_due":"00000000","rsp":"80045dd8","rs":"00000012","rdp":"00000000","next":"80045d78","qvalid":0,"qcapacity":8,"thread":"80068f90","tasks":2}
PDOBS {"n":876,"ev":"sp_write_after","pc":"80035fd8","count":"7763db4e","frame":3,"a":"00000400","b":"ffffffff","sp":"000002c3","mi":"00000000","mask":"0000003f","cause":"10000000","sr":"2400ff01","dp":"00000008","type":1,"locked":0,"sp_due":"00000000","rsp":"80045dd8","rs":"00000012","rdp":"00000000","next":"80045d78","qvalid":0,"qcapacity":8,"thread":"80068f90","tasks":2}
PDOBS {"n":877,"ev":"sp_write_before","pc":"80035fd8","count":"777c9c34","frame":3,"a":"00000400","b":"ffffffff","sp":"000002c3","mi":"00000000","mask":"0000003f","cause":"10000000","sr":"2400ff01","dp":"00000008","type":1,"locked":0,"sp_due":"00000000","rsp":"80045dd8","rs":"00000012","rdp":"00000000","next":"80045d78","qvalid":0,"qcapacity":8,"thread":"80068f90","tasks":2}
PDOBS {"n":878,"ev":"sp_write_after","pc":"80035fd8","count":"777c9c34","frame":3,"a":"00000400","b":"ffffffff","sp":"000002c3","mi":"00000000","mask":"0000003f","cause":"10000000","sr":"2400ff01","dp":"00000008","type":1,"locked":0,"sp_due":"00000000","rsp":"80045dd8","rs":"00000012","rdp":"00000000","next":"80045d78","qvalid":0,"qcapacity":8,"thread":"80068f90","tasks":2}
PDOBS {"n":879,"ev":"sp_write_before","pc":"80035fd8","count":"77955d1e","frame":3,"a":"00000400","b":"ffffffff","sp":"000002c3","mi":"00000000","mask":"0000003f","cause":"10000000","sr":"2400ff01","dp":"00000008","type":1,"locked":0,"sp_due":"00000000","rsp":"80045dd8","rs":"00000012","rdp":"00000000","next":"80045d78","qvalid":0,"qcapacity":8,"thread":"80068f90","tasks":2}
PDOBS {"n":880,"ev":"sp_write_after","pc":"80035fd8","count":"77955d1e","frame":3,"a":"00000400","b":"ffffffff","sp":"000002c3","mi":"00000000","mask":"0000003f","cause":"10000000","sr":"2400ff01","dp":"00000008","type":1,"locked":0,"sp_due":"00000000","rsp":"80045dd8","rs":"00000012","rdp":"00000000","next":"80045d78","qvalid":0,"qcapacity":8,"thread":"80068f90","tasks":2}
PDOBS {"n":881,"ev":"sp_write_before","pc":"80035fd8","count":"77ae1e08","frame":3,"a":"00000400","b":"ffffffff","sp":"000002c3","mi":"00000000","mask":"0000003f","cause":"10000000","sr":"2400ff01","dp":"00000008","type":1,"locked":0,"sp_due":"00000000","rsp":"80045dd8","rs":"00000012","rdp":"00000000","next":"80045d78","qvalid":0,"qcapacity":8,"thread":"80068f90","tasks":2}
PDOBS {"n":882,"ev":"sp_write_after","pc":"80035fd8","count":"77ae1e08","frame":3,"a":"00000400","b":"ffffffff","sp":"000002c3","mi":"00000000","mask":"0000003f","cause":"10000000","sr":"2400ff01","dp":"00000008","type":1,"locked":0,"sp_due":"00000000","rsp":"80045dd8","rs":"00000012","rdp":"00000000","next":"80045d78","qvalid":0,"qcapacity":8,"thread":"80068f90","tasks":2}
PDOBS {"n":883,"ev":"sp_write_before","pc":"80035fd8","count":"77c6defa","frame":3,"a":"00000400","b":"ffffffff","sp":"000002c3","mi":"00000000","mask":"0000003f","cause":"10000000","sr":"2400ff01","dp":"00000008","type":1,"locked":0,"sp_due":"00000000","rsp":"80045dd8","rs":"00000012","rdp":"00000000","next":"80045d78","qvalid":0,"qcapacity":8,"thread":"80068f90","tasks":2}
PDOBS {"n":884,"ev":"sp_write_after","pc":"80035fd8","count":"77c6defa","frame":3,"a":"00000400","b":"ffffffff","sp":"000002c3","mi":"00000000","mask":"0000003f","cause":"10000000","sr":"2400ff01","dp":"00000008","type":1,"locked":0,"sp_due":"00000000","rsp":"80045dd8","rs":"00000012","rdp":"00000000","next":"80045d78","qvalid":0,"qcapacity":8,"thread":"80068f90","tasks":2}
PDOBS {"n":885,"ev":"sp_write_before","pc":"80035fd8","count":"77df9fdc","frame":3,"a":"00000400","b":"ffffffff","sp":"000002c3","mi":"00000000","mask":"0000003f","cause":"10000000","sr":"2400ff01","dp":"00000008","type":1,"locked":0,"sp_due":"00000000","rsp":"80045dd8","rs":"00000012","rdp":"00000000","next":"80045d78","qvalid":0,"qcapacity":8,"thread":"80068f90","tasks":2}
PDOBS {"n":886,"ev":"sp_write_after","pc":"80035fd8","count":"77df9fdc","frame":3,"a":"00000400","b":"ffffffff","sp":"000002c3","mi":"00000000","mask":"0000003f","cause":"10000000","sr":"2400ff01","dp":"00000008","type":1,"locked":0,"sp_due":"00000000","rsp":"80045dd8","rs":"00000012","rdp":"00000000","next":"80045d78","qvalid":0,"qcapacity":8,"thread":"80068f90","tasks":2}
PDOBS {"n":887,"ev":"sp_write_before","pc":"80035fd8","count":"77f860c6","frame":3,"a":"00000400","b":"ffffffff","sp":"000002c3","mi":"00000000","mask":"0000003f","cause":"10000000","sr":"2400ff01","dp":"00000008","type":1,"locked":0,"sp_due":"00000000","rsp":"80045dd8","rs":"00000012","rdp":"00000000","next":"80045d78","qvalid":0,"qcapacity":8,"thread":"80068f90","tasks":2}
PDOBS {"n":888,"ev":"sp_write_after","pc":"80035fd8","count":"77f860c6","frame":3,"a":"00000400","b":"ffffffff","sp":"000002c3","mi":"00000000","mask":"0000003f","cause":"10000000","sr":"2400ff01","dp":"00000008","type":1,"locked":0,"sp_due":"00000000","rsp":"80045dd8","rs":"00000012","rdp":"00000000","next":"80045d78","qvalid":0,"qcapacity":8,"thread":"80068f90","tasks":2}
PDOBS {"n":889,"ev":"sp_write_before","pc":"80035fd8","count":"781121b0","frame":3,"a":"00000400","b":"ffffffff","sp":"000002c3","mi":"00000000","mask":"0000003f","cause":"10000000","sr":"2400ff01","dp":"00000008","type":1,"locked":0,"sp_due":"00000000","rsp":"80045dd8","rs":"00000012","rdp":"00000000","next":"80045d78","qvalid":0,"qcapacity":8,"thread":"80068f90","tasks":2}
PDOBS {"n":890,"ev":"sp_write_after","pc":"80035fd8","count":"781121b0","frame":3,"a":"00000400","b":"ffffffff","sp":"000002c3","mi":"00000000","mask":"0000003f","cause":"10000000","sr":"2400ff01","dp":"00000008","type":1,"locked":0,"sp_due":"00000000","rsp":"80045dd8","rs":"00000012","rdp":"00000000","next":"80045d78","qvalid":0,"qcapacity":8,"thread":"80068f90","tasks":2}
PDOBS {"n":891,"ev":"sp_write_before","pc":"80035fd8","count":"7829e29e","frame":3,"a":"00000400","b":"ffffffff","sp":"000002c3","mi":"00000000","mask":"0000003f","cause":"10000000","sr":"2400ff01","dp":"00000008","type":1,"locked":0,"sp_due":"00000000","rsp":"80045dd8","rs":"00000012","rdp":"00000000","next":"80045d78","qvalid":0,"qcapacity":8,"thread":"80068f90","tasks":2}
PDOBS {"n":892,"ev":"sp_write_after","pc":"80035fd8","count":"7829e29e","frame":3,"a":"00000400","b":"ffffffff","sp":"000002c3","mi":"00000000","mask":"0000003f","cause":"10000000","sr":"2400ff01","dp":"00000008","type":1,"locked":0,"sp_due":"00000000","rsp":"80045dd8","rs":"00000012","rdp":"00000000","next":"80045d78","qvalid":0,"qcapacity":8,"thread":"80068f90","tasks":2}
PDOBS {"n":893,"ev":"sp_write_before","pc":"80035fd8","count":"7842a388","frame":3,"a":"00000400","b":"ffffffff","sp":"000002c3","mi":"00000000","mask":"0000003f","cause":"10000000","sr":"2400ff01","dp":"00000008","type":1,"locked":0,"sp_due":"00000000","rsp":"80045dd8","rs":"00000012","rdp":"00000000","next":"80045d78","qvalid":0,"qcapacity":8,"thread":"80068f90","tasks":2}
PDOBS {"n":894,"ev":"sp_write_after","pc":"80035fd8","count":"7842a388","frame":3,"a":"00000400","b":"ffffffff","sp":"000002c3","mi":"00000000","mask":"0000003f","cause":"10000000","sr":"2400ff01","dp":"00000008","type":1,"locked":0,"sp_due":"00000000","rsp":"80045dd8","rs":"00000012","rdp":"00000000","next":"80045d78","qvalid":0,"qcapacity":8,"thread":"80068f90","tasks":2}
PDOBS {"n":895,"ev":"sp_write_before","pc":"80035fd8","count":"785b646e","frame":3,"a":"00000400","b":"ffffffff","sp":"000002c3","mi":"00000000","mask":"0000003f","cause":"10000000","sr":"2400ff01","dp":"00000008","type":1,"locked":0,"sp_due":"00000000","rsp":"80045dd8","rs":"00000012","rdp":"00000000","next":"80045d78","qvalid":0,"qcapacity":8,"thread":"80068f90","tasks":2}
PDOBS {"n":896,"ev":"sp_write_after","pc":"80035fd8","count":"785b646e","frame":3,"a":"00000400","b":"ffffffff","sp":"000002c3","mi":"00000000","mask":"0000003f","cause":"10000000","sr":"2400ff01","dp":"00000008","type":1,"locked":0,"sp_due":"00000000","rsp":"80045dd8","rs":"00000012","rdp":"00000000","next":"80045d78","qvalid":0,"qcapacity":8,"thread":"80068f90","tasks":2}
PDOBS {"n":897,"ev":"sp_write_before","pc":"80035fd8","count":"78742558","frame":3,"a":"00000400","b":"ffffffff","sp":"000002c3","mi":"00000000","mask":"0000003f","cause":"10000000","sr":"2400ff01","dp":"00000008","type":1,"locked":0,"sp_due":"00000000","rsp":"80045dd8","rs":"00000012","rdp":"00000000","next":"80045d78","qvalid":0,"qcapacity":8,"thread":"80068f90","tasks":2}
PDOBS {"n":898,"ev":"sp_write_after","pc":"80035fd8","count":"78742558","frame":3,"a":"00000400","b":"ffffffff","sp":"000002c3","mi":"00000000","mask":"0000003f","cause":"10000000","sr":"2400ff01","dp":"00000008","type":1,"locked":0,"sp_due":"00000000","rsp":"80045dd8","rs":"00000012","rdp":"00000000","next":"80045d78","qvalid":0,"qcapacity":8,"thread":"80068f90","tasks":2}
PDOBS {"n":899,"ev":"sp_write_before","pc":"80035fd8","count":"788ce646","frame":3,"a":"00000400","b":"ffffffff","sp":"000002c3","mi":"00000000","mask":"0000003f","cause":"10000000","sr":"2400ff01","dp":"00000008","type":1,"locked":0,"sp_due":"00000000","rsp":"80045dd8","rs":"00000012","rdp":"00000000","next":"80045d78","qvalid":0,"qcapacity":8,"thread":"80068f90","tasks":2}
PDOBS {"n":900,"ev":"sp_write_after","pc":"80035fd8","count":"788ce646","frame":3,"a":"00000400","b":"ffffffff","sp":"000002c3","mi":"00000000","mask":"0000003f","cause":"10000000","sr":"2400ff01","dp":"00000008","type":1,"locked":0,"sp_due":"00000000","rsp":"80045dd8","rs":"00000012","rdp":"00000000","next":"80045d78","qvalid":0,"qcapacity":8,"thread":"80068f90","tasks":2}
PDOBS {"n":901,"ev":"sp_write_before","pc":"80035fd8","count":"78a5a72c","frame":3,"a":"00000400","b":"ffffffff","sp":"000002c3","mi":"00000000","mask":"0000003f","cause":"10000000","sr":"2400ff01","dp":"00000008","type":1,"locked":0,"sp_due":"00000000","rsp":"80045dd8","rs":"00000012","rdp":"00000000","next":"80045d78","qvalid":0,"qcapacity":8,"thread":"80068f90","tasks":2}
PDOBS {"n":902,"ev":"sp_write_after","pc":"80035fd8","count":"78a5a72c","frame":3,"a":"00000400","b":"ffffffff","sp":"000002c3","mi":"00000000","mask":"0000003f","cause":"10000000","sr":"2400ff01","dp":"00000008","type":1,"locked":0,"sp_due":"00000000","rsp":"80045dd8","rs":"00000012","rdp":"00000000","next":"80045d78","qvalid":0,"qcapacity":8,"thread":"80068f90","tasks":2}
PDOBS {"n":903,"ev":"sp_write_before","pc":"80035fd8","count":"78be681a","frame":3,"a":"00000400","b":"ffffffff","sp":"000002c3","mi":"00000000","mask":"0000003f","cause":"10000000","sr":"2400ff01","dp":"00000008","type":1,"locked":0,"sp_due":"00000000","rsp":"80045dd8","rs":"00000012","rdp":"00000000","next":"80045d78","qvalid":0,"qcapacity":8,"thread":"80068f90","tasks":2}
PDOBS {"n":904,"ev":"sp_write_after","pc":"80035fd8","count":"78be681a","frame":3,"a":"00000400","b":"ffffffff","sp":"000002c3","mi":"00000000","mask":"0000003f","cause":"10000000","sr":"2400ff01","dp":"00000008","type":1,"locked":0,"sp_due":"00000000","rsp":"80045dd8","rs":"00000012","rdp":"00000000","next":"80045d78","qvalid":0,"qcapacity":8,"thread":"80068f90","tasks":2}
PDOBS {"n":905,"ev":"sp_write_before","pc":"80035fd8","count":"78d72900","frame":3,"a":"00000400","b":"ffffffff","sp":"000002c3","mi":"00000000","mask":"0000003f","cause":"10000000","sr":"2400ff01","dp":"00000008","type":1,"locked":0,"sp_due":"00000000","rsp":"80045dd8","rs":"00000012","rdp":"00000000","next":"80045d78","qvalid":0,"qcapacity":8,"thread":"80068f90","tasks":2}
PDOBS {"n":906,"ev":"sp_write_after","pc":"80035fd8","count":"78d72900","frame":3,"a":"00000400","b":"ffffffff","sp":"000002c3","mi":"00000000","mask":"0000003f","cause":"10000000","sr":"2400ff01","dp":"00000008","type":1,"locked":0,"sp_due":"00000000","rsp":"80045dd8","rs":"00000012","rdp":"00000000","next":"80045d78","qvalid":0,"qcapacity":8,"thread":"80068f90","tasks":2}
PDOBS {"n":907,"ev":"sp_write_before","pc":"80035fd8","count":"78efe9ee","frame":3,"a":"00000400","b":"ffffffff","sp":"000002c3","mi":"00000000","mask":"0000003f","cause":"10000000","sr":"2400ff01","dp":"00000008","type":1,"locked":0,"sp_due":"00000000","rsp":"80045dd8","rs":"00000012","rdp":"00000000","next":"80045d78","qvalid":0,"qcapacity":8,"thread":"80068f90","tasks":2}
PDOBS {"n":908,"ev":"sp_write_after","pc":"80035fd8","count":"78efe9ee","frame":3,"a":"00000400","b":"ffffffff","sp":"000002c3","mi":"00000000","mask":"0000003f","cause":"10000000","sr":"2400ff01","dp":"00000008","type":1,"locked":0,"sp_due":"00000000","rsp":"80045dd8","rs":"00000012","rdp":"00000000","next":"80045d78","qvalid":0,"qcapacity":8,"thread":"80068f90","tasks":2}
PDOBS {"n":909,"ev":"sp_write_before","pc":"80035fd8","count":"7908aad4","frame":3,"a":"00000400","b":"ffffffff","sp":"000002c3","mi":"00000000","mask":"0000003f","cause":"10000000","sr":"2400ff01","dp":"00000008","type":1,"locked":0,"sp_due":"00000000","rsp":"80045dd8","rs":"00000012","rdp":"00000000","next":"80045d78","qvalid":0,"qcapacity":8,"thread":"80068f90","tasks":2}
PDOBS {"n":910,"ev":"sp_write_after","pc":"80035fd8","count":"7908aad4","frame":3,"a":"00000400","b":"ffffffff","sp":"000002c3","mi":"00000000","mask":"0000003f","cause":"10000000","sr":"2400ff01","dp":"00000008","type":1,"locked":0,"sp_due":"00000000","rsp":"80045dd8","rs":"00000012","rdp":"00000000","next":"80045d78","qvalid":0,"qcapacity":8,"thread":"80068f90","tasks":2}
PDOBS {"n":911,"ev":"sp_write_before","pc":"80035fd8","count":"79216bbe","frame":3,"a":"00000400","b":"ffffffff","sp":"000002c3","mi":"00000000","mask":"0000003f","cause":"10000000","sr":"2400ff01","dp":"00000008","type":1,"locked":0,"sp_due":"00000000","rsp":"80045dd8","rs":"00000012","rdp":"00000000","next":"80045d78","qvalid":0,"qcapacity":8,"thread":"80068f90","tasks":2}
PDOBS {"n":912,"ev":"sp_write_after","pc":"80035fd8","count":"79216bbe","frame":3,"a":"00000400","b":"ffffffff","sp":"000002c3","mi":"00000000","mask":"0000003f","cause":"10000000","sr":"2400ff01","dp":"00000008","type":1,"locked":0,"sp_due":"00000000","rsp":"80045dd8","rs":"00000012","rdp":"00000000","next":"80045d78","qvalid":0,"qcapacity":8,"thread":"80068f90","tasks":2}
PDOBS {"n":913,"ev":"sp_write_before","pc":"80035fd8","count":"793a2cac","frame":3,"a":"00000400","b":"ffffffff","sp":"000002c3","mi":"00000000","mask":"0000003f","cause":"10000000","sr":"2400ff01","dp":"00000008","type":1,"locked":0,"sp_due":"00000000","rsp":"80045dd8","rs":"00000012","rdp":"00000000","next":"80045d78","qvalid":0,"qcapacity":8,"thread":"80068f90","tasks":2}
PDOBS {"n":914,"ev":"sp_write_after","pc":"80035fd8","count":"793a2cac","frame":3,"a":"00000400","b":"ffffffff","sp":"000002c3","mi":"00000000","mask":"0000003f","cause":"10000000","sr":"2400ff01","dp":"00000008","type":1,"locked":0,"sp_due":"00000000","rsp":"80045dd8","rs":"00000012","rdp":"00000000","next":"80045d78","qvalid":0,"qcapacity":8,"thread":"80068f90","tasks":2}
PDOBS {"n":915,"ev":"sp_write_before","pc":"80035fd8","count":"7952ed96","frame":3,"a":"00000400","b":"ffffffff","sp":"000002c3","mi":"00000000","mask":"0000003f","cause":"10000000","sr":"2400ff01","dp":"00000008","type":1,"locked":0,"sp_due":"00000000","rsp":"80045dd8","rs":"00000012","rdp":"00000000","next":"80045d78","qvalid":0,"qcapacity":8,"thread":"80068f90","tasks":2}
PDOBS {"n":916,"ev":"sp_write_after","pc":"80035fd8","count":"7952ed96","frame":3,"a":"00000400","b":"ffffffff","sp":"000002c3","mi":"00000000","mask":"0000003f","cause":"10000000","sr":"2400ff01","dp":"00000008","type":1,"locked":0,"sp_due":"00000000","rsp":"80045dd8","rs":"00000012","rdp":"00000000","next":"80045d78","qvalid":0,"qcapacity":8,"thread":"80068f90","tasks":2}
PDOBS {"n":917,"ev":"sp_write_before","pc":"80035fd8","count":"796bae7c","frame":3,"a":"00000400","b":"ffffffff","sp":"000002c3","mi":"00000000","mask":"0000003f","cause":"10000000","sr":"2400ff01","dp":"00000008","type":1,"locked":0,"sp_due":"00000000","rsp":"80045dd8","rs":"00000012","rdp":"00000000","next":"80045d78","qvalid":0,"qcapacity":8,"thread":"80068f90","tasks":2}
PDOBS {"n":918,"ev":"sp_write_after","pc":"80035fd8","count":"796bae7c","frame":3,"a":"00000400","b":"ffffffff","sp":"000002c3","mi":"00000000","mask":"0000003f","cause":"10000000","sr":"2400ff01","dp":"00000008","type":1,"locked":0,"sp_due":"00000000","rsp":"80045dd8","rs":"00000012","rdp":"00000000","next":"80045d78","qvalid":0,"qcapacity":8,"thread":"80068f90","tasks":2}
PDOBS {"n":919,"ev":"sp_write_before","pc":"80035fd8","count":"79846f66","frame":3,"a":"00000400","b":"ffffffff","sp":"000002c3","mi":"00000000","mask":"0000003f","cause":"10000000","sr":"2400ff01","dp":"00000008","type":1,"locked":0,"sp_due":"00000000","rsp":"80045dd8","rs":"00000012","rdp":"00000000","next":"80045d78","qvalid":0,"qcapacity":8,"thread":"80068f90","tasks":2}
PDOBS {"n":920,"ev":"sp_write_after","pc":"80035fd8","count":"79846f66","frame":3,"a":"00000400","b":"ffffffff","sp":"000002c3","mi":"00000000","mask":"0000003f","cause":"10000000","sr":"2400ff01","dp":"00000008","type":1,"locked":0,"sp_due":"00000000","rsp":"80045dd8","rs":"00000012","rdp":"00000000","next":"80045d78","qvalid":0,"qcapacity":8,"thread":"80068f90","tasks":2}
PDOBS {"n":921,"ev":"sp_write_before","pc":"80035fd8","count":"799d3050","frame":3,"a":"00000400","b":"ffffffff","sp":"000002c3","mi":"00000000","mask":"0000003f","cause":"10000000","sr":"2400ff01","dp":"00000008","type":1,"locked":0,"sp_due":"00000000","rsp":"80045dd8","rs":"00000012","rdp":"00000000","next":"80045d78","qvalid":0,"qcapacity":8,"thread":"80068f90","tasks":2}
PDOBS {"n":922,"ev":"sp_write_after","pc":"80035fd8","count":"799d3050","frame":3,"a":"00000400","b":"ffffffff","sp":"000002c3","mi":"00000000","mask":"0000003f","cause":"10000000","sr":"2400ff01","dp":"00000008","type":1,"locked":0,"sp_due":"00000000","rsp":"80045dd8","rs":"00000012","rdp":"00000000","next":"80045d78","qvalid":0,"qcapacity":8,"thread":"80068f90","tasks":2}
PDOBS {"n":923,"ev":"sp_write_before","pc":"80035fd8","count":"79b5f142","frame":3,"a":"00000400","b":"ffffffff","sp":"000002c3","mi":"00000000","mask":"0000003f","cause":"10000000","sr":"2400ff01","dp":"00000008","type":1,"locked":0,"sp_due":"00000000","rsp":"80045dd8","rs":"00000012","rdp":"00000000","next":"80045d78","qvalid":0,"qcapacity":8,"thread":"80068f90","tasks":2}
PDOBS {"n":924,"ev":"sp_write_after","pc":"80035fd8","count":"79b5f142","frame":3,"a":"00000400","b":"ffffffff","sp":"000002c3","mi":"00000000","mask":"0000003f","cause":"10000000","sr":"2400ff01","dp":"00000008","type":1,"locked":0,"sp_due":"00000000","rsp":"80045dd8","rs":"00000012","rdp":"00000000","next":"80045d78","qvalid":0,"qcapacity":8,"thread":"80068f90","tasks":2}
PDOBS {"n":925,"ev":"sp_write_before","pc":"80035fd8","count":"79ceb224","frame":3,"a":"00000400","b":"ffffffff","sp":"000002c3","mi":"00000000","mask":"0000003f","cause":"10000000","sr":"2400ff01","dp":"00000008","type":1,"locked":0,"sp_due":"00000000","rsp":"80045dd8","rs":"00000012","rdp":"00000000","next":"80045d78","qvalid":0,"qcapacity":8,"thread":"80068f90","tasks":2}
PDOBS {"n":926,"ev":"sp_write_after","pc":"80035fd8","count":"79ceb224","frame":3,"a":"00000400","b":"ffffffff","sp":"000002c3","mi":"00000000","mask":"0000003f","cause":"10000000","sr":"2400ff01","dp":"00000008","type":1,"locked":0,"sp_due":"00000000","rsp":"80045dd8","rs":"00000012","rdp":"00000000","next":"80045d78","qvalid":0,"qcapacity":8,"thread":"80068f90","tasks":2}
PDOBS {"n":927,"ev":"sp_write_before","pc":"80035fd8","count":"79e7730e","frame":3,"a":"00000400","b":"ffffffff","sp":"000002c3","mi":"00000000","mask":"0000003f","cause":"10000000","sr":"2400ff01","dp":"00000008","type":1,"locked":0,"sp_due":"00000000","rsp":"80045dd8","rs":"00000012","rdp":"00000000","next":"80045d78","qvalid":0,"qcapacity":8,"thread":"80068f90","tasks":2}
PDOBS {"n":928,"ev":"sp_write_after","pc":"80035fd8","count":"79e7730e","frame":3,"a":"00000400","b":"ffffffff","sp":"000002c3","mi":"00000000","mask":"0000003f","cause":"10000000","sr":"2400ff01","dp":"00000008","type":1,"locked":0,"sp_due":"00000000","rsp":"80045dd8","rs":"00000012","rdp":"00000000","next":"80045d78","qvalid":0,"qcapacity":8,"thread":"80068f90","tasks":2}
PDOBS {"n":929,"ev":"sp_write_before","pc":"80035fd8","count":"7a0033f8","frame":3,"a":"00000400","b":"ffffffff","sp":"000002c3","mi":"00000000","mask":"0000003f","cause":"10000000","sr":"2400ff01","dp":"00000008","type":1,"locked":0,"sp_due":"00000000","rsp":"80045dd8","rs":"00000012","rdp":"00000000","next":"80045d78","qvalid":0,"qcapacity":8,"thread":"80068f90","tasks":2}
PDOBS {"n":930,"ev":"sp_write_after","pc":"80035fd8","count":"7a0033f8","frame":3,"a":"00000400","b":"ffffffff","sp":"000002c3","mi":"00000000","mask":"0000003f","cause":"10000000","sr":"2400ff01","dp":"00000008","type":1,"locked":0,"sp_due":"00000000","rsp":"80045dd8","rs":"00000012","rdp":"00000000","next":"80045d78","qvalid":0,"qcapacity":8,"thread":"80068f90","tasks":2}
PDOBS {"n":931,"ev":"sp_write_before","pc":"80035fd8","count":"7a18f4e6","frame":3,"a":"00000400","b":"ffffffff","sp":"000002c3","mi":"00000000","mask":"0000003f","cause":"10000000","sr":"2400ff01","dp":"00000008","type":1,"locked":0,"sp_due":"00000000","rsp":"80045dd8","rs":"00000012","rdp":"00000000","next":"80045d78","qvalid":0,"qcapacity":8,"thread":"80068f90","tasks":2}
PDOBS {"n":932,"ev":"sp_write_after","pc":"80035fd8","count":"7a18f4e6","frame":3,"a":"00000400","b":"ffffffff","sp":"000002c3","mi":"00000000","mask":"0000003f","cause":"10000000","sr":"2400ff01","dp":"00000008","type":1,"locked":0,"sp_due":"00000000","rsp":"80045dd8","rs":"00000012","rdp":"00000000","next":"80045d78","qvalid":0,"qcapacity":8,"thread":"80068f90","tasks":2}
PDOBS {"n":933,"ev":"sp_write_before","pc":"80035fd8","count":"7a31b5d0","frame":3,"a":"00000400","b":"ffffffff","sp":"000002c3","mi":"00000000","mask":"0000003f","cause":"10000000","sr":"2400ff01","dp":"00000008","type":1,"locked":0,"sp_due":"00000000","rsp":"80045dd8","rs":"00000012","rdp":"00000000","next":"80045d78","qvalid":0,"qcapacity":8,"thread":"80068f90","tasks":2}
PDOBS {"n":934,"ev":"sp_write_after","pc":"80035fd8","count":"7a31b5d0","frame":3,"a":"00000400","b":"ffffffff","sp":"000002c3","mi":"00000000","mask":"0000003f","cause":"10000000","sr":"2400ff01","dp":"00000008","type":1,"locked":0,"sp_due":"00000000","rsp":"80045dd8","rs":"00000012","rdp":"00000000","next":"80045d78","qvalid":0,"qcapacity":8,"thread":"80068f90","tasks":2}
PDOBS {"n":935,"ev":"sp_write_before","pc":"80035fd8","count":"7a4a76b6","frame":3,"a":"00000400","b":"ffffffff","sp":"000002c3","mi":"00000000","mask":"0000003f","cause":"10000000","sr":"2400ff01","dp":"00000008","type":1,"locked":0,"sp_due":"00000000","rsp":"80045dd8","rs":"00000012","rdp":"00000000","next":"80045d78","qvalid":0,"qcapacity":8,"thread":"80068f90","tasks":2}
PDOBS {"n":936,"ev":"sp_write_after","pc":"80035fd8","count":"7a4a76b6","frame":3,"a":"00000400","b":"ffffffff","sp":"000002c3","mi":"00000000","mask":"0000003f","cause":"10000000","sr":"2400ff01","dp":"00000008","type":1,"locked":0,"sp_due":"00000000","rsp":"80045dd8","rs":"00000012","rdp":"00000000","next":"80045d78","qvalid":0,"qcapacity":8,"thread":"80068f90","tasks":2}
PDOBS {"n":937,"ev":"sp_write_before","pc":"80035fd8","count":"7a6337a0","frame":3,"a":"00000400","b":"ffffffff","sp":"000002c3","mi":"00000000","mask":"0000003f","cause":"10000000","sr":"2400ff01","dp":"00000008","type":1,"locked":0,"sp_due":"00000000","rsp":"80045dd8","rs":"00000012","rdp":"00000000","next":"80045d78","qvalid":0,"qcapacity":8,"thread":"80068f90","tasks":2}
PDOBS {"n":938,"ev":"sp_write_after","pc":"80035fd8","count":"7a6337a0","frame":3,"a":"00000400","b":"ffffffff","sp":"000002c3","mi":"00000000","mask":"0000003f","cause":"10000000","sr":"2400ff01","dp":"00000008","type":1,"locked":0,"sp_due":"00000000","rsp":"80045dd8","rs":"00000012","rdp":"00000000","next":"80045d78","qvalid":0,"qcapacity":8,"thread":"80068f90","tasks":2}
PDOBS {"n":939,"ev":"sp_write_before","pc":"80035fd8","count":"7a7bf88e","frame":3,"a":"00000400","b":"ffffffff","sp":"000002c3","mi":"00000000","mask":"0000003f","cause":"10000000","sr":"2400ff01","dp":"00000008","type":1,"locked":0,"sp_due":"00000000","rsp":"80045dd8","rs":"00000012","rdp":"00000000","next":"80045d78","qvalid":0,"qcapacity":8,"thread":"80068f90","tasks":2}
PDOBS {"n":940,"ev":"sp_write_after","pc":"80035fd8","count":"7a7bf88e","frame":3,"a":"00000400","b":"ffffffff","sp":"000002c3","mi":"00000000","mask":"0000003f","cause":"10000000","sr":"2400ff01","dp":"00000008","type":1,"locked":0,"sp_due":"00000000","rsp":"80045dd8","rs":"00000012","rdp":"00000000","next":"80045d78","qvalid":0,"qcapacity":8,"thread":"80068f90","tasks":2}
PDOBS {"n":941,"ev":"sp_write_before","pc":"80035fd8","count":"7a94b974","frame":3,"a":"00000400","b":"ffffffff","sp":"000002c3","mi":"00000000","mask":"0000003f","cause":"10000000","sr":"2400ff01","dp":"00000008","type":1,"locked":0,"sp_due":"00000000","rsp":"80045dd8","rs":"00000012","rdp":"00000000","next":"80045d78","qvalid":0,"qcapacity":8,"thread":"80068f90","tasks":2}
PDOBS {"n":942,"ev":"sp_write_after","pc":"80035fd8","count":"7a94b974","frame":3,"a":"00000400","b":"ffffffff","sp":"000002c3","mi":"00000000","mask":"0000003f","cause":"10000000","sr":"2400ff01","dp":"00000008","type":1,"locked":0,"sp_due":"00000000","rsp":"80045dd8","rs":"00000012","rdp":"00000000","next":"80045d78","qvalid":0,"qcapacity":8,"thread":"80068f90","tasks":2}
PDOBS {"n":943,"ev":"sp_write_before","pc":"80035fd8","count":"7aad7a62","frame":3,"a":"00000400","b":"ffffffff","sp":"000002c3","mi":"00000000","mask":"0000003f","cause":"10000000","sr":"2400ff01","dp":"00000008","type":1,"locked":0,"sp_due":"00000000","rsp":"80045dd8","rs":"00000012","rdp":"00000000","next":"80045d78","qvalid":0,"qcapacity":8,"thread":"80068f90","tasks":2}
PDOBS {"n":944,"ev":"sp_write_after","pc":"80035fd8","count":"7aad7a62","frame":3,"a":"00000400","b":"ffffffff","sp":"000002c3","mi":"00000000","mask":"0000003f","cause":"10000000","sr":"2400ff01","dp":"00000008","type":1,"locked":0,"sp_due":"00000000","rsp":"80045dd8","rs":"00000012","rdp":"00000000","next":"80045d78","qvalid":0,"qcapacity":8,"thread":"80068f90","tasks":2}
PDOBS {"n":945,"ev":"sp_write_before","pc":"80035fd8","count":"7ac63b48","frame":3,"a":"00000400","b":"ffffffff","sp":"000002c3","mi":"00000000","mask":"0000003f","cause":"10000000","sr":"2400ff01","dp":"00000008","type":1,"locked":0,"sp_due":"00000000","rsp":"80045dd8","rs":"00000012","rdp":"00000000","next":"80045d78","qvalid":0,"qcapacity":8,"thread":"80068f90","tasks":2}
PDOBS {"n":946,"ev":"sp_write_after","pc":"80035fd8","count":"7ac63b48","frame":3,"a":"00000400","b":"ffffffff","sp":"000002c3","mi":"00000000","mask":"0000003f","cause":"10000000","sr":"2400ff01","dp":"00000008","type":1,"locked":0,"sp_due":"00000000","rsp":"80045dd8","rs":"00000012","rdp":"00000000","next":"80045d78","qvalid":0,"qcapacity":8,"thread":"80068f90","tasks":2}
PDOBS {"n":947,"ev":"sp_write_before","pc":"80035fd8","count":"7adefc36","frame":3,"a":"00000400","b":"ffffffff","sp":"000002c3","mi":"00000000","mask":"0000003f","cause":"10000000","sr":"2400ff01","dp":"00000008","type":1,"locked":0,"sp_due":"00000000","rsp":"80045dd8","rs":"00000012","rdp":"00000000","next":"80045d78","qvalid":0,"qcapacity":8,"thread":"80068f90","tasks":2}
PDOBS {"n":948,"ev":"sp_write_after","pc":"80035fd8","count":"7adefc36","frame":3,"a":"00000400","b":"ffffffff","sp":"000002c3","mi":"00000000","mask":"0000003f","cause":"10000000","sr":"2400ff01","dp":"00000008","type":1,"locked":0,"sp_due":"00000000","rsp":"80045dd8","rs":"00000012","rdp":"00000000","next":"80045d78","qvalid":0,"qcapacity":8,"thread":"80068f90","tasks":2}
PDOBS {"n":949,"ev":"sp_write_before","pc":"80035fd8","count":"7af7bd1c","frame":3,"a":"00000400","b":"ffffffff","sp":"000002c3","mi":"00000000","mask":"0000003f","cause":"10000000","sr":"2400ff01","dp":"00000008","type":1,"locked":0,"sp_due":"00000000","rsp":"80045dd8","rs":"00000012","rdp":"00000000","next":"80045d78","qvalid":0,"qcapacity":8,"thread":"80068f90","tasks":2}
PDOBS {"n":950,"ev":"sp_write_after","pc":"80035fd8","count":"7af7bd1c","frame":3,"a":"00000400","b":"ffffffff","sp":"000002c3","mi":"00000000","mask":"0000003f","cause":"10000000","sr":"2400ff01","dp":"00000008","type":1,"locked":0,"sp_due":"00000000","rsp":"80045dd8","rs":"00000012","rdp":"00000000","next":"80045d78","qvalid":0,"qcapacity":8,"thread":"80068f90","tasks":2}
PDOBS {"n":951,"ev":"sp_write_before","pc":"80035fd8","count":"7b107e06","frame":3,"a":"00000400","b":"ffffffff","sp":"000002c3","mi":"00000000","mask":"0000003f","cause":"10000000","sr":"2400ff01","dp":"00000008","type":1,"locked":0,"sp_due":"00000000","rsp":"80045dd8","rs":"00000012","rdp":"00000000","next":"80045d78","qvalid":0,"qcapacity":8,"thread":"80068f90","tasks":2}
PDOBS {"n":952,"ev":"sp_write_after","pc":"80035fd8","count":"7b107e06","frame":3,"a":"00000400","b":"ffffffff","sp":"000002c3","mi":"00000000","mask":"0000003f","cause":"10000000","sr":"2400ff01","dp":"00000008","type":1,"locked":0,"sp_due":"00000000","rsp":"80045dd8","rs":"00000012","rdp":"00000000","next":"80045d78","qvalid":0,"qcapacity":8,"thread":"80068f90","tasks":2}
PDOBS {"n":953,"ev":"sp_write_before","pc":"80035fd8","count":"7b293ef4","frame":3,"a":"00000400","b":"ffffffff","sp":"000002c3","mi":"00000000","mask":"0000003f","cause":"10000000","sr":"2400ff01","dp":"00000008","type":1,"locked":0,"sp_due":"00000000","rsp":"80045dd8","rs":"00000012","rdp":"00000000","next":"80045d78","qvalid":0,"qcapacity":8,"thread":"80068f90","tasks":2}
PDOBS {"n":954,"ev":"sp_write_after","pc":"80035fd8","count":"7b293ef4","frame":3,"a":"00000400","b":"ffffffff","sp":"000002c3","mi":"00000000","mask":"0000003f","cause":"10000000","sr":"2400ff01","dp":"00000008","type":1,"locked":0,"sp_due":"00000000","rsp":"80045dd8","rs":"00000012","rdp":"00000000","next":"80045d78","qvalid":0,"qcapacity":8,"thread":"80068f90","tasks":2}
PDOBS {"n":955,"ev":"sp_write_before","pc":"80035fd8","count":"7b41ffde","frame":3,"a":"00000400","b":"ffffffff","sp":"000002c3","mi":"00000000","mask":"0000003f","cause":"10000000","sr":"2400ff01","dp":"00000008","type":1,"locked":0,"sp_due":"00000000","rsp":"80045dd8","rs":"00000012","rdp":"00000000","next":"80045d78","qvalid":0,"qcapacity":8,"thread":"80068f90","tasks":2}
PDOBS {"n":956,"ev":"sp_write_after","pc":"80035fd8","count":"7b41ffde","frame":3,"a":"00000400","b":"ffffffff","sp":"000002c3","mi":"00000000","mask":"0000003f","cause":"10000000","sr":"2400ff01","dp":"00000008","type":1,"locked":0,"sp_due":"00000000","rsp":"80045dd8","rs":"00000012","rdp":"00000000","next":"80045d78","qvalid":0,"qcapacity":8,"thread":"80068f90","tasks":2}
PDOBS {"n":957,"ev":"sp_write_before","pc":"80035fd8","count":"7b5ac0c4","frame":3,"a":"00000400","b":"ffffffff","sp":"000002c3","mi":"00000000","mask":"0000003f","cause":"10000000","sr":"2400ff01","dp":"00000008","type":1,"locked":0,"sp_due":"00000000","rsp":"80045dd8","rs":"00000012","rdp":"00000000","next":"80045d78","qvalid":0,"qcapacity":8,"thread":"80068f90","tasks":2}
PDOBS {"n":958,"ev":"sp_write_after","pc":"80035fd8","count":"7b5ac0c4","frame":3,"a":"00000400","b":"ffffffff","sp":"000002c3","mi":"00000000","mask":"0000003f","cause":"10000000","sr":"2400ff01","dp":"00000008","type":1,"locked":0,"sp_due":"00000000","rsp":"80045dd8","rs":"00000012","rdp":"00000000","next":"80045d78","qvalid":0,"qcapacity":8,"thread":"80068f90","tasks":2}
PDOBS {"n":959,"ev":"sp_write_before","pc":"80035fd8","count":"7b7381ae","frame":3,"a":"00000400","b":"ffffffff","sp":"000002c3","mi":"00000000","mask":"0000003f","cause":"10000000","sr":"2400ff01","dp":"00000008","type":1,"locked":0,"sp_due":"00000000","rsp":"80045dd8","rs":"00000012","rdp":"00000000","next":"80045d78","qvalid":0,"qcapacity":8,"thread":"80068f90","tasks":2}
PDOBS {"n":960,"ev":"sp_write_after","pc":"80035fd8","count":"7b7381ae","frame":3,"a":"00000400","b":"ffffffff","sp":"000002c3","mi":"00000000","mask":"0000003f","cause":"10000000","sr":"2400ff01","dp":"00000008","type":1,"locked":0,"sp_due":"00000000","rsp":"80045dd8","rs":"00000012","rdp":"00000000","next":"80045d78","qvalid":0,"qcapacity":8,"thread":"80068f90","tasks":2}
PDOBS {"n":961,"ev":"sp_write_before","pc":"80035fd8","count":"7b8c4298","frame":3,"a":"00000400","b":"ffffffff","sp":"000002c3","mi":"00000000","mask":"0000003f","cause":"10000000","sr":"2400ff01","dp":"00000008","type":1,"locked":0,"sp_due":"00000000","rsp":"80045dd8","rs":"00000012","rdp":"00000000","next":"80045d78","qvalid":0,"qcapacity":8,"thread":"80068f90","tasks":2}
PDOBS {"n":962,"ev":"sp_write_after","pc":"80035fd8","count":"7b8c4298","frame":3,"a":"00000400","b":"ffffffff","sp":"000002c3","mi":"00000000","mask":"0000003f","cause":"10000000","sr":"2400ff01","dp":"00000008","type":1,"locked":0,"sp_due":"00000000","rsp":"80045dd8","rs":"00000012","rdp":"00000000","next":"80045d78","qvalid":0,"qcapacity":8,"thread":"80068f90","tasks":2}
PDOBS {"n":963,"ev":"sp_write_before","pc":"80035fd8","count":"7ba5038a","frame":3,"a":"00000400","b":"ffffffff","sp":"000002c3","mi":"00000000","mask":"0000003f","cause":"10000000","sr":"2400ff01","dp":"00000008","type":1,"locked":0,"sp_due":"00000000","rsp":"80045dd8","rs":"00000012","rdp":"00000000","next":"80045d78","qvalid":0,"qcapacity":8,"thread":"80068f90","tasks":2}
PDOBS {"n":964,"ev":"sp_write_after","pc":"80035fd8","count":"7ba5038a","frame":3,"a":"00000400","b":"ffffffff","sp":"000002c3","mi":"00000000","mask":"0000003f","cause":"10000000","sr":"2400ff01","dp":"00000008","type":1,"locked":0,"sp_due":"00000000","rsp":"80045dd8","rs":"00000012","rdp":"00000000","next":"80045d78","qvalid":0,"qcapacity":8,"thread":"80068f90","tasks":2}
PDOBS {"n":965,"ev":"sp_write_before","pc":"80035fd8","count":"7bbdc46c","frame":3,"a":"00000400","b":"ffffffff","sp":"000002c3","mi":"00000000","mask":"0000003f","cause":"10000000","sr":"2400ff01","dp":"00000008","type":1,"locked":0,"sp_due":"00000000","rsp":"80045dd8","rs":"00000012","rdp":"00000000","next":"80045d78","qvalid":0,"qcapacity":8,"thread":"80068f90","tasks":2}
PDOBS {"n":966,"ev":"sp_write_after","pc":"80035fd8","count":"7bbdc46c","frame":3,"a":"00000400","b":"ffffffff","sp":"000002c3","mi":"00000000","mask":"0000003f","cause":"10000000","sr":"2400ff01","dp":"00000008","type":1,"locked":0,"sp_due":"00000000","rsp":"80045dd8","rs":"00000012","rdp":"00000000","next":"80045d78","qvalid":0,"qcapacity":8,"thread":"80068f90","tasks":2}
PDOBS {"n":967,"ev":"sp_write_before","pc":"80035fd8","count":"7bd68556","frame":3,"a":"00000400","b":"ffffffff","sp":"000002c3","mi":"00000000","mask":"0000003f","cause":"10000000","sr":"2400ff01","dp":"00000008","type":1,"locked":0,"sp_due":"00000000","rsp":"80045dd8","rs":"00000012","rdp":"00000000","next":"80045d78","qvalid":0,"qcapacity":8,"thread":"80068f90","tasks":2}
PDOBS {"n":968,"ev":"sp_write_after","pc":"80035fd8","count":"7bd68556","frame":3,"a":"00000400","b":"ffffffff","sp":"000002c3","mi":"00000000","mask":"0000003f","cause":"10000000","sr":"2400ff01","dp":"00000008","type":1,"locked":0,"sp_due":"00000000","rsp":"80045dd8","rs":"00000012","rdp":"00000000","next":"80045d78","qvalid":0,"qcapacity":8,"thread":"80068f90","tasks":2}
PDOBS {"n":969,"ev":"sp_write_before","pc":"80035fd8","count":"7bef4640","frame":3,"a":"00000400","b":"ffffffff","sp":"000002c3","mi":"00000000","mask":"0000003f","cause":"10000000","sr":"2400ff01","dp":"00000008","type":1,"locked":0,"sp_due":"00000000","rsp":"80045dd8","rs":"00000012","rdp":"00000000","next":"80045d78","qvalid":0,"qcapacity":8,"thread":"80068f90","tasks":2}
PDOBS {"n":970,"ev":"sp_write_after","pc":"80035fd8","count":"7bef4640","frame":3,"a":"00000400","b":"ffffffff","sp":"000002c3","mi":"00000000","mask":"0000003f","cause":"10000000","sr":"2400ff01","dp":"00000008","type":1,"locked":0,"sp_due":"00000000","rsp":"80045dd8","rs":"00000012","rdp":"00000000","next":"80045d78","qvalid":0,"qcapacity":8,"thread":"80068f90","tasks":2}
PDOBS {"n":971,"ev":"sp_write_before","pc":"80035fd8","count":"7c08072e","frame":3,"a":"00000400","b":"ffffffff","sp":"000002c3","mi":"00000000","mask":"0000003f","cause":"10000000","sr":"2400ff01","dp":"00000008","type":1,"locked":0,"sp_due":"00000000","rsp":"80045dd8","rs":"00000012","rdp":"00000000","next":"80045d78","qvalid":0,"qcapacity":8,"thread":"80068f90","tasks":2}
PDOBS {"n":972,"ev":"sp_write_after","pc":"80035fd8","count":"7c08072e","frame":3,"a":"00000400","b":"ffffffff","sp":"000002c3","mi":"00000000","mask":"0000003f","cause":"10000000","sr":"2400ff01","dp":"00000008","type":1,"locked":0,"sp_due":"00000000","rsp":"80045dd8","rs":"00000012","rdp":"00000000","next":"80045d78","qvalid":0,"qcapacity":8,"thread":"80068f90","tasks":2}
PDOBS {"n":973,"ev":"sp_write_before","pc":"80035fd8","count":"7c20c818","frame":3,"a":"00000400","b":"ffffffff","sp":"000002c3","mi":"00000000","mask":"0000003f","cause":"10000000","sr":"2400ff01","dp":"00000008","type":1,"locked":0,"sp_due":"00000000","rsp":"80045dd8","rs":"00000012","rdp":"00000000","next":"80045d78","qvalid":0,"qcapacity":8,"thread":"80068f90","tasks":2}
PDOBS {"n":974,"ev":"sp_write_after","pc":"80035fd8","count":"7c20c818","frame":3,"a":"00000400","b":"ffffffff","sp":"000002c3","mi":"00000000","mask":"0000003f","cause":"10000000","sr":"2400ff01","dp":"00000008","type":1,"locked":0,"sp_due":"00000000","rsp":"80045dd8","rs":"00000012","rdp":"00000000","next":"80045d78","qvalid":0,"qcapacity":8,"thread":"80068f90","tasks":2}
PDOBS {"n":975,"ev":"sp_write_before","pc":"80035fd8","count":"7c3988fe","frame":3,"a":"00000400","b":"ffffffff","sp":"000002c3","mi":"00000000","mask":"0000003f","cause":"10000000","sr":"2400ff01","dp":"00000008","type":1,"locked":0,"sp_due":"00000000","rsp":"80045dd8","rs":"00000012","rdp":"00000000","next":"80045d78","qvalid":0,"qcapacity":8,"thread":"80068f90","tasks":2}
PDOBS {"n":976,"ev":"sp_write_after","pc":"80035fd8","count":"7c3988fe","frame":3,"a":"00000400","b":"ffffffff","sp":"000002c3","mi":"00000000","mask":"0000003f","cause":"10000000","sr":"2400ff01","dp":"00000008","type":1,"locked":0,"sp_due":"00000000","rsp":"80045dd8","rs":"00000012","rdp":"00000000","next":"80045d78","qvalid":0,"qcapacity":8,"thread":"80068f90","tasks":2}
PDOBS {"n":977,"ev":"sp_write_before","pc":"80035fd8","count":"7c5249e8","frame":3,"a":"00000400","b":"ffffffff","sp":"000002c3","mi":"00000000","mask":"0000003f","cause":"10000000","sr":"2400ff01","dp":"00000008","type":1,"locked":0,"sp_due":"00000000","rsp":"80045dd8","rs":"00000012","rdp":"00000000","next":"80045d78","qvalid":0,"qcapacity":8,"thread":"80068f90","tasks":2}
PDOBS {"n":978,"ev":"sp_write_after","pc":"80035fd8","count":"7c5249e8","frame":3,"a":"00000400","b":"ffffffff","sp":"000002c3","mi":"00000000","mask":"0000003f","cause":"10000000","sr":"2400ff01","dp":"00000008","type":1,"locked":0,"sp_due":"00000000","rsp":"80045dd8","rs":"00000012","rdp":"00000000","next":"80045d78","qvalid":0,"qcapacity":8,"thread":"80068f90","tasks":2}
PDOBS {"n":979,"ev":"sp_write_before","pc":"80035fd8","count":"7c6b0ad6","frame":3,"a":"00000400","b":"ffffffff","sp":"000002c3","mi":"00000000","mask":"0000003f","cause":"10000000","sr":"2400ff01","dp":"00000008","type":1,"locked":0,"sp_due":"00000000","rsp":"80045dd8","rs":"00000012","rdp":"00000000","next":"80045d78","qvalid":0,"qcapacity":8,"thread":"80068f90","tasks":2}
PDOBS {"n":980,"ev":"sp_write_after","pc":"80035fd8","count":"7c6b0ad6","frame":3,"a":"00000400","b":"ffffffff","sp":"000002c3","mi":"00000000","mask":"0000003f","cause":"10000000","sr":"2400ff01","dp":"00000008","type":1,"locked":0,"sp_due":"00000000","rsp":"80045dd8","rs":"00000012","rdp":"00000000","next":"80045d78","qvalid":0,"qcapacity":8,"thread":"80068f90","tasks":2}
PDOBS {"n":981,"ev":"sp_write_before","pc":"80035fd8","count":"7c83cbbc","frame":3,"a":"00000400","b":"ffffffff","sp":"000002c3","mi":"00000000","mask":"0000003f","cause":"10000000","sr":"2400ff01","dp":"00000008","type":1,"locked":0,"sp_due":"00000000","rsp":"80045dd8","rs":"00000012","rdp":"00000000","next":"80045d78","qvalid":0,"qcapacity":8,"thread":"80068f90","tasks":2}
PDOBS {"n":982,"ev":"sp_write_after","pc":"80035fd8","count":"7c83cbbc","frame":3,"a":"00000400","b":"ffffffff","sp":"000002c3","mi":"00000000","mask":"0000003f","cause":"10000000","sr":"2400ff01","dp":"00000008","type":1,"locked":0,"sp_due":"00000000","rsp":"80045dd8","rs":"00000012","rdp":"00000000","next":"80045d78","qvalid":0,"qcapacity":8,"thread":"80068f90","tasks":2}
PDOBS {"n":983,"ev":"sp_write_before","pc":"80035fd8","count":"7c9c8caa","frame":3,"a":"00000400","b":"ffffffff","sp":"000002c3","mi":"00000000","mask":"0000003f","cause":"10000000","sr":"2400ff01","dp":"00000008","type":1,"locked":0,"sp_due":"00000000","rsp":"80045dd8","rs":"00000012","rdp":"00000000","next":"80045d78","qvalid":0,"qcapacity":8,"thread":"80068f90","tasks":2}
PDOBS {"n":984,"ev":"sp_write_after","pc":"80035fd8","count":"7c9c8caa","frame":3,"a":"00000400","b":"ffffffff","sp":"000002c3","mi":"00000000","mask":"0000003f","cause":"10000000","sr":"2400ff01","dp":"00000008","type":1,"locked":0,"sp_due":"00000000","rsp":"80045dd8","rs":"00000012","rdp":"00000000","next":"80045d78","qvalid":0,"qcapacity":8,"thread":"80068f90","tasks":2}
PDOBS {"n":985,"ev":"sp_write_before","pc":"80035fd8","count":"7cb54d90","frame":3,"a":"00000400","b":"ffffffff","sp":"000002c3","mi":"00000000","mask":"0000003f","cause":"10000000","sr":"2400ff01","dp":"00000008","type":1,"locked":0,"sp_due":"00000000","rsp":"80045dd8","rs":"00000012","rdp":"00000000","next":"80045d78","qvalid":0,"qcapacity":8,"thread":"80068f90","tasks":2}
PDOBS {"n":986,"ev":"sp_write_after","pc":"80035fd8","count":"7cb54d90","frame":3,"a":"00000400","b":"ffffffff","sp":"000002c3","mi":"00000000","mask":"0000003f","cause":"10000000","sr":"2400ff01","dp":"00000008","type":1,"locked":0,"sp_due":"00000000","rsp":"80045dd8","rs":"00000012","rdp":"00000000","next":"80045d78","qvalid":0,"qcapacity":8,"thread":"80068f90","tasks":2}
PDOBS {"n":987,"ev":"sp_write_before","pc":"80035fd8","count":"7cce0e7e","frame":3,"a":"00000400","b":"ffffffff","sp":"000002c3","mi":"00000000","mask":"0000003f","cause":"10000000","sr":"2400ff01","dp":"00000008","type":1,"locked":0,"sp_due":"00000000","rsp":"80045dd8","rs":"00000012","rdp":"00000000","next":"80045d78","qvalid":0,"qcapacity":8,"thread":"80068f90","tasks":2}
PDOBS {"n":988,"ev":"sp_write_after","pc":"80035fd8","count":"7cce0e7e","frame":3,"a":"00000400","b":"ffffffff","sp":"000002c3","mi":"00000000","mask":"0000003f","cause":"10000000","sr":"2400ff01","dp":"00000008","type":1,"locked":0,"sp_due":"00000000","rsp":"80045dd8","rs":"00000012","rdp":"00000000","next":"80045d78","qvalid":0,"qcapacity":8,"thread":"80068f90","tasks":2}
PDOBS {"n":989,"ev":"sp_write_before","pc":"80035fd8","count":"7ce6cf64","frame":3,"a":"00000400","b":"ffffffff","sp":"000002c3","mi":"00000000","mask":"0000003f","cause":"10000000","sr":"2400ff01","dp":"00000008","type":1,"locked":0,"sp_due":"00000000","rsp":"80045dd8","rs":"00000012","rdp":"00000000","next":"80045d78","qvalid":0,"qcapacity":8,"thread":"80068f90","tasks":2}
PDOBS {"n":990,"ev":"sp_write_after","pc":"80035fd8","count":"7ce6cf64","frame":3,"a":"00000400","b":"ffffffff","sp":"000002c3","mi":"00000000","mask":"0000003f","cause":"10000000","sr":"2400ff01","dp":"00000008","type":1,"locked":0,"sp_due":"00000000","rsp":"80045dd8","rs":"00000012","rdp":"00000000","next":"80045d78","qvalid":0,"qcapacity":8,"thread":"80068f90","tasks":2}
PDOBS {"n":991,"ev":"sp_write_before","pc":"80035fd8","count":"7cff904e","frame":3,"a":"00000400","b":"ffffffff","sp":"000002c3","mi":"00000000","mask":"0000003f","cause":"10000000","sr":"2400ff01","dp":"00000008","type":1,"locked":0,"sp_due":"00000000","rsp":"80045dd8","rs":"00000012","rdp":"00000000","next":"80045d78","qvalid":0,"qcapacity":8,"thread":"80068f90","tasks":2}
PDOBS {"n":992,"ev":"sp_write_after","pc":"80035fd8","count":"7cff904e","frame":3,"a":"00000400","b":"ffffffff","sp":"000002c3","mi":"00000000","mask":"0000003f","cause":"10000000","sr":"2400ff01","dp":"00000008","type":1,"locked":0,"sp_due":"00000000","rsp":"80045dd8","rs":"00000012","rdp":"00000000","next":"80045d78","qvalid":0,"qcapacity":8,"thread":"80068f90","tasks":2}
PDOBS {"n":993,"ev":"sp_write_before","pc":"80035fd8","count":"7d18513c","frame":3,"a":"00000400","b":"ffffffff","sp":"000002c3","mi":"00000000","mask":"0000003f","cause":"10000000","sr":"2400ff01","dp":"00000008","type":1,"locked":0,"sp_due":"00000000","rsp":"80045dd8","rs":"00000012","rdp":"00000000","next":"80045d78","qvalid":0,"qcapacity":8,"thread":"80068f90","tasks":2}
PDOBS {"n":994,"ev":"sp_write_after","pc":"80035fd8","count":"7d18513c","frame":3,"a":"00000400","b":"ffffffff","sp":"000002c3","mi":"00000000","mask":"0000003f","cause":"10000000","sr":"2400ff01","dp":"00000008","type":1,"locked":0,"sp_due":"00000000","rsp":"80045dd8","rs":"00000012","rdp":"00000000","next":"80045d78","qvalid":0,"qcapacity":8,"thread":"80068f90","tasks":2}
PDOBS {"n":995,"ev":"sp_write_before","pc":"80035fd8","count":"7d311226","frame":3,"a":"00000400","b":"ffffffff","sp":"000002c3","mi":"00000000","mask":"0000003f","cause":"10000000","sr":"2400ff01","dp":"00000008","type":1,"locked":0,"sp_due":"00000000","rsp":"80045dd8","rs":"00000012","rdp":"00000000","next":"80045d78","qvalid":0,"qcapacity":8,"thread":"80068f90","tasks":2}
PDOBS {"n":996,"ev":"sp_write_after","pc":"80035fd8","count":"7d311226","frame":3,"a":"00000400","b":"ffffffff","sp":"000002c3","mi":"00000000","mask":"0000003f","cause":"10000000","sr":"2400ff01","dp":"00000008","type":1,"locked":0,"sp_due":"00000000","rsp":"80045dd8","rs":"00000012","rdp":"00000000","next":"80045d78","qvalid":0,"qcapacity":8,"thread":"80068f90","tasks":2}
PDOBS {"n":997,"ev":"sp_write_before","pc":"80035fd8","count":"7d49d30c","frame":3,"a":"00000400","b":"ffffffff","sp":"000002c3","mi":"00000000","mask":"0000003f","cause":"10000000","sr":"2400ff01","dp":"00000008","type":1,"locked":0,"sp_due":"00000000","rsp":"80045dd8","rs":"00000012","rdp":"00000000","next":"80045d78","qvalid":0,"qcapacity":8,"thread":"80068f90","tasks":2}
PDOBS {"n":998,"ev":"sp_write_after","pc":"80035fd8","count":"7d49d30c","frame":3,"a":"00000400","b":"ffffffff","sp":"000002c3","mi":"00000000","mask":"0000003f","cause":"10000000","sr":"2400ff01","dp":"00000008","type":1,"locked":0,"sp_due":"00000000","rsp":"80045dd8","rs":"00000012","rdp":"00000000","next":"80045d78","qvalid":0,"qcapacity":8,"thread":"80068f90","tasks":2}
PDOBS {"n":999,"ev":"sp_write_before","pc":"80035fd8","count":"7d6293f6","frame":3,"a":"00000400","b":"ffffffff","sp":"000002c3","mi":"00000000","mask":"0000003f","cause":"10000000","sr":"2400ff01","dp":"00000008","type":1,"locked":0,"sp_due":"00000000","rsp":"80045dd8","rs":"00000012","rdp":"00000000","next":"80045d78","qvalid":0,"qcapacity":8,"thread":"80068f90","tasks":2}
PDOBS {"n":1000,"ev":"sp_write_after","pc":"80035fd8","count":"7d6293f6","frame":3,"a":"00000400","b":"ffffffff","sp":"000002c3","mi":"00000000","mask":"0000003f","cause":"10000000","sr":"2400ff01","dp":"00000008","type":1,"locked":0,"sp_due":"00000000","rsp":"80045dd8","rs":"00000012","rdp":"00000000","next":"80045d78","qvalid":0,"qcapacity":8,"thread":"80068f90","tasks":2}
PDOBS {"n":1001,"ev":"sp_write_before","pc":"80035fd8","count":"7d7b54e0","frame":3,"a":"00000400","b":"ffffffff","sp":"000002c3","mi":"00000000","mask":"0000003f","cause":"10000000","sr":"2400ff01","dp":"00000008","type":1,"locked":0,"sp_due":"00000000","rsp":"80045dd8","rs":"00000012","rdp":"00000000","next":"80045d78","qvalid":0,"qcapacity":8,"thread":"80068f90","tasks":2}
PDOBS {"n":1002,"ev":"sp_write_after","pc":"80035fd8","count":"7d7b54e0","frame":3,"a":"00000400","b":"ffffffff","sp":"000002c3","mi":"00000000","mask":"0000003f","cause":"10000000","sr":"2400ff01","dp":"00000008","type":1,"locked":0,"sp_due":"00000000","rsp":"80045dd8","rs":"00000012","rdp":"00000000","next":"80045d78","qvalid":0,"qcapacity":8,"thread":"80068f90","tasks":2}
PDOBS {"n":1003,"ev":"sp_write_before","pc":"80035fd8","count":"7d9415d2","frame":3,"a":"00000400","b":"ffffffff","sp":"000002c3","mi":"00000000","mask":"0000003f","cause":"10000000","sr":"2400ff01","dp":"00000008","type":1,"locked":0,"sp_due":"00000000","rsp":"80045dd8","rs":"00000012","rdp":"00000000","next":"80045d78","qvalid":0,"qcapacity":8,"thread":"80068f90","tasks":2}
PDOBS {"n":1004,"ev":"sp_write_after","pc":"80035fd8","count":"7d9415d2","frame":3,"a":"00000400","b":"ffffffff","sp":"000002c3","mi":"00000000","mask":"0000003f","cause":"10000000","sr":"2400ff01","dp":"00000008","type":1,"locked":0,"sp_due":"00000000","rsp":"80045dd8","rs":"00000012","rdp":"00000000","next":"80045d78","qvalid":0,"qcapacity":8,"thread":"80068f90","tasks":2}
PDOBS {"n":1005,"ev":"sp_write_before","pc":"80035fd8","count":"7dacd6b4","frame":3,"a":"00000400","b":"ffffffff","sp":"000002c3","mi":"00000000","mask":"0000003f","cause":"10000000","sr":"2400ff01","dp":"00000008","type":1,"locked":0,"sp_due":"00000000","rsp":"80045dd8","rs":"00000012","rdp":"00000000","next":"80045d78","qvalid":0,"qcapacity":8,"thread":"80068f90","tasks":2}
PDOBS {"n":1006,"ev":"sp_write_after","pc":"80035fd8","count":"7dacd6b4","frame":3,"a":"00000400","b":"ffffffff","sp":"000002c3","mi":"00000000","mask":"0000003f","cause":"10000000","sr":"2400ff01","dp":"00000008","type":1,"locked":0,"sp_due":"00000000","rsp":"80045dd8","rs":"00000012","rdp":"00000000","next":"80045d78","qvalid":0,"qcapacity":8,"thread":"80068f90","tasks":2}
PDOBS {"n":1007,"ev":"sp_write_before","pc":"80035fd8","count":"7dc5979e","frame":3,"a":"00000400","b":"ffffffff","sp":"000002c3","mi":"00000000","mask":"0000003f","cause":"10000000","sr":"2400ff01","dp":"00000008","type":1,"locked":0,"sp_due":"00000000","rsp":"80045dd8","rs":"00000012","rdp":"00000000","next":"80045d78","qvalid":0,"qcapacity":8,"thread":"80068f90","tasks":2}
PDOBS {"n":1008,"ev":"sp_write_after","pc":"80035fd8","count":"7dc5979e","frame":3,"a":"00000400","b":"ffffffff","sp":"000002c3","mi":"00000000","mask":"0000003f","cause":"10000000","sr":"2400ff01","dp":"00000008","type":1,"locked":0,"sp_due":"00000000","rsp":"80045dd8","rs":"00000012","rdp":"00000000","next":"80045d78","qvalid":0,"qcapacity":8,"thread":"80068f90","tasks":2}
PDOBS {"n":1009,"ev":"sp_write_before","pc":"80035fd8","count":"7dde5888","frame":3,"a":"00000400","b":"ffffffff","sp":"000002c3","mi":"00000000","mask":"0000003f","cause":"10000000","sr":"2400ff01","dp":"00000008","type":1,"locked":0,"sp_due":"00000000","rsp":"80045dd8","rs":"00000012","rdp":"00000000","next":"80045d78","qvalid":0,"qcapacity":8,"thread":"80068f90","tasks":2}
PDOBS {"n":1010,"ev":"sp_write_after","pc":"80035fd8","count":"7dde5888","frame":3,"a":"00000400","b":"ffffffff","sp":"000002c3","mi":"00000000","mask":"0000003f","cause":"10000000","sr":"2400ff01","dp":"00000008","type":1,"locked":0,"sp_due":"00000000","rsp":"80045dd8","rs":"00000012","rdp":"00000000","next":"80045d78","qvalid":0,"qcapacity":8,"thread":"80068f90","tasks":2}
PDOBS {"n":1011,"ev":"sp_write_before","pc":"80035fd8","count":"7df71976","frame":3,"a":"00000400","b":"ffffffff","sp":"000002c3","mi":"00000000","mask":"0000003f","cause":"10000000","sr":"2400ff01","dp":"00000008","type":1,"locked":0,"sp_due":"00000000","rsp":"80045dd8","rs":"00000012","rdp":"00000000","next":"80045d78","qvalid":0,"qcapacity":8,"thread":"80068f90","tasks":2}
PDOBS {"n":1012,"ev":"sp_write_after","pc":"80035fd8","count":"7df71976","frame":3,"a":"00000400","b":"ffffffff","sp":"000002c3","mi":"00000000","mask":"0000003f","cause":"10000000","sr":"2400ff01","dp":"00000008","type":1,"locked":0,"sp_due":"00000000","rsp":"80045dd8","rs":"00000012","rdp":"00000000","next":"80045d78","qvalid":0,"qcapacity":8,"thread":"80068f90","tasks":2}
PDOBS {"n":1013,"ev":"sp_write_before","pc":"80035fd8","count":"7e0fda60","frame":3,"a":"00000400","b":"ffffffff","sp":"000002c3","mi":"00000000","mask":"0000003f","cause":"10000000","sr":"2400ff01","dp":"00000008","type":1,"locked":0,"sp_due":"00000000","rsp":"80045dd8","rs":"00000012","rdp":"00000000","next":"80045d78","qvalid":0,"qcapacity":8,"thread":"80068f90","tasks":2}
PDOBS {"n":1014,"ev":"sp_write_after","pc":"80035fd8","count":"7e0fda60","frame":3,"a":"00000400","b":"ffffffff","sp":"000002c3","mi":"00000000","mask":"0000003f","cause":"10000000","sr":"2400ff01","dp":"00000008","type":1,"locked":0,"sp_due":"00000000","rsp":"80045dd8","rs":"00000012","rdp":"00000000","next":"80045d78","qvalid":0,"qcapacity":8,"thread":"80068f90","tasks":2}
PDOBS {"n":1015,"ev":"sp_write_before","pc":"80035fd8","count":"7e289b46","frame":3,"a":"00000400","b":"ffffffff","sp":"000002c3","mi":"00000000","mask":"0000003f","cause":"10000000","sr":"2400ff01","dp":"00000008","type":1,"locked":0,"sp_due":"00000000","rsp":"80045dd8","rs":"00000012","rdp":"00000000","next":"80045d78","qvalid":0,"qcapacity":8,"thread":"80068f90","tasks":2}
PDOBS {"n":1016,"ev":"sp_write_after","pc":"80035fd8","count":"7e289b46","frame":3,"a":"00000400","b":"ffffffff","sp":"000002c3","mi":"00000000","mask":"0000003f","cause":"10000000","sr":"2400ff01","dp":"00000008","type":1,"locked":0,"sp_due":"00000000","rsp":"80045dd8","rs":"00000012","rdp":"00000000","next":"80045d78","qvalid":0,"qcapacity":8,"thread":"80068f90","tasks":2}
PDOBS {"n":1017,"ev":"sp_write_before","pc":"80035fd8","count":"7e415c30","frame":3,"a":"00000400","b":"ffffffff","sp":"000002c3","mi":"00000000","mask":"0000003f","cause":"10000000","sr":"2400ff01","dp":"00000008","type":1,"locked":0,"sp_due":"00000000","rsp":"80045dd8","rs":"00000012","rdp":"00000000","next":"80045d78","qvalid":0,"qcapacity":8,"thread":"80068f90","tasks":2}
PDOBS {"n":1018,"ev":"sp_write_after","pc":"80035fd8","count":"7e415c30","frame":3,"a":"00000400","b":"ffffffff","sp":"000002c3","mi":"00000000","mask":"0000003f","cause":"10000000","sr":"2400ff01","dp":"00000008","type":1,"locked":0,"sp_due":"00000000","rsp":"80045dd8","rs":"00000012","rdp":"00000000","next":"80045d78","qvalid":0,"qcapacity":8,"thread":"80068f90","tasks":2}
PDOBS {"n":1019,"ev":"sp_write_before","pc":"80035fd8","count":"7e5a1d1e","frame":3,"a":"00000400","b":"ffffffff","sp":"000002c3","mi":"00000000","mask":"0000003f","cause":"10000000","sr":"2400ff01","dp":"00000008","type":1,"locked":0,"sp_due":"00000000","rsp":"80045dd8","rs":"00000012","rdp":"00000000","next":"80045d78","qvalid":0,"qcapacity":8,"thread":"80068f90","tasks":2}
PDOBS {"n":1020,"ev":"sp_write_after","pc":"80035fd8","count":"7e5a1d1e","frame":3,"a":"00000400","b":"ffffffff","sp":"000002c3","mi":"00000000","mask":"0000003f","cause":"10000000","sr":"2400ff01","dp":"00000008","type":1,"locked":0,"sp_due":"00000000","rsp":"80045dd8","rs":"00000012","rdp":"00000000","next":"80045d78","qvalid":0,"qcapacity":8,"thread":"80068f90","tasks":2}
PDOBS {"n":1021,"ev":"sp_write_before","pc":"80035fd8","count":"7e72de04","frame":3,"a":"00000400","b":"ffffffff","sp":"000002c3","mi":"00000000","mask":"0000003f","cause":"10000000","sr":"2400ff01","dp":"00000008","type":1,"locked":0,"sp_due":"00000000","rsp":"80045dd8","rs":"00000012","rdp":"00000000","next":"80045d78","qvalid":0,"qcapacity":8,"thread":"80068f90","tasks":2}
PDOBS {"n":1022,"ev":"sp_write_after","pc":"80035fd8","count":"7e72de04","frame":3,"a":"00000400","b":"ffffffff","sp":"000002c3","mi":"00000000","mask":"0000003f","cause":"10000000","sr":"2400ff01","dp":"00000008","type":1,"locked":0,"sp_due":"00000000","rsp":"80045dd8","rs":"00000012","rdp":"00000000","next":"80045d78","qvalid":0,"qcapacity":8,"thread":"80068f90","tasks":2}
PDOBS {"n":1023,"ev":"sp_write_before","pc":"80035fd8","count":"7e8b9ef2","frame":3,"a":"00000400","b":"ffffffff","sp":"000002c3","mi":"00000000","mask":"0000003f","cause":"10000000","sr":"2400ff01","dp":"00000008","type":1,"locked":0,"sp_due":"00000000","rsp":"80045dd8","rs":"00000012","rdp":"00000000","next":"80045d78","qvalid":0,"qcapacity":8,"thread":"80068f90","tasks":2}
PDOBS {"n":1024,"ev":"sp_write_after","pc":"80035fd8","count":"7e8b9ef2","frame":3,"a":"00000400","b":"ffffffff","sp":"000002c3","mi":"00000000","mask":"0000003f","cause":"10000000","sr":"2400ff01","dp":"00000008","type":1,"locked":0,"sp_due":"00000000","rsp":"80045dd8","rs":"00000012","rdp":"00000000","next":"80045d78","qvalid":0,"qcapacity":8,"thread":"80068f90","tasks":2}
PDOBS {"n":1025,"ev":"sp_write_before","pc":"80035fd8","count":"7ea45fd8","frame":3,"a":"00000400","b":"ffffffff","sp":"000002c3","mi":"00000000","mask":"0000003f","cause":"10000000","sr":"2400ff01","dp":"00000008","type":1,"locked":0,"sp_due":"00000000","rsp":"80045dd8","rs":"00000012","rdp":"00000000","next":"80045d78","qvalid":0,"qcapacity":8,"thread":"80068f90","tasks":2}
PDOBS {"n":1026,"ev":"sp_write_after","pc":"80035fd8","count":"7ea45fd8","frame":3,"a":"00000400","b":"ffffffff","sp":"000002c3","mi":"00000000","mask":"0000003f","cause":"10000000","sr":"2400ff01","dp":"00000008","type":1,"locked":0,"sp_due":"00000000","rsp":"80045dd8","rs":"00000012","rdp":"00000000","next":"80045d78","qvalid":0,"qcapacity":8,"thread":"80068f90","tasks":2}
PDOBS {"n":1027,"ev":"sp_write_before","pc":"80035fd8","count":"7ebd20c6","frame":3,"a":"00000400","b":"ffffffff","sp":"000002c3","mi":"00000000","mask":"0000003f","cause":"10000000","sr":"2400ff01","dp":"00000008","type":1,"locked":0,"sp_due":"00000000","rsp":"80045dd8","rs":"00000012","rdp":"00000000","next":"80045d78","qvalid":0,"qcapacity":8,"thread":"80068f90","tasks":2}
PDOBS {"n":1028,"ev":"sp_write_after","pc":"80035fd8","count":"7ebd20c6","frame":3,"a":"00000400","b":"ffffffff","sp":"000002c3","mi":"00000000","mask":"0000003f","cause":"10000000","sr":"2400ff01","dp":"00000008","type":1,"locked":0,"sp_due":"00000000","rsp":"80045dd8","rs":"00000012","rdp":"00000000","next":"80045d78","qvalid":0,"qcapacity":8,"thread":"80068f90","tasks":2}
PDOBS {"n":1029,"ev":"sp_write_before","pc":"80035fd8","count":"7ed5e1ac","frame":3,"a":"00000400","b":"ffffffff","sp":"000002c3","mi":"00000000","mask":"0000003f","cause":"10000000","sr":"2400ff01","dp":"00000008","type":1,"locked":0,"sp_due":"00000000","rsp":"80045dd8","rs":"00000012","rdp":"00000000","next":"80045d78","qvalid":0,"qcapacity":8,"thread":"80068f90","tasks":2}
PDOBS {"n":1030,"ev":"sp_write_after","pc":"80035fd8","count":"7ed5e1ac","frame":3,"a":"00000400","b":"ffffffff","sp":"000002c3","mi":"00000000","mask":"0000003f","cause":"10000000","sr":"2400ff01","dp":"00000008","type":1,"locked":0,"sp_due":"00000000","rsp":"80045dd8","rs":"00000012","rdp":"00000000","next":"80045d78","qvalid":0,"qcapacity":8,"thread":"80068f90","tasks":2}
PDOBS {"n":1031,"ev":"sp_write_before","pc":"80035fd8","count":"7eeea296","frame":3,"a":"00000400","b":"ffffffff","sp":"000002c3","mi":"00000000","mask":"0000003f","cause":"10000000","sr":"2400ff01","dp":"00000008","type":1,"locked":0,"sp_due":"00000000","rsp":"80045dd8","rs":"00000012","rdp":"00000000","next":"80045d78","qvalid":0,"qcapacity":8,"thread":"80068f90","tasks":2}
PDOBS {"n":1032,"ev":"sp_write_after","pc":"80035fd8","count":"7eeea296","frame":3,"a":"00000400","b":"ffffffff","sp":"000002c3","mi":"00000000","mask":"0000003f","cause":"10000000","sr":"2400ff01","dp":"00000008","type":1,"locked":0,"sp_due":"00000000","rsp":"80045dd8","rs":"00000012","rdp":"00000000","next":"80045d78","qvalid":0,"qcapacity":8,"thread":"80068f90","tasks":2}
PDOBS {"n":1033,"ev":"sp_write_before","pc":"80035fd8","count":"7f076384","frame":3,"a":"00000400","b":"ffffffff","sp":"000002c3","mi":"00000000","mask":"0000003f","cause":"10000000","sr":"2400ff01","dp":"00000008","type":1,"locked":0,"sp_due":"00000000","rsp":"80045dd8","rs":"00000012","rdp":"00000000","next":"80045d78","qvalid":0,"qcapacity":8,"thread":"80068f90","tasks":2}
PDOBS {"n":1034,"ev":"sp_write_after","pc":"80035fd8","count":"7f076384","frame":3,"a":"00000400","b":"ffffffff","sp":"000002c3","mi":"00000000","mask":"0000003f","cause":"10000000","sr":"2400ff01","dp":"00000008","type":1,"locked":0,"sp_due":"00000000","rsp":"80045dd8","rs":"00000012","rdp":"00000000","next":"80045d78","qvalid":0,"qcapacity":8,"thread":"80068f90","tasks":2}
PDOBS {"n":1035,"ev":"sp_write_before","pc":"80035fd8","count":"7f20246e","frame":3,"a":"00000400","b":"ffffffff","sp":"000002c3","mi":"00000000","mask":"0000003f","cause":"10000000","sr":"2400ff01","dp":"00000008","type":1,"locked":0,"sp_due":"00000000","rsp":"80045dd8","rs":"00000012","rdp":"00000000","next":"80045d78","qvalid":0,"qcapacity":8,"thread":"80068f90","tasks":2}
PDOBS {"n":1036,"ev":"sp_write_after","pc":"80035fd8","count":"7f20246e","frame":3,"a":"00000400","b":"ffffffff","sp":"000002c3","mi":"00000000","mask":"0000003f","cause":"10000000","sr":"2400ff01","dp":"00000008","type":1,"locked":0,"sp_due":"00000000","rsp":"80045dd8","rs":"00000012","rdp":"00000000","next":"80045d78","qvalid":0,"qcapacity":8,"thread":"80068f90","tasks":2}
PDOBS {"n":1037,"ev":"sp_write_before","pc":"80035fd8","count":"7f38e554","frame":3,"a":"00000400","b":"ffffffff","sp":"000002c3","mi":"00000000","mask":"0000003f","cause":"10000000","sr":"2400ff01","dp":"00000008","type":1,"locked":0,"sp_due":"00000000","rsp":"80045dd8","rs":"00000012","rdp":"00000000","next":"80045d78","qvalid":0,"qcapacity":8,"thread":"80068f90","tasks":2}
PDOBS {"n":1038,"ev":"sp_write_after","pc":"80035fd8","count":"7f38e554","frame":3,"a":"00000400","b":"ffffffff","sp":"000002c3","mi":"00000000","mask":"0000003f","cause":"10000000","sr":"2400ff01","dp":"00000008","type":1,"locked":0,"sp_due":"00000000","rsp":"80045dd8","rs":"00000012","rdp":"00000000","next":"80045d78","qvalid":0,"qcapacity":8,"thread":"80068f90","tasks":2}
PDOBS {"n":1039,"ev":"sp_write_before","pc":"80035fd8","count":"7f51a63e","frame":3,"a":"00000400","b":"ffffffff","sp":"000002c3","mi":"00000000","mask":"0000003f","cause":"10000000","sr":"2400ff01","dp":"00000008","type":1,"locked":0,"sp_due":"00000000","rsp":"80045dd8","rs":"00000012","rdp":"00000000","next":"80045d78","qvalid":0,"qcapacity":8,"thread":"80068f90","tasks":2}
PDOBS {"n":1040,"ev":"sp_write_after","pc":"80035fd8","count":"7f51a63e","frame":3,"a":"00000400","b":"ffffffff","sp":"000002c3","mi":"00000000","mask":"0000003f","cause":"10000000","sr":"2400ff01","dp":"00000008","type":1,"locked":0,"sp_due":"00000000","rsp":"80045dd8","rs":"00000012","rdp":"00000000","next":"80045d78","qvalid":0,"qcapacity":8,"thread":"80068f90","tasks":2}
PDOBS {"n":1041,"ev":"sp_write_before","pc":"80035fd8","count":"7f6a6728","frame":3,"a":"00000400","b":"ffffffff","sp":"000002c3","mi":"00000000","mask":"0000003f","cause":"10000000","sr":"2400ff01","dp":"00000008","type":1,"locked":0,"sp_due":"00000000","rsp":"80045dd8","rs":"00000012","rdp":"00000000","next":"80045d78","qvalid":0,"qcapacity":8,"thread":"80068f90","tasks":2}
PDOBS {"n":1042,"ev":"sp_write_after","pc":"80035fd8","count":"7f6a6728","frame":3,"a":"00000400","b":"ffffffff","sp":"000002c3","mi":"00000000","mask":"0000003f","cause":"10000000","sr":"2400ff01","dp":"00000008","type":1,"locked":0,"sp_due":"00000000","rsp":"80045dd8","rs":"00000012","rdp":"00000000","next":"80045d78","qvalid":0,"qcapacity":8,"thread":"80068f90","tasks":2}
PDOBS {"n":1043,"ev":"sp_write_before","pc":"80035fd8","count":"7f83281a","frame":3,"a":"00000400","b":"ffffffff","sp":"000002c3","mi":"00000000","mask":"0000003f","cause":"10000000","sr":"2400ff01","dp":"00000008","type":1,"locked":0,"sp_due":"00000000","rsp":"80045dd8","rs":"00000012","rdp":"00000000","next":"80045d78","qvalid":0,"qcapacity":8,"thread":"80068f90","tasks":2}
PDOBS {"n":1044,"ev":"sp_write_after","pc":"80035fd8","count":"7f83281a","frame":3,"a":"00000400","b":"ffffffff","sp":"000002c3","mi":"00000000","mask":"0000003f","cause":"10000000","sr":"2400ff01","dp":"00000008","type":1,"locked":0,"sp_due":"00000000","rsp":"80045dd8","rs":"00000012","rdp":"00000000","next":"80045d78","qvalid":0,"qcapacity":8,"thread":"80068f90","tasks":2}
PDOBS {"n":1045,"ev":"sp_write_before","pc":"80035fd8","count":"7f9be8fc","frame":3,"a":"00000400","b":"ffffffff","sp":"000002c3","mi":"00000000","mask":"0000003f","cause":"10000000","sr":"2400ff01","dp":"00000008","type":1,"locked":0,"sp_due":"00000000","rsp":"80045dd8","rs":"00000012","rdp":"00000000","next":"80045d78","qvalid":0,"qcapacity":8,"thread":"80068f90","tasks":2}
PDOBS {"n":1046,"ev":"sp_write_after","pc":"80035fd8","count":"7f9be8fc","frame":3,"a":"00000400","b":"ffffffff","sp":"000002c3","mi":"00000000","mask":"0000003f","cause":"10000000","sr":"2400ff01","dp":"00000008","type":1,"locked":0,"sp_due":"00000000","rsp":"80045dd8","rs":"00000012","rdp":"00000000","next":"80045d78","qvalid":0,"qcapacity":8,"thread":"80068f90","tasks":2}
PDOBS {"n":1047,"ev":"sp_write_before","pc":"80035fd8","count":"7fb4a9e6","frame":3,"a":"00000400","b":"ffffffff","sp":"000002c3","mi":"00000000","mask":"0000003f","cause":"10000000","sr":"2400ff01","dp":"00000008","type":1,"locked":0,"sp_due":"00000000","rsp":"80045dd8","rs":"00000012","rdp":"00000000","next":"80045d78","qvalid":0,"qcapacity":8,"thread":"80068f90","tasks":2}
PDOBS {"n":1048,"ev":"sp_write_after","pc":"80035fd8","count":"7fb4a9e6","frame":3,"a":"00000400","b":"ffffffff","sp":"000002c3","mi":"00000000","mask":"0000003f","cause":"10000000","sr":"2400ff01","dp":"00000008","type":1,"locked":0,"sp_due":"00000000","rsp":"80045dd8","rs":"00000012","rdp":"00000000","next":"80045d78","qvalid":0,"qcapacity":8,"thread":"80068f90","tasks":2}
PDOBS {"n":1049,"ev":"sp_write_before","pc":"80035fd8","count":"7fcd6ad0","frame":3,"a":"00000400","b":"ffffffff","sp":"000002c3","mi":"00000000","mask":"0000003f","cause":"10000000","sr":"2400ff01","dp":"00000008","type":1,"locked":0,"sp_due":"00000000","rsp":"80045dd8","rs":"00000012","rdp":"00000000","next":"80045d78","qvalid":0,"qcapacity":8,"thread":"80068f90","tasks":2}
PDOBS {"n":1050,"ev":"sp_write_after","pc":"80035fd8","count":"7fcd6ad0","frame":3,"a":"00000400","b":"ffffffff","sp":"000002c3","mi":"00000000","mask":"0000003f","cause":"10000000","sr":"2400ff01","dp":"00000008","type":1,"locked":0,"sp_due":"00000000","rsp":"80045dd8","rs":"00000012","rdp":"00000000","next":"80045d78","qvalid":0,"qcapacity":8,"thread":"80068f90","tasks":2}
PDOBS {"n":1051,"ev":"sp_write_before","pc":"80035fd8","count":"7fe62bbe","frame":3,"a":"00000400","b":"ffffffff","sp":"000002c3","mi":"00000000","mask":"0000003f","cause":"10000000","sr":"2400ff01","dp":"00000008","type":1,"locked":0,"sp_due":"00000000","rsp":"80045dd8","rs":"00000012","rdp":"00000000","next":"80045d78","qvalid":0,"qcapacity":8,"thread":"80068f90","tasks":2}
PDOBS {"n":1052,"ev":"sp_write_after","pc":"80035fd8","count":"7fe62bbe","frame":3,"a":"00000400","b":"ffffffff","sp":"000002c3","mi":"00000000","mask":"0000003f","cause":"10000000","sr":"2400ff01","dp":"00000008","type":1,"locked":0,"sp_due":"00000000","rsp":"80045dd8","rs":"00000012","rdp":"00000000","next":"80045d78","qvalid":0,"qcapacity":8,"thread":"80068f90","tasks":2}
PDOBS {"n":1053,"ev":"sp_write_before","pc":"80035fd8","count":"7ffeeca8","frame":3,"a":"00000400","b":"ffffffff","sp":"000002c3","mi":"00000000","mask":"0000003f","cause":"10000000","sr":"2400ff01","dp":"00000008","type":1,"locked":0,"sp_due":"00000000","rsp":"80045dd8","rs":"00000012","rdp":"00000000","next":"80045d78","qvalid":0,"qcapacity":8,"thread":"80068f90","tasks":2}
PDOBS {"n":1054,"ev":"sp_write_after","pc":"80035fd8","count":"7ffeeca8","frame":3,"a":"00000400","b":"ffffffff","sp":"000002c3","mi":"00000000","mask":"0000003f","cause":"10000000","sr":"2400ff01","dp":"00000008","type":1,"locked":0,"sp_due":"00000000","rsp":"80045dd8","rs":"00000012","rdp":"00000000","next":"80045d78","qvalid":0,"qcapacity":8,"thread":"80068f90","tasks":2}
PDOBS {"n":1055,"ev":"sp_write_before","pc":"80035fd8","count":"8017ad8e","frame":3,"a":"00000400","b":"ffffffff","sp":"000002c3","mi":"00000000","mask":"0000003f","cause":"10000000","sr":"2400ff01","dp":"00000008","type":1,"locked":0,"sp_due":"00000000","rsp":"80045dd8","rs":"00000012","rdp":"00000000","next":"80045d78","qvalid":0,"qcapacity":8,"thread":"80068f90","tasks":2}
PDOBS {"n":1056,"ev":"sp_write_after","pc":"80035fd8","count":"8017ad8e","frame":3,"a":"00000400","b":"ffffffff","sp":"000002c3","mi":"00000000","mask":"0000003f","cause":"10000000","sr":"2400ff01","dp":"00000008","type":1,"locked":0,"sp_due":"00000000","rsp":"80045dd8","rs":"00000012","rdp":"00000000","next":"80045d78","qvalid":0,"qcapacity":8,"thread":"80068f90","tasks":2}
PDOBS {"n":1057,"ev":"sp_write_before","pc":"80035fd8","count":"80306e78","frame":3,"a":"00000400","b":"ffffffff","sp":"000002c3","mi":"00000000","mask":"0000003f","cause":"10000000","sr":"2400ff01","dp":"00000008","type":1,"locked":0,"sp_due":"00000000","rsp":"80045dd8","rs":"00000012","rdp":"00000000","next":"80045d78","qvalid":0,"qcapacity":8,"thread":"80068f90","tasks":2}
PDOBS {"n":1058,"ev":"sp_write_after","pc":"80035fd8","count":"80306e78","frame":3,"a":"00000400","b":"ffffffff","sp":"000002c3","mi":"00000000","mask":"0000003f","cause":"10000000","sr":"2400ff01","dp":"00000008","type":1,"locked":0,"sp_due":"00000000","rsp":"80045dd8","rs":"00000012","rdp":"00000000","next":"80045d78","qvalid":0,"qcapacity":8,"thread":"80068f90","tasks":2}
PDOBS {"n":1059,"ev":"sp_write_before","pc":"80035fd8","count":"80492f66","frame":3,"a":"00000400","b":"ffffffff","sp":"000002c3","mi":"00000000","mask":"0000003f","cause":"10000000","sr":"2400ff01","dp":"00000008","type":1,"locked":0,"sp_due":"00000000","rsp":"80045dd8","rs":"00000012","rdp":"00000000","next":"80045d78","qvalid":0,"qcapacity":8,"thread":"80068f90","tasks":2}
PDOBS {"n":1060,"ev":"sp_write_after","pc":"80035fd8","count":"80492f66","frame":3,"a":"00000400","b":"ffffffff","sp":"000002c3","mi":"00000000","mask":"0000003f","cause":"10000000","sr":"2400ff01","dp":"00000008","type":1,"locked":0,"sp_due":"00000000","rsp":"80045dd8","rs":"00000012","rdp":"00000000","next":"80045d78","qvalid":0,"qcapacity":8,"thread":"80068f90","tasks":2}
PDOBS {"n":1061,"ev":"sp_write_before","pc":"80035fd8","count":"8061f04c","frame":3,"a":"00000400","b":"ffffffff","sp":"000002c3","mi":"00000000","mask":"0000003f","cause":"10000000","sr":"2400ff01","dp":"00000008","type":1,"locked":0,"sp_due":"00000000","rsp":"80045dd8","rs":"00000012","rdp":"00000000","next":"80045d78","qvalid":0,"qcapacity":8,"thread":"80068f90","tasks":2}
PDOBS {"n":1062,"ev":"sp_write_after","pc":"80035fd8","count":"8061f04c","frame":3,"a":"00000400","b":"ffffffff","sp":"000002c3","mi":"00000000","mask":"0000003f","cause":"10000000","sr":"2400ff01","dp":"00000008","type":1,"locked":0,"sp_due":"00000000","rsp":"80045dd8","rs":"00000012","rdp":"00000000","next":"80045d78","qvalid":0,"qcapacity":8,"thread":"80068f90","tasks":2}
PDOBS {"n":1063,"ev":"sp_write_before","pc":"80035fd8","count":"807ab13a","frame":3,"a":"00000400","b":"ffffffff","sp":"000002c3","mi":"00000000","mask":"0000003f","cause":"10000000","sr":"2400ff01","dp":"00000008","type":1,"locked":0,"sp_due":"00000000","rsp":"80045dd8","rs":"00000012","rdp":"00000000","next":"80045d78","qvalid":0,"qcapacity":8,"thread":"80068f90","tasks":2}
PDOBS {"n":1064,"ev":"sp_write_after","pc":"80035fd8","count":"807ab13a","frame":3,"a":"00000400","b":"ffffffff","sp":"000002c3","mi":"00000000","mask":"0000003f","cause":"10000000","sr":"2400ff01","dp":"00000008","type":1,"locked":0,"sp_due":"00000000","rsp":"80045dd8","rs":"00000012","rdp":"00000000","next":"80045d78","qvalid":0,"qcapacity":8,"thread":"80068f90","tasks":2}
PDOBS {"n":1065,"ev":"sp_write_before","pc":"80035fd8","count":"80937220","frame":3,"a":"00000400","b":"ffffffff","sp":"000002c3","mi":"00000000","mask":"0000003f","cause":"10000000","sr":"2400ff01","dp":"00000008","type":1,"locked":0,"sp_due":"00000000","rsp":"80045dd8","rs":"00000012","rdp":"00000000","next":"80045d78","qvalid":0,"qcapacity":8,"thread":"80068f90","tasks":2}
PDOBS {"n":1066,"ev":"sp_write_after","pc":"80035fd8","count":"80937220","frame":3,"a":"00000400","b":"ffffffff","sp":"000002c3","mi":"00000000","mask":"0000003f","cause":"10000000","sr":"2400ff01","dp":"00000008","type":1,"locked":0,"sp_due":"00000000","rsp":"80045dd8","rs":"00000012","rdp":"00000000","next":"80045d78","qvalid":0,"qcapacity":8,"thread":"80068f90","tasks":2}
PDOBS {"n":1067,"ev":"sp_write_before","pc":"80035fd8","count":"80ac330e","frame":3,"a":"00000400","b":"ffffffff","sp":"000002c3","mi":"00000000","mask":"0000003f","cause":"10000000","sr":"2400ff01","dp":"00000008","type":1,"locked":0,"sp_due":"00000000","rsp":"80045dd8","rs":"00000012","rdp":"00000000","next":"80045d78","qvalid":0,"qcapacity":8,"thread":"80068f90","tasks":2}
PDOBS {"n":1068,"ev":"sp_write_after","pc":"80035fd8","count":"80ac330e","frame":3,"a":"00000400","b":"ffffffff","sp":"000002c3","mi":"00000000","mask":"0000003f","cause":"10000000","sr":"2400ff01","dp":"00000008","type":1,"locked":0,"sp_due":"00000000","rsp":"80045dd8","rs":"00000012","rdp":"00000000","next":"80045d78","qvalid":0,"qcapacity":8,"thread":"80068f90","tasks":2}
PDOBS {"n":1069,"ev":"sp_write_before","pc":"80035fd8","count":"80c4f3f4","frame":3,"a":"00000400","b":"ffffffff","sp":"000002c3","mi":"00000000","mask":"0000003f","cause":"10000000","sr":"2400ff01","dp":"00000008","type":1,"locked":0,"sp_due":"00000000","rsp":"80045dd8","rs":"00000012","rdp":"00000000","next":"80045d78","qvalid":0,"qcapacity":8,"thread":"80068f90","tasks":2}
PDOBS {"n":1070,"ev":"sp_write_after","pc":"80035fd8","count":"80c4f3f4","frame":3,"a":"00000400","b":"ffffffff","sp":"000002c3","mi":"00000000","mask":"0000003f","cause":"10000000","sr":"2400ff01","dp":"00000008","type":1,"locked":0,"sp_due":"00000000","rsp":"80045dd8","rs":"00000012","rdp":"00000000","next":"80045d78","qvalid":0,"qcapacity":8,"thread":"80068f90","tasks":2}
PDOBS {"n":1071,"ev":"sp_write_before","pc":"80035fd8","count":"80ddb4de","frame":3,"a":"00000400","b":"ffffffff","sp":"000002c3","mi":"00000000","mask":"0000003f","cause":"10000000","sr":"2400ff01","dp":"00000008","type":1,"locked":0,"sp_due":"00000000","rsp":"80045dd8","rs":"00000012","rdp":"00000000","next":"80045d78","qvalid":0,"qcapacity":8,"thread":"80068f90","tasks":2}
PDOBS {"n":1072,"ev":"sp_write_after","pc":"80035fd8","count":"80ddb4de","frame":3,"a":"00000400","b":"ffffffff","sp":"000002c3","mi":"00000000","mask":"0000003f","cause":"10000000","sr":"2400ff01","dp":"00000008","type":1,"locked":0,"sp_due":"00000000","rsp":"80045dd8","rs":"00000012","rdp":"00000000","next":"80045d78","qvalid":0,"qcapacity":8,"thread":"80068f90","tasks":2}
PDOBS {"n":1073,"ev":"sp_write_before","pc":"80035fd8","count":"80f675cc","frame":3,"a":"00000400","b":"ffffffff","sp":"000002c3","mi":"00000000","mask":"0000003f","cause":"10000000","sr":"2400ff01","dp":"00000008","type":1,"locked":0,"sp_due":"00000000","rsp":"80045dd8","rs":"00000012","rdp":"00000000","next":"80045d78","qvalid":0,"qcapacity":8,"thread":"80068f90","tasks":2}
PDOBS {"n":1074,"ev":"sp_write_after","pc":"80035fd8","count":"80f675cc","frame":3,"a":"00000400","b":"ffffffff","sp":"000002c3","mi":"00000000","mask":"0000003f","cause":"10000000","sr":"2400ff01","dp":"00000008","type":1,"locked":0,"sp_due":"00000000","rsp":"80045dd8","rs":"00000012","rdp":"00000000","next":"80045d78","qvalid":0,"qcapacity":8,"thread":"80068f90","tasks":2}
PDOBS {"n":1075,"ev":"sp_write_before","pc":"80035fd8","count":"810f36b6","frame":3,"a":"00000400","b":"ffffffff","sp":"000002c3","mi":"00000000","mask":"0000003f","cause":"10000000","sr":"2400ff01","dp":"00000008","type":1,"locked":0,"sp_due":"00000000","rsp":"80045dd8","rs":"00000012","rdp":"00000000","next":"80045d78","qvalid":0,"qcapacity":8,"thread":"80068f90","tasks":2}
PDOBS {"n":1076,"ev":"sp_write_after","pc":"80035fd8","count":"810f36b6","frame":3,"a":"00000400","b":"ffffffff","sp":"000002c3","mi":"00000000","mask":"0000003f","cause":"10000000","sr":"2400ff01","dp":"00000008","type":1,"locked":0,"sp_due":"00000000","rsp":"80045dd8","rs":"00000012","rdp":"00000000","next":"80045d78","qvalid":0,"qcapacity":8,"thread":"80068f90","tasks":2}
PDOBS {"n":1077,"ev":"sp_write_before","pc":"80035fd8","count":"8127f79c","frame":3,"a":"00000400","b":"ffffffff","sp":"000002c3","mi":"00000000","mask":"0000003f","cause":"10000000","sr":"2400ff01","dp":"00000008","type":1,"locked":0,"sp_due":"00000000","rsp":"80045dd8","rs":"00000012","rdp":"00000000","next":"80045d78","qvalid":0,"qcapacity":8,"thread":"80068f90","tasks":2}
PDOBS {"n":1078,"ev":"sp_write_after","pc":"80035fd8","count":"8127f79c","frame":3,"a":"00000400","b":"ffffffff","sp":"000002c3","mi":"00000000","mask":"0000003f","cause":"10000000","sr":"2400ff01","dp":"00000008","type":1,"locked":0,"sp_due":"00000000","rsp":"80045dd8","rs":"00000012","rdp":"00000000","next":"80045d78","qvalid":0,"qcapacity":8,"thread":"80068f90","tasks":2}
PDOBS {"n":1079,"ev":"sp_write_before","pc":"80035fd8","count":"8140b886","frame":3,"a":"00000400","b":"ffffffff","sp":"000002c3","mi":"00000000","mask":"0000003f","cause":"10000000","sr":"2400ff01","dp":"00000008","type":1,"locked":0,"sp_due":"00000000","rsp":"80045dd8","rs":"00000012","rdp":"00000000","next":"80045d78","qvalid":0,"qcapacity":8,"thread":"80068f90","tasks":2}
PDOBS {"n":1080,"ev":"sp_write_after","pc":"80035fd8","count":"8140b886","frame":3,"a":"00000400","b":"ffffffff","sp":"000002c3","mi":"00000000","mask":"0000003f","cause":"10000000","sr":"2400ff01","dp":"00000008","type":1,"locked":0,"sp_due":"00000000","rsp":"80045dd8","rs":"00000012","rdp":"00000000","next":"80045d78","qvalid":0,"qcapacity":8,"thread":"80068f90","tasks":2}
PDOBS {"n":1081,"ev":"sp_write_before","pc":"80035fd8","count":"81597970","frame":3,"a":"00000400","b":"ffffffff","sp":"000002c3","mi":"00000000","mask":"0000003f","cause":"10000000","sr":"2400ff01","dp":"00000008","type":1,"locked":0,"sp_due":"00000000","rsp":"80045dd8","rs":"00000012","rdp":"00000000","next":"80045d78","qvalid":0,"qcapacity":8,"thread":"80068f90","tasks":2}
PDOBS {"n":1082,"ev":"sp_write_after","pc":"80035fd8","count":"81597970","frame":3,"a":"00000400","b":"ffffffff","sp":"000002c3","mi":"00000000","mask":"0000003f","cause":"10000000","sr":"2400ff01","dp":"00000008","type":1,"locked":0,"sp_due":"00000000","rsp":"80045dd8","rs":"00000012","rdp":"00000000","next":"80045d78","qvalid":0,"qcapacity":8,"thread":"80068f90","tasks":2}
PDOBS {"n":1083,"ev":"sp_write_before","pc":"80035fd8","count":"81723a62","frame":3,"a":"00000400","b":"ffffffff","sp":"000002c3","mi":"00000000","mask":"0000003f","cause":"10000000","sr":"2400ff01","dp":"00000008","type":1,"locked":0,"sp_due":"00000000","rsp":"80045dd8","rs":"00000012","rdp":"00000000","next":"80045d78","qvalid":0,"qcapacity":8,"thread":"80068f90","tasks":2}
PDOBS {"n":1084,"ev":"sp_write_after","pc":"80035fd8","count":"81723a62","frame":3,"a":"00000400","b":"ffffffff","sp":"000002c3","mi":"00000000","mask":"0000003f","cause":"10000000","sr":"2400ff01","dp":"00000008","type":1,"locked":0,"sp_due":"00000000","rsp":"80045dd8","rs":"00000012","rdp":"00000000","next":"80045d78","qvalid":0,"qcapacity":8,"thread":"80068f90","tasks":2}
PDOBS {"n":1085,"ev":"sp_write_before","pc":"80035fd8","count":"818afb44","frame":3,"a":"00000400","b":"ffffffff","sp":"000002c3","mi":"00000000","mask":"0000003f","cause":"10000000","sr":"2400ff01","dp":"00000008","type":1,"locked":0,"sp_due":"00000000","rsp":"80045dd8","rs":"00000012","rdp":"00000000","next":"80045d78","qvalid":0,"qcapacity":8,"thread":"80068f90","tasks":2}
PDOBS {"n":1086,"ev":"sp_write_after","pc":"80035fd8","count":"818afb44","frame":3,"a":"00000400","b":"ffffffff","sp":"000002c3","mi":"00000000","mask":"0000003f","cause":"10000000","sr":"2400ff01","dp":"00000008","type":1,"locked":0,"sp_due":"00000000","rsp":"80045dd8","rs":"00000012","rdp":"00000000","next":"80045d78","qvalid":0,"qcapacity":8,"thread":"80068f90","tasks":2}
PDOBS {"n":1087,"ev":"sp_write_before","pc":"80035fd8","count":"81a3bc2e","frame":3,"a":"00000400","b":"ffffffff","sp":"000002c3","mi":"00000000","mask":"0000003f","cause":"10000000","sr":"2400ff01","dp":"00000008","type":1,"locked":0,"sp_due":"00000000","rsp":"80045dd8","rs":"00000012","rdp":"00000000","next":"80045d78","qvalid":0,"qcapacity":8,"thread":"80068f90","tasks":2}
PDOBS {"n":1088,"ev":"sp_write_after","pc":"80035fd8","count":"81a3bc2e","frame":3,"a":"00000400","b":"ffffffff","sp":"000002c3","mi":"00000000","mask":"0000003f","cause":"10000000","sr":"2400ff01","dp":"00000008","type":1,"locked":0,"sp_due":"00000000","rsp":"80045dd8","rs":"00000012","rdp":"00000000","next":"80045d78","qvalid":0,"qcapacity":8,"thread":"80068f90","tasks":2}
PDOBS {"n":1089,"ev":"sp_write_before","pc":"80035fd8","count":"81bc7d18","frame":3,"a":"00000400","b":"ffffffff","sp":"000002c3","mi":"00000000","mask":"0000003f","cause":"10000000","sr":"2400ff01","dp":"00000008","type":1,"locked":0,"sp_due":"00000000","rsp":"80045dd8","rs":"00000012","rdp":"00000000","next":"80045d78","qvalid":0,"qcapacity":8,"thread":"80068f90","tasks":2}
PDOBS {"n":1090,"ev":"sp_write_after","pc":"80035fd8","count":"81bc7d18","frame":3,"a":"00000400","b":"ffffffff","sp":"000002c3","mi":"00000000","mask":"0000003f","cause":"10000000","sr":"2400ff01","dp":"00000008","type":1,"locked":0,"sp_due":"00000000","rsp":"80045dd8","rs":"00000012","rdp":"00000000","next":"80045d78","qvalid":0,"qcapacity":8,"thread":"80068f90","tasks":2}
PDOBS {"n":1091,"ev":"sp_write_before","pc":"80035fd8","count":"81d53e06","frame":3,"a":"00000400","b":"ffffffff","sp":"000002c3","mi":"00000000","mask":"0000003f","cause":"10000000","sr":"2400ff01","dp":"00000008","type":1,"locked":0,"sp_due":"00000000","rsp":"80045dd8","rs":"00000012","rdp":"00000000","next":"80045d78","qvalid":0,"qcapacity":8,"thread":"80068f90","tasks":2}
PDOBS {"n":1092,"ev":"sp_write_after","pc":"80035fd8","count":"81d53e06","frame":3,"a":"00000400","b":"ffffffff","sp":"000002c3","mi":"00000000","mask":"0000003f","cause":"10000000","sr":"2400ff01","dp":"00000008","type":1,"locked":0,"sp_due":"00000000","rsp":"80045dd8","rs":"00000012","rdp":"00000000","next":"80045d78","qvalid":0,"qcapacity":8,"thread":"80068f90","tasks":2}
PDOBS {"n":1093,"ev":"sp_write_before","pc":"80035fd8","count":"81edfef0","frame":3,"a":"00000400","b":"ffffffff","sp":"000002c3","mi":"00000000","mask":"0000003f","cause":"10000000","sr":"2400ff01","dp":"00000008","type":1,"locked":0,"sp_due":"00000000","rsp":"80045dd8","rs":"00000012","rdp":"00000000","next":"80045d78","qvalid":0,"qcapacity":8,"thread":"80068f90","tasks":2}
PDOBS {"n":1094,"ev":"sp_write_after","pc":"80035fd8","count":"81edfef0","frame":3,"a":"00000400","b":"ffffffff","sp":"000002c3","mi":"00000000","mask":"0000003f","cause":"10000000","sr":"2400ff01","dp":"00000008","type":1,"locked":0,"sp_due":"00000000","rsp":"80045dd8","rs":"00000012","rdp":"00000000","next":"80045d78","qvalid":0,"qcapacity":8,"thread":"80068f90","tasks":2}
PDOBS {"n":1095,"ev":"sp_write_before","pc":"80035fd8","count":"8206bfd6","frame":3,"a":"00000400","b":"ffffffff","sp":"000002c3","mi":"00000000","mask":"0000003f","cause":"10000000","sr":"2400ff01","dp":"00000008","type":1,"locked":0,"sp_due":"00000000","rsp":"80045dd8","rs":"00000012","rdp":"00000000","next":"80045d78","qvalid":0,"qcapacity":8,"thread":"80068f90","tasks":2}
PDOBS {"n":1096,"ev":"sp_write_after","pc":"80035fd8","count":"8206bfd6","frame":3,"a":"00000400","b":"ffffffff","sp":"000002c3","mi":"00000000","mask":"0000003f","cause":"10000000","sr":"2400ff01","dp":"00000008","type":1,"locked":0,"sp_due":"00000000","rsp":"80045dd8","rs":"00000012","rdp":"00000000","next":"80045d78","qvalid":0,"qcapacity":8,"thread":"80068f90","tasks":2}
PDOBS {"n":1097,"ev":"sp_write_before","pc":"80035fd8","count":"821f80c0","frame":3,"a":"00000400","b":"ffffffff","sp":"000002c3","mi":"00000000","mask":"0000003f","cause":"10000000","sr":"2400ff01","dp":"00000008","type":1,"locked":0,"sp_due":"00000000","rsp":"80045dd8","rs":"00000012","rdp":"00000000","next":"80045d78","qvalid":0,"qcapacity":8,"thread":"80068f90","tasks":2}
PDOBS {"n":1098,"ev":"sp_write_after","pc":"80035fd8","count":"821f80c0","frame":3,"a":"00000400","b":"ffffffff","sp":"000002c3","mi":"00000000","mask":"0000003f","cause":"10000000","sr":"2400ff01","dp":"00000008","type":1,"locked":0,"sp_due":"00000000","rsp":"80045dd8","rs":"00000012","rdp":"00000000","next":"80045d78","qvalid":0,"qcapacity":8,"thread":"80068f90","tasks":2}
PDOBS {"n":1099,"ev":"sp_write_before","pc":"80035fd8","count":"823841ae","frame":3,"a":"00000400","b":"ffffffff","sp":"000002c3","mi":"00000000","mask":"0000003f","cause":"10000000","sr":"2400ff01","dp":"00000008","type":1,"locked":0,"sp_due":"00000000","rsp":"80045dd8","rs":"00000012","rdp":"00000000","next":"80045d78","qvalid":0,"qcapacity":8,"thread":"80068f90","tasks":2}
PDOBS {"n":1100,"ev":"sp_write_after","pc":"80035fd8","count":"823841ae","frame":3,"a":"00000400","b":"ffffffff","sp":"000002c3","mi":"00000000","mask":"0000003f","cause":"10000000","sr":"2400ff01","dp":"00000008","type":1,"locked":0,"sp_due":"00000000","rsp":"80045dd8","rs":"00000012","rdp":"00000000","next":"80045d78","qvalid":0,"qcapacity":8,"thread":"80068f90","tasks":2}
PDOBS {"n":1101,"ev":"sp_write_before","pc":"80035fd8","count":"82510294","frame":3,"a":"00000400","b":"ffffffff","sp":"000002c3","mi":"00000000","mask":"0000003f","cause":"10000000","sr":"2400ff01","dp":"00000008","type":1,"locked":0,"sp_due":"00000000","rsp":"80045dd8","rs":"00000012","rdp":"00000000","next":"80045d78","qvalid":0,"qcapacity":8,"thread":"80068f90","tasks":2}
PDOBS {"n":1102,"ev":"sp_write_after","pc":"80035fd8","count":"82510294","frame":3,"a":"00000400","b":"ffffffff","sp":"000002c3","mi":"00000000","mask":"0000003f","cause":"10000000","sr":"2400ff01","dp":"00000008","type":1,"locked":0,"sp_due":"00000000","rsp":"80045dd8","rs":"00000012","rdp":"00000000","next":"80045d78","qvalid":0,"qcapacity":8,"thread":"80068f90","tasks":2}
PDOBS {"n":1103,"ev":"sp_write_before","pc":"80035fd8","count":"8269c382","frame":3,"a":"00000400","b":"ffffffff","sp":"000002c3","mi":"00000000","mask":"0000003f","cause":"10000000","sr":"2400ff01","dp":"00000008","type":1,"locked":0,"sp_due":"00000000","rsp":"80045dd8","rs":"00000012","rdp":"00000000","next":"80045d78","qvalid":0,"qcapacity":8,"thread":"80068f90","tasks":2}
PDOBS {"n":1104,"ev":"sp_write_after","pc":"80035fd8","count":"8269c382","frame":3,"a":"00000400","b":"ffffffff","sp":"000002c3","mi":"00000000","mask":"0000003f","cause":"10000000","sr":"2400ff01","dp":"00000008","type":1,"locked":0,"sp_due":"00000000","rsp":"80045dd8","rs":"00000012","rdp":"00000000","next":"80045d78","qvalid":0,"qcapacity":8,"thread":"80068f90","tasks":2}
PDOBS {"n":1105,"ev":"sp_write_before","pc":"80035fd8","count":"82828468","frame":3,"a":"00000400","b":"ffffffff","sp":"000002c3","mi":"00000000","mask":"0000003f","cause":"10000000","sr":"2400ff01","dp":"00000008","type":1,"locked":0,"sp_due":"00000000","rsp":"80045dd8","rs":"00000012","rdp":"00000000","next":"80045d78","qvalid":0,"qcapacity":8,"thread":"80068f90","tasks":2}
PDOBS {"n":1106,"ev":"sp_write_after","pc":"80035fd8","count":"82828468","frame":3,"a":"00000400","b":"ffffffff","sp":"000002c3","mi":"00000000","mask":"0000003f","cause":"10000000","sr":"2400ff01","dp":"00000008","type":1,"locked":0,"sp_due":"00000000","rsp":"80045dd8","rs":"00000012","rdp":"00000000","next":"80045d78","qvalid":0,"qcapacity":8,"thread":"80068f90","tasks":2}
FRAME 1800 video=453 640x480 seconds=53.5
PDOBS {"n":1107,"ev":"sp_write_before","pc":"80035fd8","count":"829b4556","frame":3,"a":"00000400","b":"ffffffff","sp":"000002c3","mi":"00000000","mask":"0000003f","cause":"10000000","sr":"2400ff01","dp":"00000008","type":1,"locked":0,"sp_due":"00000000","rsp":"80045dd8","rs":"00000012","rdp":"00000000","next":"80045d78","qvalid":0,"qcapacity":8,"thread":"80068f90","tasks":2}
PDOBS {"n":1108,"ev":"sp_write_after","pc":"80035fd8","count":"829b4556","frame":3,"a":"00000400","b":"ffffffff","sp":"000002c3","mi":"00000000","mask":"0000003f","cause":"10000000","sr":"2400ff01","dp":"00000008","type":1,"locked":0,"sp_due":"00000000","rsp":"80045dd8","rs":"00000012","rdp":"00000000","next":"80045d78","qvalid":0,"qcapacity":8,"thread":"80068f90","tasks":2}
PDOBS {"n":1109,"ev":"sp_write_before","pc":"80035fd8","count":"82b4063c","frame":3,"a":"00000400","b":"ffffffff","sp":"000002c3","mi":"00000000","mask":"0000003f","cause":"10000000","sr":"2400ff01","dp":"00000008","type":1,"locked":0,"sp_due":"00000000","rsp":"80045dd8","rs":"00000012","rdp":"00000000","next":"80045d78","qvalid":0,"qcapacity":8,"thread":"80068f90","tasks":2}
PDOBS {"n":1110,"ev":"sp_write_after","pc":"80035fd8","count":"82b4063c","frame":3,"a":"00000400","b":"ffffffff","sp":"000002c3","mi":"00000000","mask":"0000003f","cause":"10000000","sr":"2400ff01","dp":"00000008","type":1,"locked":0,"sp_due":"00000000","rsp":"80045dd8","rs":"00000012","rdp":"00000000","next":"80045d78","qvalid":0,"qcapacity":8,"thread":"80068f90","tasks":2}
PDOBS {"n":1111,"ev":"sp_write_before","pc":"80035fd8","count":"82ccc726","frame":3,"a":"00000400","b":"ffffffff","sp":"000002c3","mi":"00000000","mask":"0000003f","cause":"10000000","sr":"2400ff01","dp":"00000008","type":1,"locked":0,"sp_due":"00000000","rsp":"80045dd8","rs":"00000012","rdp":"00000000","next":"80045d78","qvalid":0,"qcapacity":8,"thread":"80068f90","tasks":2}
PDOBS {"n":1112,"ev":"sp_write_after","pc":"80035fd8","count":"82ccc726","frame":3,"a":"00000400","b":"ffffffff","sp":"000002c3","mi":"00000000","mask":"0000003f","cause":"10000000","sr":"2400ff01","dp":"00000008","type":1,"locked":0,"sp_due":"00000000","rsp":"80045dd8","rs":"00000012","rdp":"00000000","next":"80045d78","qvalid":0,"qcapacity":8,"thread":"80068f90","tasks":2}
PDOBS {"n":1113,"ev":"sp_write_before","pc":"80035fd8","count":"82e58814","frame":3,"a":"00000400","b":"ffffffff","sp":"000002c3","mi":"00000000","mask":"0000003f","cause":"10000000","sr":"2400ff01","dp":"00000008","type":1,"locked":0,"sp_due":"00000000","rsp":"80045dd8","rs":"00000012","rdp":"00000000","next":"80045d78","qvalid":0,"qcapacity":8,"thread":"80068f90","tasks":2}
PDOBS {"n":1114,"ev":"sp_write_after","pc":"80035fd8","count":"82e58814","frame":3,"a":"00000400","b":"ffffffff","sp":"000002c3","mi":"00000000","mask":"0000003f","cause":"10000000","sr":"2400ff01","dp":"00000008","type":1,"locked":0,"sp_due":"00000000","rsp":"80045dd8","rs":"00000012","rdp":"00000000","next":"80045d78","qvalid":0,"qcapacity":8,"thread":"80068f90","tasks":2}
PDOBS {"n":1115,"ev":"sp_write_before","pc":"80035fd8","count":"82fe48fe","frame":3,"a":"00000400","b":"ffffffff","sp":"000002c3","mi":"00000000","mask":"0000003f","cause":"10000000","sr":"2400ff01","dp":"00000008","type":1,"locked":0,"sp_due":"00000000","rsp":"80045dd8","rs":"00000012","rdp":"00000000","next":"80045d78","qvalid":0,"qcapacity":8,"thread":"80068f90","tasks":2}
PDOBS {"n":1116,"ev":"sp_write_after","pc":"80035fd8","count":"82fe48fe","frame":3,"a":"00000400","b":"ffffffff","sp":"000002c3","mi":"00000000","mask":"0000003f","cause":"10000000","sr":"2400ff01","dp":"00000008","type":1,"locked":0,"sp_due":"00000000","rsp":"80045dd8","rs":"00000012","rdp":"00000000","next":"80045d78","qvalid":0,"qcapacity":8,"thread":"80068f90","tasks":2}
PDOBS {"n":1117,"ev":"sp_write_before","pc":"80035fd8","count":"831709e4","frame":3,"a":"00000400","b":"ffffffff","sp":"000002c3","mi":"00000000","mask":"0000003f","cause":"10000000","sr":"2400ff01","dp":"00000008","type":1,"locked":0,"sp_due":"00000000","rsp":"80045dd8","rs":"00000012","rdp":"00000000","next":"80045d78","qvalid":0,"qcapacity":8,"thread":"80068f90","tasks":2}
PDOBS {"n":1118,"ev":"sp_write_after","pc":"80035fd8","count":"831709e4","frame":3,"a":"00000400","b":"ffffffff","sp":"000002c3","mi":"00000000","mask":"0000003f","cause":"10000000","sr":"2400ff01","dp":"00000008","type":1,"locked":0,"sp_due":"00000000","rsp":"80045dd8","rs":"00000012","rdp":"00000000","next":"80045d78","qvalid":0,"qcapacity":8,"thread":"80068f90","tasks":2}
PDOBS {"n":1119,"ev":"sp_write_before","pc":"80035fd8","count":"832fcace","frame":3,"a":"00000400","b":"ffffffff","sp":"000002c3","mi":"00000000","mask":"0000003f","cause":"10000000","sr":"2400ff01","dp":"00000008","type":1,"locked":0,"sp_due":"00000000","rsp":"80045dd8","rs":"00000012","rdp":"00000000","next":"80045d78","qvalid":0,"qcapacity":8,"thread":"80068f90","tasks":2}
PDOBS {"n":1120,"ev":"sp_write_after","pc":"80035fd8","count":"832fcace","frame":3,"a":"00000400","b":"ffffffff","sp":"000002c3","mi":"00000000","mask":"0000003f","cause":"10000000","sr":"2400ff01","dp":"00000008","type":1,"locked":0,"sp_due":"00000000","rsp":"80045dd8","rs":"00000012","rdp":"00000000","next":"80045d78","qvalid":0,"qcapacity":8,"thread":"80068f90","tasks":2}
PDOBS {"n":1121,"ev":"sp_write_before","pc":"80035fd8","count":"83488bb8","frame":3,"a":"00000400","b":"ffffffff","sp":"000002c3","mi":"00000000","mask":"0000003f","cause":"10000000","sr":"2400ff01","dp":"00000008","type":1,"locked":0,"sp_due":"00000000","rsp":"80045dd8","rs":"00000012","rdp":"00000000","next":"80045d78","qvalid":0,"qcapacity":8,"thread":"80068f90","tasks":2}
PDOBS {"n":1122,"ev":"sp_write_after","pc":"80035fd8","count":"83488bb8","frame":3,"a":"00000400","b":"ffffffff","sp":"000002c3","mi":"00000000","mask":"0000003f","cause":"10000000","sr":"2400ff01","dp":"00000008","type":1,"locked":0,"sp_due":"00000000","rsp":"80045dd8","rs":"00000012","rdp":"00000000","next":"80045d78","qvalid":0,"qcapacity":8,"thread":"80068f90","tasks":2}
PDOBS {"n":1123,"ev":"sp_write_before","pc":"80035fd8","count":"83614caa","frame":3,"a":"00000400","b":"ffffffff","sp":"000002c3","mi":"00000000","mask":"0000003f","cause":"10000000","sr":"2400ff01","dp":"00000008","type":1,"locked":0,"sp_due":"00000000","rsp":"80045dd8","rs":"00000012","rdp":"00000000","next":"80045d78","qvalid":0,"qcapacity":8,"thread":"80068f90","tasks":2}
PDOBS {"n":1124,"ev":"sp_write_after","pc":"80035fd8","count":"83614caa","frame":3,"a":"00000400","b":"ffffffff","sp":"000002c3","mi":"00000000","mask":"0000003f","cause":"10000000","sr":"2400ff01","dp":"00000008","type":1,"locked":0,"sp_due":"00000000","rsp":"80045dd8","rs":"00000012","rdp":"00000000","next":"80045d78","qvalid":0,"qcapacity":8,"thread":"80068f90","tasks":2}
PDOBS {"n":1125,"ev":"sp_write_before","pc":"80035fd8","count":"837a0d8c","frame":3,"a":"00000400","b":"ffffffff","sp":"000002c3","mi":"00000000","mask":"0000003f","cause":"10000000","sr":"2400ff01","dp":"00000008","type":1,"locked":0,"sp_due":"00000000","rsp":"80045dd8","rs":"00000012","rdp":"00000000","next":"80045d78","qvalid":0,"qcapacity":8,"thread":"80068f90","tasks":2}
PDOBS {"n":1126,"ev":"sp_write_after","pc":"80035fd8","count":"837a0d8c","frame":3,"a":"00000400","b":"ffffffff","sp":"000002c3","mi":"00000000","mask":"0000003f","cause":"10000000","sr":"2400ff01","dp":"00000008","type":1,"locked":0,"sp_due":"00000000","rsp":"80045dd8","rs":"00000012","rdp":"00000000","next":"80045d78","qvalid":0,"qcapacity":8,"thread":"80068f90","tasks":2}
PDOBS {"n":1127,"ev":"sp_write_before","pc":"80035fd8","count":"8392ce76","frame":3,"a":"00000400","b":"ffffffff","sp":"000002c3","mi":"00000000","mask":"0000003f","cause":"10000000","sr":"2400ff01","dp":"00000008","type":1,"locked":0,"sp_due":"00000000","rsp":"80045dd8","rs":"00000012","rdp":"00000000","next":"80045d78","qvalid":0,"qcapacity":8,"thread":"80068f90","tasks":2}
PDOBS {"n":1128,"ev":"sp_write_after","pc":"80035fd8","count":"8392ce76","frame":3,"a":"00000400","b":"ffffffff","sp":"000002c3","mi":"00000000","mask":"0000003f","cause":"10000000","sr":"2400ff01","dp":"00000008","type":1,"locked":0,"sp_due":"00000000","rsp":"80045dd8","rs":"00000012","rdp":"00000000","next":"80045d78","qvalid":0,"qcapacity":8,"thread":"80068f90","tasks":2}
PDOBS {"n":1129,"ev":"sp_write_before","pc":"80035fd8","count":"83ab8f60","frame":3,"a":"00000400","b":"ffffffff","sp":"000002c3","mi":"00000000","mask":"0000003f","cause":"10000000","sr":"2400ff01","dp":"00000008","type":1,"locked":0,"sp_due":"00000000","rsp":"80045dd8","rs":"00000012","rdp":"00000000","next":"80045d78","qvalid":0,"qcapacity":8,"thread":"80068f90","tasks":2}
PDOBS {"n":1130,"ev":"sp_write_after","pc":"80035fd8","count":"83ab8f60","frame":3,"a":"00000400","b":"ffffffff","sp":"000002c3","mi":"00000000","mask":"0000003f","cause":"10000000","sr":"2400ff01","dp":"00000008","type":1,"locked":0,"sp_due":"00000000","rsp":"80045dd8","rs":"00000012","rdp":"00000000","next":"80045d78","qvalid":0,"qcapacity":8,"thread":"80068f90","tasks":2}
PDOBS {"n":1131,"ev":"sp_write_before","pc":"80035fd8","count":"83c4504e","frame":3,"a":"00000400","b":"ffffffff","sp":"000002c3","mi":"00000000","mask":"0000003f","cause":"10000000","sr":"2400ff01","dp":"00000008","type":1,"locked":0,"sp_due":"00000000","rsp":"80045dd8","rs":"00000012","rdp":"00000000","next":"80045d78","qvalid":0,"qcapacity":8,"thread":"80068f90","tasks":2}
PDOBS {"n":1132,"ev":"sp_write_after","pc":"80035fd8","count":"83c4504e","frame":3,"a":"00000400","b":"ffffffff","sp":"000002c3","mi":"00000000","mask":"0000003f","cause":"10000000","sr":"2400ff01","dp":"00000008","type":1,"locked":0,"sp_due":"00000000","rsp":"80045dd8","rs":"00000012","rdp":"00000000","next":"80045d78","qvalid":0,"qcapacity":8,"thread":"80068f90","tasks":2}
PDOBS {"n":1133,"ev":"sp_write_before","pc":"80035fd8","count":"83dd1138","frame":3,"a":"00000400","b":"ffffffff","sp":"000002c3","mi":"00000000","mask":"0000003f","cause":"10000000","sr":"2400ff01","dp":"00000008","type":1,"locked":0,"sp_due":"00000000","rsp":"80045dd8","rs":"00000012","rdp":"00000000","next":"80045d78","qvalid":0,"qcapacity":8,"thread":"80068f90","tasks":2}
PDOBS {"n":1134,"ev":"sp_write_after","pc":"80035fd8","count":"83dd1138","frame":3,"a":"00000400","b":"ffffffff","sp":"000002c3","mi":"00000000","mask":"0000003f","cause":"10000000","sr":"2400ff01","dp":"00000008","type":1,"locked":0,"sp_due":"00000000","rsp":"80045dd8","rs":"00000012","rdp":"00000000","next":"80045d78","qvalid":0,"qcapacity":8,"thread":"80068f90","tasks":2}
PDOBS {"n":1135,"ev":"sp_write_before","pc":"80035fd8","count":"83f5d21e","frame":3,"a":"00000400","b":"ffffffff","sp":"000002c3","mi":"00000000","mask":"0000003f","cause":"10000000","sr":"2400ff01","dp":"00000008","type":1,"locked":0,"sp_due":"00000000","rsp":"80045dd8","rs":"00000012","rdp":"00000000","next":"80045d78","qvalid":0,"qcapacity":8,"thread":"80068f90","tasks":2}
PDOBS {"n":1136,"ev":"sp_write_after","pc":"80035fd8","count":"83f5d21e","frame":3,"a":"00000400","b":"ffffffff","sp":"000002c3","mi":"00000000","mask":"0000003f","cause":"10000000","sr":"2400ff01","dp":"00000008","type":1,"locked":0,"sp_due":"00000000","rsp":"80045dd8","rs":"00000012","rdp":"00000000","next":"80045d78","qvalid":0,"qcapacity":8,"thread":"80068f90","tasks":2}
PDOBS {"n":1137,"ev":"sp_write_before","pc":"80035fd8","count":"840e9308","frame":3,"a":"00000400","b":"ffffffff","sp":"000002c3","mi":"00000000","mask":"0000003f","cause":"10000000","sr":"2400ff01","dp":"00000008","type":1,"locked":0,"sp_due":"00000000","rsp":"80045dd8","rs":"00000012","rdp":"00000000","next":"80045d78","qvalid":0,"qcapacity":8,"thread":"80068f90","tasks":2}
PDOBS {"n":1138,"ev":"sp_write_after","pc":"80035fd8","count":"840e9308","frame":3,"a":"00000400","b":"ffffffff","sp":"000002c3","mi":"00000000","mask":"0000003f","cause":"10000000","sr":"2400ff01","dp":"00000008","type":1,"locked":0,"sp_due":"00000000","rsp":"80045dd8","rs":"00000012","rdp":"00000000","next":"80045d78","qvalid":0,"qcapacity":8,"thread":"80068f90","tasks":2}
PDOBS {"n":1139,"ev":"sp_write_before","pc":"80035fd8","count":"842753f6","frame":3,"a":"00000400","b":"ffffffff","sp":"000002c3","mi":"00000000","mask":"0000003f","cause":"10000000","sr":"2400ff01","dp":"00000008","type":1,"locked":0,"sp_due":"00000000","rsp":"80045dd8","rs":"00000012","rdp":"00000000","next":"80045d78","qvalid":0,"qcapacity":8,"thread":"80068f90","tasks":2}
PDOBS {"n":1140,"ev":"sp_write_after","pc":"80035fd8","count":"842753f6","frame":3,"a":"00000400","b":"ffffffff","sp":"000002c3","mi":"00000000","mask":"0000003f","cause":"10000000","sr":"2400ff01","dp":"00000008","type":1,"locked":0,"sp_due":"00000000","rsp":"80045dd8","rs":"00000012","rdp":"00000000","next":"80045d78","qvalid":0,"qcapacity":8,"thread":"80068f90","tasks":2}
PDOBS {"n":1141,"ev":"sp_write_before","pc":"80035fd8","count":"844014dc","frame":3,"a":"00000400","b":"ffffffff","sp":"000002c3","mi":"00000000","mask":"0000003f","cause":"10000000","sr":"2400ff01","dp":"00000008","type":1,"locked":0,"sp_due":"00000000","rsp":"80045dd8","rs":"00000012","rdp":"00000000","next":"80045d78","qvalid":0,"qcapacity":8,"thread":"80068f90","tasks":2}
PDOBS {"n":1142,"ev":"sp_write_after","pc":"80035fd8","count":"844014dc","frame":3,"a":"00000400","b":"ffffffff","sp":"000002c3","mi":"00000000","mask":"0000003f","cause":"10000000","sr":"2400ff01","dp":"00000008","type":1,"locked":0,"sp_due":"00000000","rsp":"80045dd8","rs":"00000012","rdp":"00000000","next":"80045d78","qvalid":0,"qcapacity":8,"thread":"80068f90","tasks":2}
PDOBS {"n":1143,"ev":"sp_write_before","pc":"80035fd8","count":"8458d5ca","frame":3,"a":"00000400","b":"ffffffff","sp":"000002c3","mi":"00000000","mask":"0000003f","cause":"10000000","sr":"2400ff01","dp":"00000008","type":1,"locked":0,"sp_due":"00000000","rsp":"80045dd8","rs":"00000012","rdp":"00000000","next":"80045d78","qvalid":0,"qcapacity":8,"thread":"80068f90","tasks":2}
PDOBS {"n":1144,"ev":"sp_write_after","pc":"80035fd8","count":"8458d5ca","frame":3,"a":"00000400","b":"ffffffff","sp":"000002c3","mi":"00000000","mask":"0000003f","cause":"10000000","sr":"2400ff01","dp":"00000008","type":1,"locked":0,"sp_due":"00000000","rsp":"80045dd8","rs":"00000012","rdp":"00000000","next":"80045d78","qvalid":0,"qcapacity":8,"thread":"80068f90","tasks":2}
PDOBS {"n":1145,"ev":"sp_write_before","pc":"80035fd8","count":"847196b0","frame":3,"a":"00000400","b":"ffffffff","sp":"000002c3","mi":"00000000","mask":"0000003f","cause":"10000000","sr":"2400ff01","dp":"00000008","type":1,"locked":0,"sp_due":"00000000","rsp":"80045dd8","rs":"00000012","rdp":"00000000","next":"80045d78","qvalid":0,"qcapacity":8,"thread":"80068f90","tasks":2}
PDOBS {"n":1146,"ev":"sp_write_after","pc":"80035fd8","count":"847196b0","frame":3,"a":"00000400","b":"ffffffff","sp":"000002c3","mi":"00000000","mask":"0000003f","cause":"10000000","sr":"2400ff01","dp":"00000008","type":1,"locked":0,"sp_due":"00000000","rsp":"80045dd8","rs":"00000012","rdp":"00000000","next":"80045d78","qvalid":0,"qcapacity":8,"thread":"80068f90","tasks":2}
PDOBS {"n":1147,"ev":"sp_write_before","pc":"80035fd8","count":"848a579e","frame":3,"a":"00000400","b":"ffffffff","sp":"000002c3","mi":"00000000","mask":"0000003f","cause":"10000000","sr":"2400ff01","dp":"00000008","type":1,"locked":0,"sp_due":"00000000","rsp":"80045dd8","rs":"00000012","rdp":"00000000","next":"80045d78","qvalid":0,"qcapacity":8,"thread":"80068f90","tasks":2}
PDOBS {"n":1148,"ev":"sp_write_after","pc":"80035fd8","count":"848a579e","frame":3,"a":"00000400","b":"ffffffff","sp":"000002c3","mi":"00000000","mask":"0000003f","cause":"10000000","sr":"2400ff01","dp":"00000008","type":1,"locked":0,"sp_due":"00000000","rsp":"80045dd8","rs":"00000012","rdp":"00000000","next":"80045d78","qvalid":0,"qcapacity":8,"thread":"80068f90","tasks":2}
PDOBS {"n":1149,"ev":"sp_write_before","pc":"80035fd8","count":"84a31884","frame":3,"a":"00000400","b":"ffffffff","sp":"000002c3","mi":"00000000","mask":"0000003f","cause":"10000000","sr":"2400ff01","dp":"00000008","type":1,"locked":0,"sp_due":"00000000","rsp":"80045dd8","rs":"00000012","rdp":"00000000","next":"80045d78","qvalid":0,"qcapacity":8,"thread":"80068f90","tasks":2}
PDOBS {"n":1150,"ev":"sp_write_after","pc":"80035fd8","count":"84a31884","frame":3,"a":"00000400","b":"ffffffff","sp":"000002c3","mi":"00000000","mask":"0000003f","cause":"10000000","sr":"2400ff01","dp":"00000008","type":1,"locked":0,"sp_due":"00000000","rsp":"80045dd8","rs":"00000012","rdp":"00000000","next":"80045d78","qvalid":0,"qcapacity":8,"thread":"80068f90","tasks":2}
PDOBS {"n":1151,"ev":"sp_write_before","pc":"80035fd8","count":"84bbd96e","frame":3,"a":"00000400","b":"ffffffff","sp":"000002c3","mi":"00000000","mask":"0000003f","cause":"10000000","sr":"2400ff01","dp":"00000008","type":1,"locked":0,"sp_due":"00000000","rsp":"80045dd8","rs":"00000012","rdp":"00000000","next":"80045d78","qvalid":0,"qcapacity":8,"thread":"80068f90","tasks":2}
PDOBS {"n":1152,"ev":"sp_write_after","pc":"80035fd8","count":"84bbd96e","frame":3,"a":"00000400","b":"ffffffff","sp":"000002c3","mi":"00000000","mask":"0000003f","cause":"10000000","sr":"2400ff01","dp":"00000008","type":1,"locked":0,"sp_due":"00000000","rsp":"80045dd8","rs":"00000012","rdp":"00000000","next":"80045d78","qvalid":0,"qcapacity":8,"thread":"80068f90","tasks":2}
PDOBS {"n":1153,"ev":"sp_write_before","pc":"80035fd8","count":"84d49a5c","frame":3,"a":"00000400","b":"ffffffff","sp":"000002c3","mi":"00000000","mask":"0000003f","cause":"10000000","sr":"2400ff01","dp":"00000008","type":1,"locked":0,"sp_due":"00000000","rsp":"80045dd8","rs":"00000012","rdp":"00000000","next":"80045d78","qvalid":0,"qcapacity":8,"thread":"80068f90","tasks":2}
PDOBS {"n":1154,"ev":"sp_write_after","pc":"80035fd8","count":"84d49a5c","frame":3,"a":"00000400","b":"ffffffff","sp":"000002c3","mi":"00000000","mask":"0000003f","cause":"10000000","sr":"2400ff01","dp":"00000008","type":1,"locked":0,"sp_due":"00000000","rsp":"80045dd8","rs":"00000012","rdp":"00000000","next":"80045d78","qvalid":0,"qcapacity":8,"thread":"80068f90","tasks":2}
PDOBS {"n":1155,"ev":"sp_write_before","pc":"80035fd8","count":"84ed5b46","frame":3,"a":"00000400","b":"ffffffff","sp":"000002c3","mi":"00000000","mask":"0000003f","cause":"10000000","sr":"2400ff01","dp":"00000008","type":1,"locked":0,"sp_due":"00000000","rsp":"80045dd8","rs":"00000012","rdp":"00000000","next":"80045d78","qvalid":0,"qcapacity":8,"thread":"80068f90","tasks":2}
PDOBS {"n":1156,"ev":"sp_write_after","pc":"80035fd8","count":"84ed5b46","frame":3,"a":"00000400","b":"ffffffff","sp":"000002c3","mi":"00000000","mask":"0000003f","cause":"10000000","sr":"2400ff01","dp":"00000008","type":1,"locked":0,"sp_due":"00000000","rsp":"80045dd8","rs":"00000012","rdp":"00000000","next":"80045d78","qvalid":0,"qcapacity":8,"thread":"80068f90","tasks":2}
PDOBS {"n":1157,"ev":"sp_write_before","pc":"80035fd8","count":"85061c2c","frame":3,"a":"00000400","b":"ffffffff","sp":"000002c3","mi":"00000000","mask":"0000003f","cause":"10000000","sr":"2400ff01","dp":"00000008","type":1,"locked":0,"sp_due":"00000000","rsp":"80045dd8","rs":"00000012","rdp":"00000000","next":"80045d78","qvalid":0,"qcapacity":8,"thread":"80068f90","tasks":2}
PDOBS {"n":1158,"ev":"sp_write_after","pc":"80035fd8","count":"85061c2c","frame":3,"a":"00000400","b":"ffffffff","sp":"000002c3","mi":"00000000","mask":"0000003f","cause":"10000000","sr":"2400ff01","dp":"00000008","type":1,"locked":0,"sp_due":"00000000","rsp":"80045dd8","rs":"00000012","rdp":"00000000","next":"80045d78","qvalid":0,"qcapacity":8,"thread":"80068f90","tasks":2}
PDOBS {"n":1159,"ev":"sp_write_before","pc":"80035fd8","count":"851edd16","frame":3,"a":"00000400","b":"ffffffff","sp":"000002c3","mi":"00000000","mask":"0000003f","cause":"10000000","sr":"2400ff01","dp":"00000008","type":1,"locked":0,"sp_due":"00000000","rsp":"80045dd8","rs":"00000012","rdp":"00000000","next":"80045d78","qvalid":0,"qcapacity":8,"thread":"80068f90","tasks":2}
PDOBS {"n":1160,"ev":"sp_write_after","pc":"80035fd8","count":"851edd16","frame":3,"a":"00000400","b":"ffffffff","sp":"000002c3","mi":"00000000","mask":"0000003f","cause":"10000000","sr":"2400ff01","dp":"00000008","type":1,"locked":0,"sp_due":"00000000","rsp":"80045dd8","rs":"00000012","rdp":"00000000","next":"80045d78","qvalid":0,"qcapacity":8,"thread":"80068f90","tasks":2}
PDOBS {"n":1161,"ev":"sp_write_before","pc":"80035fd8","count":"85379e00","frame":3,"a":"00000400","b":"ffffffff","sp":"000002c3","mi":"00000000","mask":"0000003f","cause":"10000000","sr":"2400ff01","dp":"00000008","type":1,"locked":0,"sp_due":"00000000","rsp":"80045dd8","rs":"00000012","rdp":"00000000","next":"80045d78","qvalid":0,"qcapacity":8,"thread":"80068f90","tasks":2}
PDOBS {"n":1162,"ev":"sp_write_after","pc":"80035fd8","count":"85379e00","frame":3,"a":"00000400","b":"ffffffff","sp":"000002c3","mi":"00000000","mask":"0000003f","cause":"10000000","sr":"2400ff01","dp":"00000008","type":1,"locked":0,"sp_due":"00000000","rsp":"80045dd8","rs":"00000012","rdp":"00000000","next":"80045d78","qvalid":0,"qcapacity":8,"thread":"80068f90","tasks":2}
PDOBS {"n":1163,"ev":"sp_write_before","pc":"80035fd8","count":"85505ef2","frame":3,"a":"00000400","b":"ffffffff","sp":"000002c3","mi":"00000000","mask":"0000003f","cause":"10000000","sr":"2400ff01","dp":"00000008","type":1,"locked":0,"sp_due":"00000000","rsp":"80045dd8","rs":"00000012","rdp":"00000000","next":"80045d78","qvalid":0,"qcapacity":8,"thread":"80068f90","tasks":2}
PDOBS {"n":1164,"ev":"sp_write_after","pc":"80035fd8","count":"85505ef2","frame":3,"a":"00000400","b":"ffffffff","sp":"000002c3","mi":"00000000","mask":"0000003f","cause":"10000000","sr":"2400ff01","dp":"00000008","type":1,"locked":0,"sp_due":"00000000","rsp":"80045dd8","rs":"00000012","rdp":"00000000","next":"80045d78","qvalid":0,"qcapacity":8,"thread":"80068f90","tasks":2}
PDOBS {"n":1165,"ev":"sp_write_before","pc":"80035fd8","count":"85691fd4","frame":3,"a":"00000400","b":"ffffffff","sp":"000002c3","mi":"00000000","mask":"0000003f","cause":"10000000","sr":"2400ff01","dp":"00000008","type":1,"locked":0,"sp_due":"00000000","rsp":"80045dd8","rs":"00000012","rdp":"00000000","next":"80045d78","qvalid":0,"qcapacity":8,"thread":"80068f90","tasks":2}
PDOBS {"n":1166,"ev":"sp_write_after","pc":"80035fd8","count":"85691fd4","frame":3,"a":"00000400","b":"ffffffff","sp":"000002c3","mi":"00000000","mask":"0000003f","cause":"10000000","sr":"2400ff01","dp":"00000008","type":1,"locked":0,"sp_due":"00000000","rsp":"80045dd8","rs":"00000012","rdp":"00000000","next":"80045d78","qvalid":0,"qcapacity":8,"thread":"80068f90","tasks":2}
PDOBS {"n":1167,"ev":"sp_write_before","pc":"80035fd8","count":"8581e0be","frame":3,"a":"00000400","b":"ffffffff","sp":"000002c3","mi":"00000000","mask":"0000003f","cause":"10000000","sr":"2400ff01","dp":"00000008","type":1,"locked":0,"sp_due":"00000000","rsp":"80045dd8","rs":"00000012","rdp":"00000000","next":"80045d78","qvalid":0,"qcapacity":8,"thread":"80068f90","tasks":2}
PDOBS {"n":1168,"ev":"sp_write_after","pc":"80035fd8","count":"8581e0be","frame":3,"a":"00000400","b":"ffffffff","sp":"000002c3","mi":"00000000","mask":"0000003f","cause":"10000000","sr":"2400ff01","dp":"00000008","type":1,"locked":0,"sp_due":"00000000","rsp":"80045dd8","rs":"00000012","rdp":"00000000","next":"80045d78","qvalid":0,"qcapacity":8,"thread":"80068f90","tasks":2}
PDOBS {"n":1169,"ev":"sp_write_before","pc":"80035fd8","count":"859aa1a8","frame":3,"a":"00000400","b":"ffffffff","sp":"000002c3","mi":"00000000","mask":"0000003f","cause":"10000000","sr":"2400ff01","dp":"00000008","type":1,"locked":0,"sp_due":"00000000","rsp":"80045dd8","rs":"00000012","rdp":"00000000","next":"80045d78","qvalid":0,"qcapacity":8,"thread":"80068f90","tasks":2}
PDOBS {"n":1170,"ev":"sp_write_after","pc":"80035fd8","count":"859aa1a8","frame":3,"a":"00000400","b":"ffffffff","sp":"000002c3","mi":"00000000","mask":"0000003f","cause":"10000000","sr":"2400ff01","dp":"00000008","type":1,"locked":0,"sp_due":"00000000","rsp":"80045dd8","rs":"00000012","rdp":"00000000","next":"80045d78","qvalid":0,"qcapacity":8,"thread":"80068f90","tasks":2}
PDOBS {"n":1171,"ev":"sp_write_before","pc":"80035fd8","count":"85b36296","frame":3,"a":"00000400","b":"ffffffff","sp":"000002c3","mi":"00000000","mask":"0000003f","cause":"10000000","sr":"2400ff01","dp":"00000008","type":1,"locked":0,"sp_due":"00000000","rsp":"80045dd8","rs":"00000012","rdp":"00000000","next":"80045d78","qvalid":0,"qcapacity":8,"thread":"80068f90","tasks":2}
PDOBS {"n":1172,"ev":"sp_write_after","pc":"80035fd8","count":"85b36296","frame":3,"a":"00000400","b":"ffffffff","sp":"000002c3","mi":"00000000","mask":"0000003f","cause":"10000000","sr":"2400ff01","dp":"00000008","type":1,"locked":0,"sp_due":"00000000","rsp":"80045dd8","rs":"00000012","rdp":"00000000","next":"80045d78","qvalid":0,"qcapacity":8,"thread":"80068f90","tasks":2}
PDOBS {"n":1173,"ev":"sp_write_before","pc":"80035fd8","count":"85cc2380","frame":3,"a":"00000400","b":"ffffffff","sp":"000002c3","mi":"00000000","mask":"0000003f","cause":"10000000","sr":"2400ff01","dp":"00000008","type":1,"locked":0,"sp_due":"00000000","rsp":"80045dd8","rs":"00000012","rdp":"00000000","next":"80045d78","qvalid":0,"qcapacity":8,"thread":"80068f90","tasks":2}
PDOBS {"n":1174,"ev":"sp_write_after","pc":"80035fd8","count":"85cc2380","frame":3,"a":"00000400","b":"ffffffff","sp":"000002c3","mi":"00000000","mask":"0000003f","cause":"10000000","sr":"2400ff01","dp":"00000008","type":1,"locked":0,"sp_due":"00000000","rsp":"80045dd8","rs":"00000012","rdp":"00000000","next":"80045d78","qvalid":0,"qcapacity":8,"thread":"80068f90","tasks":2}
PDOBS {"n":1175,"ev":"sp_write_before","pc":"80035fd8","count":"85e4e466","frame":3,"a":"00000400","b":"ffffffff","sp":"000002c3","mi":"00000000","mask":"0000003f","cause":"10000000","sr":"2400ff01","dp":"00000008","type":1,"locked":0,"sp_due":"00000000","rsp":"80045dd8","rs":"00000012","rdp":"00000000","next":"80045d78","qvalid":0,"qcapacity":8,"thread":"80068f90","tasks":2}
PDOBS {"n":1176,"ev":"sp_write_after","pc":"80035fd8","count":"85e4e466","frame":3,"a":"00000400","b":"ffffffff","sp":"000002c3","mi":"00000000","mask":"0000003f","cause":"10000000","sr":"2400ff01","dp":"00000008","type":1,"locked":0,"sp_due":"00000000","rsp":"80045dd8","rs":"00000012","rdp":"00000000","next":"80045d78","qvalid":0,"qcapacity":8,"thread":"80068f90","tasks":2}
PDOBS {"n":1177,"ev":"sp_write_before","pc":"80035fd8","count":"85fda550","frame":3,"a":"00000400","b":"ffffffff","sp":"000002c3","mi":"00000000","mask":"0000003f","cause":"10000000","sr":"2400ff01","dp":"00000008","type":1,"locked":0,"sp_due":"00000000","rsp":"80045dd8","rs":"00000012","rdp":"00000000","next":"80045d78","qvalid":0,"qcapacity":8,"thread":"80068f90","tasks":2}
PDOBS {"n":1178,"ev":"sp_write_after","pc":"80035fd8","count":"85fda550","frame":3,"a":"00000400","b":"ffffffff","sp":"000002c3","mi":"00000000","mask":"0000003f","cause":"10000000","sr":"2400ff01","dp":"00000008","type":1,"locked":0,"sp_due":"00000000","rsp":"80045dd8","rs":"00000012","rdp":"00000000","next":"80045d78","qvalid":0,"qcapacity":8,"thread":"80068f90","tasks":2}
PDOBS {"n":1179,"ev":"sp_write_before","pc":"80035fd8","count":"8616663e","frame":3,"a":"00000400","b":"ffffffff","sp":"000002c3","mi":"00000000","mask":"0000003f","cause":"10000000","sr":"2400ff01","dp":"00000008","type":1,"locked":0,"sp_due":"00000000","rsp":"80045dd8","rs":"00000012","rdp":"00000000","next":"80045d78","qvalid":0,"qcapacity":8,"thread":"80068f90","tasks":2}
PDOBS {"n":1180,"ev":"sp_write_after","pc":"80035fd8","count":"8616663e","frame":3,"a":"00000400","b":"ffffffff","sp":"000002c3","mi":"00000000","mask":"0000003f","cause":"10000000","sr":"2400ff01","dp":"00000008","type":1,"locked":0,"sp_due":"00000000","rsp":"80045dd8","rs":"00000012","rdp":"00000000","next":"80045d78","qvalid":0,"qcapacity":8,"thread":"80068f90","tasks":2}
PDOBS {"n":1181,"ev":"sp_write_before","pc":"80035fd8","count":"862f2724","frame":3,"a":"00000400","b":"ffffffff","sp":"000002c3","mi":"00000000","mask":"0000003f","cause":"10000000","sr":"2400ff01","dp":"00000008","type":1,"locked":0,"sp_due":"00000000","rsp":"80045dd8","rs":"00000012","rdp":"00000000","next":"80045d78","qvalid":0,"qcapacity":8,"thread":"80068f90","tasks":2}
PDOBS {"n":1182,"ev":"sp_write_after","pc":"80035fd8","count":"862f2724","frame":3,"a":"00000400","b":"ffffffff","sp":"000002c3","mi":"00000000","mask":"0000003f","cause":"10000000","sr":"2400ff01","dp":"00000008","type":1,"locked":0,"sp_due":"00000000","rsp":"80045dd8","rs":"00000012","rdp":"00000000","next":"80045d78","qvalid":0,"qcapacity":8,"thread":"80068f90","tasks":2}
PDOBS {"n":1183,"ev":"sp_write_before","pc":"80035fd8","count":"8647e812","frame":3,"a":"00000400","b":"ffffffff","sp":"000002c3","mi":"00000000","mask":"0000003f","cause":"10000000","sr":"2400ff01","dp":"00000008","type":1,"locked":0,"sp_due":"00000000","rsp":"80045dd8","rs":"00000012","rdp":"00000000","next":"80045d78","qvalid":0,"qcapacity":8,"thread":"80068f90","tasks":2}
PDOBS {"n":1184,"ev":"sp_write_after","pc":"80035fd8","count":"8647e812","frame":3,"a":"00000400","b":"ffffffff","sp":"000002c3","mi":"00000000","mask":"0000003f","cause":"10000000","sr":"2400ff01","dp":"00000008","type":1,"locked":0,"sp_due":"00000000","rsp":"80045dd8","rs":"00000012","rdp":"00000000","next":"80045d78","qvalid":0,"qcapacity":8,"thread":"80068f90","tasks":2}
PDOBS {"n":1185,"ev":"sp_write_before","pc":"80035fd8","count":"8660a8f8","frame":3,"a":"00000400","b":"ffffffff","sp":"000002c3","mi":"00000000","mask":"0000003f","cause":"10000000","sr":"2400ff01","dp":"00000008","type":1,"locked":0,"sp_due":"00000000","rsp":"80045dd8","rs":"00000012","rdp":"00000000","next":"80045d78","qvalid":0,"qcapacity":8,"thread":"80068f90","tasks":2}
PDOBS {"n":1186,"ev":"sp_write_after","pc":"80035fd8","count":"8660a8f8","frame":3,"a":"00000400","b":"ffffffff","sp":"000002c3","mi":"00000000","mask":"0000003f","cause":"10000000","sr":"2400ff01","dp":"00000008","type":1,"locked":0,"sp_due":"00000000","rsp":"80045dd8","rs":"00000012","rdp":"00000000","next":"80045d78","qvalid":0,"qcapacity":8,"thread":"80068f90","tasks":2}
PDOBS {"n":1187,"ev":"sp_write_before","pc":"80035fd8","count":"867969e6","frame":3,"a":"00000400","b":"ffffffff","sp":"000002c3","mi":"00000000","mask":"0000003f","cause":"10000000","sr":"2400ff01","dp":"00000008","type":1,"locked":0,"sp_due":"00000000","rsp":"80045dd8","rs":"00000012","rdp":"00000000","next":"80045d78","qvalid":0,"qcapacity":8,"thread":"80068f90","tasks":2}
PDOBS {"n":1188,"ev":"sp_write_after","pc":"80035fd8","count":"867969e6","frame":3,"a":"00000400","b":"ffffffff","sp":"000002c3","mi":"00000000","mask":"0000003f","cause":"10000000","sr":"2400ff01","dp":"00000008","type":1,"locked":0,"sp_due":"00000000","rsp":"80045dd8","rs":"00000012","rdp":"00000000","next":"80045d78","qvalid":0,"qcapacity":8,"thread":"80068f90","tasks":2}
PDOBS {"n":1189,"ev":"sp_write_before","pc":"80035fd8","count":"86922acc","frame":3,"a":"00000400","b":"ffffffff","sp":"000002c3","mi":"00000000","mask":"0000003f","cause":"10000000","sr":"2400ff01","dp":"00000008","type":1,"locked":0,"sp_due":"00000000","rsp":"80045dd8","rs":"00000012","rdp":"00000000","next":"80045d78","qvalid":0,"qcapacity":8,"thread":"80068f90","tasks":2}
PDOBS {"n":1190,"ev":"sp_write_after","pc":"80035fd8","count":"86922acc","frame":3,"a":"00000400","b":"ffffffff","sp":"000002c3","mi":"00000000","mask":"0000003f","cause":"10000000","sr":"2400ff01","dp":"00000008","type":1,"locked":0,"sp_due":"00000000","rsp":"80045dd8","rs":"00000012","rdp":"00000000","next":"80045d78","qvalid":0,"qcapacity":8,"thread":"80068f90","tasks":2}
PDOBS {"n":1191,"ev":"sp_write_before","pc":"80035fd8","count":"86aaebb6","frame":3,"a":"00000400","b":"ffffffff","sp":"000002c3","mi":"00000000","mask":"0000003f","cause":"10000000","sr":"2400ff01","dp":"00000008","type":1,"locked":0,"sp_due":"00000000","rsp":"80045dd8","rs":"00000012","rdp":"00000000","next":"80045d78","qvalid":0,"qcapacity":8,"thread":"80068f90","tasks":2}
PDOBS {"n":1192,"ev":"sp_write_after","pc":"80035fd8","count":"86aaebb6","frame":3,"a":"00000400","b":"ffffffff","sp":"000002c3","mi":"00000000","mask":"0000003f","cause":"10000000","sr":"2400ff01","dp":"00000008","type":1,"locked":0,"sp_due":"00000000","rsp":"80045dd8","rs":"00000012","rdp":"00000000","next":"80045d78","qvalid":0,"qcapacity":8,"thread":"80068f90","tasks":2}
PDOBS {"n":1193,"ev":"sp_write_before","pc":"80035fd8","count":"86c3aca4","frame":3,"a":"00000400","b":"ffffffff","sp":"000002c3","mi":"00000000","mask":"0000003f","cause":"10000000","sr":"2400ff01","dp":"00000008","type":1,"locked":0,"sp_due":"00000000","rsp":"80045dd8","rs":"00000012","rdp":"00000000","next":"80045d78","qvalid":0,"qcapacity":8,"thread":"80068f90","tasks":2}
PDOBS {"n":1194,"ev":"sp_write_after","pc":"80035fd8","count":"86c3aca4","frame":3,"a":"00000400","b":"ffffffff","sp":"000002c3","mi":"00000000","mask":"0000003f","cause":"10000000","sr":"2400ff01","dp":"00000008","type":1,"locked":0,"sp_due":"00000000","rsp":"80045dd8","rs":"00000012","rdp":"00000000","next":"80045d78","qvalid":0,"qcapacity":8,"thread":"80068f90","tasks":2}
PDOBS {"n":1195,"ev":"sp_write_before","pc":"80035fd8","count":"86dc6d8e","frame":3,"a":"00000400","b":"ffffffff","sp":"000002c3","mi":"00000000","mask":"0000003f","cause":"10000000","sr":"2400ff01","dp":"00000008","type":1,"locked":0,"sp_due":"00000000","rsp":"80045dd8","rs":"00000012","rdp":"00000000","next":"80045d78","qvalid":0,"qcapacity":8,"thread":"80068f90","tasks":2}
PDOBS {"n":1196,"ev":"sp_write_after","pc":"80035fd8","count":"86dc6d8e","frame":3,"a":"00000400","b":"ffffffff","sp":"000002c3","mi":"00000000","mask":"0000003f","cause":"10000000","sr":"2400ff01","dp":"00000008","type":1,"locked":0,"sp_due":"00000000","rsp":"80045dd8","rs":"00000012","rdp":"00000000","next":"80045d78","qvalid":0,"qcapacity":8,"thread":"80068f90","tasks":2}
PDOBS {"n":1197,"ev":"sp_write_before","pc":"80035fd8","count":"86f52e74","frame":3,"a":"00000400","b":"ffffffff","sp":"000002c3","mi":"00000000","mask":"0000003f","cause":"10000000","sr":"2400ff01","dp":"00000008","type":1,"locked":0,"sp_due":"00000000","rsp":"80045dd8","rs":"00000012","rdp":"00000000","next":"80045d78","qvalid":0,"qcapacity":8,"thread":"80068f90","tasks":2}
PDOBS {"n":1198,"ev":"sp_write_after","pc":"80035fd8","count":"86f52e74","frame":3,"a":"00000400","b":"ffffffff","sp":"000002c3","mi":"00000000","mask":"0000003f","cause":"10000000","sr":"2400ff01","dp":"00000008","type":1,"locked":0,"sp_due":"00000000","rsp":"80045dd8","rs":"00000012","rdp":"00000000","next":"80045d78","qvalid":0,"qcapacity":8,"thread":"80068f90","tasks":2}
PDOBS {"n":1199,"ev":"sp_write_before","pc":"80035fd8","count":"870def5e","frame":3,"a":"00000400","b":"ffffffff","sp":"000002c3","mi":"00000000","mask":"0000003f","cause":"10000000","sr":"2400ff01","dp":"00000008","type":1,"locked":0,"sp_due":"00000000","rsp":"80045dd8","rs":"00000012","rdp":"00000000","next":"80045d78","qvalid":0,"qcapacity":8,"thread":"80068f90","tasks":2}
PDOBS {"n":1200,"ev":"sp_write_after","pc":"80035fd8","count":"870def5e","frame":3,"a":"00000400","b":"ffffffff","sp":"000002c3","mi":"00000000","mask":"0000003f","cause":"10000000","sr":"2400ff01","dp":"00000008","type":1,"locked":0,"sp_due":"00000000","rsp":"80045dd8","rs":"00000012","rdp":"00000000","next":"80045d78","qvalid":0,"qcapacity":8,"thread":"80068f90","tasks":2}
PDOBS {"n":1201,"ev":"sp_write_before","pc":"80035fd8","count":"8726b048","frame":3,"a":"00000400","b":"ffffffff","sp":"000002c3","mi":"00000000","mask":"0000003f","cause":"10000000","sr":"2400ff01","dp":"00000008","type":1,"locked":0,"sp_due":"00000000","rsp":"80045dd8","rs":"00000012","rdp":"00000000","next":"80045d78","qvalid":0,"qcapacity":8,"thread":"80068f90","tasks":2}
PDOBS {"n":1202,"ev":"sp_write_after","pc":"80035fd8","count":"8726b048","frame":3,"a":"00000400","b":"ffffffff","sp":"000002c3","mi":"00000000","mask":"0000003f","cause":"10000000","sr":"2400ff01","dp":"00000008","type":1,"locked":0,"sp_due":"00000000","rsp":"80045dd8","rs":"00000012","rdp":"00000000","next":"80045d78","qvalid":0,"qcapacity":8,"thread":"80068f90","tasks":2}
PDOBS {"n":1203,"ev":"sp_write_before","pc":"80035fd8","count":"873f713a","frame":3,"a":"00000400","b":"ffffffff","sp":"000002c3","mi":"00000000","mask":"0000003f","cause":"10000000","sr":"2400ff01","dp":"00000008","type":1,"locked":0,"sp_due":"00000000","rsp":"80045dd8","rs":"00000012","rdp":"00000000","next":"80045d78","qvalid":0,"qcapacity":8,"thread":"80068f90","tasks":2}
PDOBS {"n":1204,"ev":"sp_write_after","pc":"80035fd8","count":"873f713a","frame":3,"a":"00000400","b":"ffffffff","sp":"000002c3","mi":"00000000","mask":"0000003f","cause":"10000000","sr":"2400ff01","dp":"00000008","type":1,"locked":0,"sp_due":"00000000","rsp":"80045dd8","rs":"00000012","rdp":"00000000","next":"80045d78","qvalid":0,"qcapacity":8,"thread":"80068f90","tasks":2}
PDOBS {"n":1205,"ev":"sp_write_before","pc":"80035fd8","count":"8758321c","frame":3,"a":"00000400","b":"ffffffff","sp":"000002c3","mi":"00000000","mask":"0000003f","cause":"10000000","sr":"2400ff01","dp":"00000008","type":1,"locked":0,"sp_due":"00000000","rsp":"80045dd8","rs":"00000012","rdp":"00000000","next":"80045d78","qvalid":0,"qcapacity":8,"thread":"80068f90","tasks":2}
PDOBS {"n":1206,"ev":"sp_write_after","pc":"80035fd8","count":"8758321c","frame":3,"a":"00000400","b":"ffffffff","sp":"000002c3","mi":"00000000","mask":"0000003f","cause":"10000000","sr":"2400ff01","dp":"00000008","type":1,"locked":0,"sp_due":"00000000","rsp":"80045dd8","rs":"00000012","rdp":"00000000","next":"80045d78","qvalid":0,"qcapacity":8,"thread":"80068f90","tasks":2}
PDOBS {"n":1207,"ev":"sp_write_before","pc":"80035fd8","count":"8770f306","frame":3,"a":"00000400","b":"ffffffff","sp":"000002c3","mi":"00000000","mask":"0000003f","cause":"10000000","sr":"2400ff01","dp":"00000008","type":1,"locked":0,"sp_due":"00000000","rsp":"80045dd8","rs":"00000012","rdp":"00000000","next":"80045d78","qvalid":0,"qcapacity":8,"thread":"80068f90","tasks":2}
PDOBS {"n":1208,"ev":"sp_write_after","pc":"80035fd8","count":"8770f306","frame":3,"a":"00000400","b":"ffffffff","sp":"000002c3","mi":"00000000","mask":"0000003f","cause":"10000000","sr":"2400ff01","dp":"00000008","type":1,"locked":0,"sp_due":"00000000","rsp":"80045dd8","rs":"00000012","rdp":"00000000","next":"80045d78","qvalid":0,"qcapacity":8,"thread":"80068f90","tasks":2}
PDOBS {"n":1209,"ev":"sp_write_before","pc":"80035fd8","count":"8789b3f0","frame":3,"a":"00000400","b":"ffffffff","sp":"000002c3","mi":"00000000","mask":"0000003f","cause":"10000000","sr":"2400ff01","dp":"00000008","type":1,"locked":0,"sp_due":"00000000","rsp":"80045dd8","rs":"00000012","rdp":"00000000","next":"80045d78","qvalid":0,"qcapacity":8,"thread":"80068f90","tasks":2}
PDOBS {"n":1210,"ev":"sp_write_after","pc":"80035fd8","count":"8789b3f0","frame":3,"a":"00000400","b":"ffffffff","sp":"000002c3","mi":"00000000","mask":"0000003f","cause":"10000000","sr":"2400ff01","dp":"00000008","type":1,"locked":0,"sp_due":"00000000","rsp":"80045dd8","rs":"00000012","rdp":"00000000","next":"80045d78","qvalid":0,"qcapacity":8,"thread":"80068f90","tasks":2}
PDOBS {"n":1211,"ev":"sp_write_before","pc":"80035fd8","count":"87a274de","frame":3,"a":"00000400","b":"ffffffff","sp":"000002c3","mi":"00000000","mask":"0000003f","cause":"10000000","sr":"2400ff01","dp":"00000008","type":1,"locked":0,"sp_due":"00000000","rsp":"80045dd8","rs":"00000012","rdp":"00000000","next":"80045d78","qvalid":0,"qcapacity":8,"thread":"80068f90","tasks":2}
PDOBS {"n":1212,"ev":"sp_write_after","pc":"80035fd8","count":"87a274de","frame":3,"a":"00000400","b":"ffffffff","sp":"000002c3","mi":"00000000","mask":"0000003f","cause":"10000000","sr":"2400ff01","dp":"00000008","type":1,"locked":0,"sp_due":"00000000","rsp":"80045dd8","rs":"00000012","rdp":"00000000","next":"80045d78","qvalid":0,"qcapacity":8,"thread":"80068f90","tasks":2}
PDOBS {"n":1213,"ev":"sp_write_before","pc":"80035fd8","count":"87bb35c8","frame":3,"a":"00000400","b":"ffffffff","sp":"000002c3","mi":"00000000","mask":"0000003f","cause":"10000000","sr":"2400ff01","dp":"00000008","type":1,"locked":0,"sp_due":"00000000","rsp":"80045dd8","rs":"00000012","rdp":"00000000","next":"80045d78","qvalid":0,"qcapacity":8,"thread":"80068f90","tasks":2}
PDOBS {"n":1214,"ev":"sp_write_after","pc":"80035fd8","count":"87bb35c8","frame":3,"a":"00000400","b":"ffffffff","sp":"000002c3","mi":"00000000","mask":"0000003f","cause":"10000000","sr":"2400ff01","dp":"00000008","type":1,"locked":0,"sp_due":"00000000","rsp":"80045dd8","rs":"00000012","rdp":"00000000","next":"80045d78","qvalid":0,"qcapacity":8,"thread":"80068f90","tasks":2}
PDOBS {"n":1215,"ev":"sp_write_before","pc":"80035fd8","count":"87d3f6ae","frame":3,"a":"00000400","b":"ffffffff","sp":"000002c3","mi":"00000000","mask":"0000003f","cause":"10000000","sr":"2400ff01","dp":"00000008","type":1,"locked":0,"sp_due":"00000000","rsp":"80045dd8","rs":"00000012","rdp":"00000000","next":"80045d78","qvalid":0,"qcapacity":8,"thread":"80068f90","tasks":2}
PDOBS {"n":1216,"ev":"sp_write_after","pc":"80035fd8","count":"87d3f6ae","frame":3,"a":"00000400","b":"ffffffff","sp":"000002c3","mi":"00000000","mask":"0000003f","cause":"10000000","sr":"2400ff01","dp":"00000008","type":1,"locked":0,"sp_due":"00000000","rsp":"80045dd8","rs":"00000012","rdp":"00000000","next":"80045d78","qvalid":0,"qcapacity":8,"thread":"80068f90","tasks":2}
PDOBS {"n":1217,"ev":"sp_write_before","pc":"80035fd8","count":"87ecb798","frame":3,"a":"00000400","b":"ffffffff","sp":"000002c3","mi":"00000000","mask":"0000003f","cause":"10000000","sr":"2400ff01","dp":"00000008","type":1,"locked":0,"sp_due":"00000000","rsp":"80045dd8","rs":"00000012","rdp":"00000000","next":"80045d78","qvalid":0,"qcapacity":8,"thread":"80068f90","tasks":2}
PDOBS {"n":1218,"ev":"sp_write_after","pc":"80035fd8","count":"87ecb798","frame":3,"a":"00000400","b":"ffffffff","sp":"000002c3","mi":"00000000","mask":"0000003f","cause":"10000000","sr":"2400ff01","dp":"00000008","type":1,"locked":0,"sp_due":"00000000","rsp":"80045dd8","rs":"00000012","rdp":"00000000","next":"80045d78","qvalid":0,"qcapacity":8,"thread":"80068f90","tasks":2}
PDOBS {"n":1219,"ev":"sp_write_before","pc":"80035fd8","count":"88057886","frame":3,"a":"00000400","b":"ffffffff","sp":"000002c3","mi":"00000000","mask":"0000003f","cause":"10000000","sr":"2400ff01","dp":"00000008","type":1,"locked":0,"sp_due":"00000000","rsp":"80045dd8","rs":"00000012","rdp":"00000000","next":"80045d78","qvalid":0,"qcapacity":8,"thread":"80068f90","tasks":2}
PDOBS {"n":1220,"ev":"sp_write_after","pc":"80035fd8","count":"88057886","frame":3,"a":"00000400","b":"ffffffff","sp":"000002c3","mi":"00000000","mask":"0000003f","cause":"10000000","sr":"2400ff01","dp":"00000008","type":1,"locked":0,"sp_due":"00000000","rsp":"80045dd8","rs":"00000012","rdp":"00000000","next":"80045d78","qvalid":0,"qcapacity":8,"thread":"80068f90","tasks":2}
PDOBS {"n":1221,"ev":"sp_write_before","pc":"80035fd8","count":"881e396c","frame":3,"a":"00000400","b":"ffffffff","sp":"000002c3","mi":"00000000","mask":"0000003f","cause":"10000000","sr":"2400ff01","dp":"00000008","type":1,"locked":0,"sp_due":"00000000","rsp":"80045dd8","rs":"00000012","rdp":"00000000","next":"80045d78","qvalid":0,"qcapacity":8,"thread":"80068f90","tasks":2}
PDOBS {"n":1222,"ev":"sp_write_after","pc":"80035fd8","count":"881e396c","frame":3,"a":"00000400","b":"ffffffff","sp":"000002c3","mi":"00000000","mask":"0000003f","cause":"10000000","sr":"2400ff01","dp":"00000008","type":1,"locked":0,"sp_due":"00000000","rsp":"80045dd8","rs":"00000012","rdp":"00000000","next":"80045d78","qvalid":0,"qcapacity":8,"thread":"80068f90","tasks":2}
PDOBS {"n":1223,"ev":"sp_write_before","pc":"80035fd8","count":"8836fa5a","frame":3,"a":"00000400","b":"ffffffff","sp":"000002c3","mi":"00000000","mask":"0000003f","cause":"10000000","sr":"2400ff01","dp":"00000008","type":1,"locked":0,"sp_due":"00000000","rsp":"80045dd8","rs":"00000012","rdp":"00000000","next":"80045d78","qvalid":0,"qcapacity":8,"thread":"80068f90","tasks":2}
PDOBS {"n":1224,"ev":"sp_write_after","pc":"80035fd8","count":"8836fa5a","frame":3,"a":"00000400","b":"ffffffff","sp":"000002c3","mi":"00000000","mask":"0000003f","cause":"10000000","sr":"2400ff01","dp":"00000008","type":1,"locked":0,"sp_due":"00000000","rsp":"80045dd8","rs":"00000012","rdp":"00000000","next":"80045d78","qvalid":0,"qcapacity":8,"thread":"80068f90","tasks":2}
PDOBS {"n":1225,"ev":"sp_write_before","pc":"80035fd8","count":"884fbb40","frame":3,"a":"00000400","b":"ffffffff","sp":"000002c3","mi":"00000000","mask":"0000003f","cause":"10000000","sr":"2400ff01","dp":"00000008","type":1,"locked":0,"sp_due":"00000000","rsp":"80045dd8","rs":"00000012","rdp":"00000000","next":"80045d78","qvalid":0,"qcapacity":8,"thread":"80068f90","tasks":2}
PDOBS {"n":1226,"ev":"sp_write_after","pc":"80035fd8","count":"884fbb40","frame":3,"a":"00000400","b":"ffffffff","sp":"000002c3","mi":"00000000","mask":"0000003f","cause":"10000000","sr":"2400ff01","dp":"00000008","type":1,"locked":0,"sp_due":"00000000","rsp":"80045dd8","rs":"00000012","rdp":"00000000","next":"80045d78","qvalid":0,"qcapacity":8,"thread":"80068f90","tasks":2}
PDOBS {"n":1227,"ev":"sp_write_before","pc":"80035fd8","count":"88687c2e","frame":3,"a":"00000400","b":"ffffffff","sp":"000002c3","mi":"00000000","mask":"0000003f","cause":"10000000","sr":"2400ff01","dp":"00000008","type":1,"locked":0,"sp_due":"00000000","rsp":"80045dd8","rs":"00000012","rdp":"00000000","next":"80045d78","qvalid":0,"qcapacity":8,"thread":"80068f90","tasks":2}
PDOBS {"n":1228,"ev":"sp_write_after","pc":"80035fd8","count":"88687c2e","frame":3,"a":"00000400","b":"ffffffff","sp":"000002c3","mi":"00000000","mask":"0000003f","cause":"10000000","sr":"2400ff01","dp":"00000008","type":1,"locked":0,"sp_due":"00000000","rsp":"80045dd8","rs":"00000012","rdp":"00000000","next":"80045d78","qvalid":0,"qcapacity":8,"thread":"80068f90","tasks":2}
PDOBS {"n":1229,"ev":"sp_write_before","pc":"80035fd8","count":"88813d14","frame":3,"a":"00000400","b":"ffffffff","sp":"000002c3","mi":"00000000","mask":"0000003f","cause":"10000000","sr":"2400ff01","dp":"00000008","type":1,"locked":0,"sp_due":"00000000","rsp":"80045dd8","rs":"00000012","rdp":"00000000","next":"80045d78","qvalid":0,"qcapacity":8,"thread":"80068f90","tasks":2}
PDOBS {"n":1230,"ev":"sp_write_after","pc":"80035fd8","count":"88813d14","frame":3,"a":"00000400","b":"ffffffff","sp":"000002c3","mi":"00000000","mask":"0000003f","cause":"10000000","sr":"2400ff01","dp":"00000008","type":1,"locked":0,"sp_due":"00000000","rsp":"80045dd8","rs":"00000012","rdp":"00000000","next":"80045d78","qvalid":0,"qcapacity":8,"thread":"80068f90","tasks":2}
PDOBS {"n":1231,"ev":"sp_write_before","pc":"80035fd8","count":"8899fdfe","frame":3,"a":"00000400","b":"ffffffff","sp":"000002c3","mi":"00000000","mask":"0000003f","cause":"10000000","sr":"2400ff01","dp":"00000008","type":1,"locked":0,"sp_due":"00000000","rsp":"80045dd8","rs":"00000012","rdp":"00000000","next":"80045d78","qvalid":0,"qcapacity":8,"thread":"80068f90","tasks":2}
PDOBS {"n":1232,"ev":"sp_write_after","pc":"80035fd8","count":"8899fdfe","frame":3,"a":"00000400","b":"ffffffff","sp":"000002c3","mi":"00000000","mask":"0000003f","cause":"10000000","sr":"2400ff01","dp":"00000008","type":1,"locked":0,"sp_due":"00000000","rsp":"80045dd8","rs":"00000012","rdp":"00000000","next":"80045d78","qvalid":0,"qcapacity":8,"thread":"80068f90","tasks":2}
PDOBS {"n":1233,"ev":"sp_write_before","pc":"80035fd8","count":"88b2beec","frame":3,"a":"00000400","b":"ffffffff","sp":"000002c3","mi":"00000000","mask":"0000003f","cause":"10000000","sr":"2400ff01","dp":"00000008","type":1,"locked":0,"sp_due":"00000000","rsp":"80045dd8","rs":"00000012","rdp":"00000000","next":"80045d78","qvalid":0,"qcapacity":8,"thread":"80068f90","tasks":2}
PDOBS {"n":1234,"ev":"sp_write_after","pc":"80035fd8","count":"88b2beec","frame":3,"a":"00000400","b":"ffffffff","sp":"000002c3","mi":"00000000","mask":"0000003f","cause":"10000000","sr":"2400ff01","dp":"00000008","type":1,"locked":0,"sp_due":"00000000","rsp":"80045dd8","rs":"00000012","rdp":"00000000","next":"80045d78","qvalid":0,"qcapacity":8,"thread":"80068f90","tasks":2}
PDOBS {"n":1235,"ev":"sp_write_before","pc":"80035fd8","count":"88cb7fd6","frame":3,"a":"00000400","b":"ffffffff","sp":"000002c3","mi":"00000000","mask":"0000003f","cause":"10000000","sr":"2400ff01","dp":"00000008","type":1,"locked":0,"sp_due":"00000000","rsp":"80045dd8","rs":"00000012","rdp":"00000000","next":"80045d78","qvalid":0,"qcapacity":8,"thread":"80068f90","tasks":2}
PDOBS {"n":1236,"ev":"sp_write_after","pc":"80035fd8","count":"88cb7fd6","frame":3,"a":"00000400","b":"ffffffff","sp":"000002c3","mi":"00000000","mask":"0000003f","cause":"10000000","sr":"2400ff01","dp":"00000008","type":1,"locked":0,"sp_due":"00000000","rsp":"80045dd8","rs":"00000012","rdp":"00000000","next":"80045d78","qvalid":0,"qcapacity":8,"thread":"80068f90","tasks":2}
PDOBS {"n":1237,"ev":"sp_write_before","pc":"80035fd8","count":"88e440bc","frame":3,"a":"00000400","b":"ffffffff","sp":"000002c3","mi":"00000000","mask":"0000003f","cause":"10000000","sr":"2400ff01","dp":"00000008","type":1,"locked":0,"sp_due":"00000000","rsp":"80045dd8","rs":"00000012","rdp":"00000000","next":"80045d78","qvalid":0,"qcapacity":8,"thread":"80068f90","tasks":2}
PDOBS {"n":1238,"ev":"sp_write_after","pc":"80035fd8","count":"88e440bc","frame":3,"a":"00000400","b":"ffffffff","sp":"000002c3","mi":"00000000","mask":"0000003f","cause":"10000000","sr":"2400ff01","dp":"00000008","type":1,"locked":0,"sp_due":"00000000","rsp":"80045dd8","rs":"00000012","rdp":"00000000","next":"80045d78","qvalid":0,"qcapacity":8,"thread":"80068f90","tasks":2}
PDOBS {"n":1239,"ev":"sp_write_before","pc":"80035fd8","count":"88fd01a6","frame":3,"a":"00000400","b":"ffffffff","sp":"000002c3","mi":"00000000","mask":"0000003f","cause":"10000000","sr":"2400ff01","dp":"00000008","type":1,"locked":0,"sp_due":"00000000","rsp":"80045dd8","rs":"00000012","rdp":"00000000","next":"80045d78","qvalid":0,"qcapacity":8,"thread":"80068f90","tasks":2}
PDOBS {"n":1240,"ev":"sp_write_after","pc":"80035fd8","count":"88fd01a6","frame":3,"a":"00000400","b":"ffffffff","sp":"000002c3","mi":"00000000","mask":"0000003f","cause":"10000000","sr":"2400ff01","dp":"00000008","type":1,"locked":0,"sp_due":"00000000","rsp":"80045dd8","rs":"00000012","rdp":"00000000","next":"80045d78","qvalid":0,"qcapacity":8,"thread":"80068f90","tasks":2}
PDOBS {"n":1241,"ev":"sp_write_before","pc":"80035fd8","count":"8915c290","frame":3,"a":"00000400","b":"ffffffff","sp":"000002c3","mi":"00000000","mask":"0000003f","cause":"10000000","sr":"2400ff01","dp":"00000008","type":1,"locked":0,"sp_due":"00000000","rsp":"80045dd8","rs":"00000012","rdp":"00000000","next":"80045d78","qvalid":0,"qcapacity":8,"thread":"80068f90","tasks":2}
PDOBS {"n":1242,"ev":"sp_write_after","pc":"80035fd8","count":"8915c290","frame":3,"a":"00000400","b":"ffffffff","sp":"000002c3","mi":"00000000","mask":"0000003f","cause":"10000000","sr":"2400ff01","dp":"00000008","type":1,"locked":0,"sp_due":"00000000","rsp":"80045dd8","rs":"00000012","rdp":"00000000","next":"80045d78","qvalid":0,"qcapacity":8,"thread":"80068f90","tasks":2}
PDOBS {"n":1243,"ev":"sp_write_before","pc":"80035fd8","count":"892e8382","frame":3,"a":"00000400","b":"ffffffff","sp":"000002c3","mi":"00000000","mask":"0000003f","cause":"10000000","sr":"2400ff01","dp":"00000008","type":1,"locked":0,"sp_due":"00000000","rsp":"80045dd8","rs":"00000012","rdp":"00000000","next":"80045d78","qvalid":0,"qcapacity":8,"thread":"80068f90","tasks":2}
PDOBS {"n":1244,"ev":"sp_write_after","pc":"80035fd8","count":"892e8382","frame":3,"a":"00000400","b":"ffffffff","sp":"000002c3","mi":"00000000","mask":"0000003f","cause":"10000000","sr":"2400ff01","dp":"00000008","type":1,"locked":0,"sp_due":"00000000","rsp":"80045dd8","rs":"00000012","rdp":"00000000","next":"80045d78","qvalid":0,"qcapacity":8,"thread":"80068f90","tasks":2}
PDOBS {"n":1245,"ev":"sp_write_before","pc":"80035fd8","count":"89474464","frame":3,"a":"00000400","b":"ffffffff","sp":"000002c3","mi":"00000000","mask":"0000003f","cause":"10000000","sr":"2400ff01","dp":"00000008","type":1,"locked":0,"sp_due":"00000000","rsp":"80045dd8","rs":"00000012","rdp":"00000000","next":"80045d78","qvalid":0,"qcapacity":8,"thread":"80068f90","tasks":2}
PDOBS {"n":1246,"ev":"sp_write_after","pc":"80035fd8","count":"89474464","frame":3,"a":"00000400","b":"ffffffff","sp":"000002c3","mi":"00000000","mask":"0000003f","cause":"10000000","sr":"2400ff01","dp":"00000008","type":1,"locked":0,"sp_due":"00000000","rsp":"80045dd8","rs":"00000012","rdp":"00000000","next":"80045d78","qvalid":0,"qcapacity":8,"thread":"80068f90","tasks":2}
PDOBS {"n":1247,"ev":"sp_write_before","pc":"80035fd8","count":"8960054e","frame":3,"a":"00000400","b":"ffffffff","sp":"000002c3","mi":"00000000","mask":"0000003f","cause":"10000000","sr":"2400ff01","dp":"00000008","type":1,"locked":0,"sp_due":"00000000","rsp":"80045dd8","rs":"00000012","rdp":"00000000","next":"80045d78","qvalid":0,"qcapacity":8,"thread":"80068f90","tasks":2}
PDOBS {"n":1248,"ev":"sp_write_after","pc":"80035fd8","count":"8960054e","frame":3,"a":"00000400","b":"ffffffff","sp":"000002c3","mi":"00000000","mask":"0000003f","cause":"10000000","sr":"2400ff01","dp":"00000008","type":1,"locked":0,"sp_due":"00000000","rsp":"80045dd8","rs":"00000012","rdp":"00000000","next":"80045d78","qvalid":0,"qcapacity":8,"thread":"80068f90","tasks":2}
PDOBS {"n":1249,"ev":"sp_write_before","pc":"80035fd8","count":"8978c638","frame":3,"a":"00000400","b":"ffffffff","sp":"000002c3","mi":"00000000","mask":"0000003f","cause":"10000000","sr":"2400ff01","dp":"00000008","type":1,"locked":0,"sp_due":"00000000","rsp":"80045dd8","rs":"00000012","rdp":"00000000","next":"80045d78","qvalid":0,"qcapacity":8,"thread":"80068f90","tasks":2}
PDOBS {"n":1250,"ev":"sp_write_after","pc":"80035fd8","count":"8978c638","frame":3,"a":"00000400","b":"ffffffff","sp":"000002c3","mi":"00000000","mask":"0000003f","cause":"10000000","sr":"2400ff01","dp":"00000008","type":1,"locked":0,"sp_due":"00000000","rsp":"80045dd8","rs":"00000012","rdp":"00000000","next":"80045d78","qvalid":0,"qcapacity":8,"thread":"80068f90","tasks":2}
PDOBS {"n":1251,"ev":"sp_write_before","pc":"80035fd8","count":"89918726","frame":3,"a":"00000400","b":"ffffffff","sp":"000002c3","mi":"00000000","mask":"0000003f","cause":"10000000","sr":"2400ff01","dp":"00000008","type":1,"locked":0,"sp_due":"00000000","rsp":"80045dd8","rs":"00000012","rdp":"00000000","next":"80045d78","qvalid":0,"qcapacity":8,"thread":"80068f90","tasks":2}
PDOBS {"n":1252,"ev":"sp_write_after","pc":"80035fd8","count":"89918726","frame":3,"a":"00000400","b":"ffffffff","sp":"000002c3","mi":"00000000","mask":"0000003f","cause":"10000000","sr":"2400ff01","dp":"00000008","type":1,"locked":0,"sp_due":"00000000","rsp":"80045dd8","rs":"00000012","rdp":"00000000","next":"80045d78","qvalid":0,"qcapacity":8,"thread":"80068f90","tasks":2}
PDOBS {"n":1253,"ev":"sp_write_before","pc":"80035fd8","count":"89aa4810","frame":3,"a":"00000400","b":"ffffffff","sp":"000002c3","mi":"00000000","mask":"0000003f","cause":"10000000","sr":"2400ff01","dp":"00000008","type":1,"locked":0,"sp_due":"00000000","rsp":"80045dd8","rs":"00000012","rdp":"00000000","next":"80045d78","qvalid":0,"qcapacity":8,"thread":"80068f90","tasks":2}
PDOBS {"n":1254,"ev":"sp_write_after","pc":"80035fd8","count":"89aa4810","frame":3,"a":"00000400","b":"ffffffff","sp":"000002c3","mi":"00000000","mask":"0000003f","cause":"10000000","sr":"2400ff01","dp":"00000008","type":1,"locked":0,"sp_due":"00000000","rsp":"80045dd8","rs":"00000012","rdp":"00000000","next":"80045d78","qvalid":0,"qcapacity":8,"thread":"80068f90","tasks":2}
PDOBS {"n":1255,"ev":"sp_write_before","pc":"80035fd8","count":"89c308f6","frame":3,"a":"00000400","b":"ffffffff","sp":"000002c3","mi":"00000000","mask":"0000003f","cause":"10000000","sr":"2400ff01","dp":"00000008","type":1,"locked":0,"sp_due":"00000000","rsp":"80045dd8","rs":"00000012","rdp":"00000000","next":"80045d78","qvalid":0,"qcapacity":8,"thread":"80068f90","tasks":2}
PDOBS {"n":1256,"ev":"sp_write_after","pc":"80035fd8","count":"89c308f6","frame":3,"a":"00000400","b":"ffffffff","sp":"000002c3","mi":"00000000","mask":"0000003f","cause":"10000000","sr":"2400ff01","dp":"00000008","type":1,"locked":0,"sp_due":"00000000","rsp":"80045dd8","rs":"00000012","rdp":"00000000","next":"80045d78","qvalid":0,"qcapacity":8,"thread":"80068f90","tasks":2}
PDOBS {"n":1257,"ev":"sp_write_before","pc":"80035fd8","count":"89dbc9e0","frame":3,"a":"00000400","b":"ffffffff","sp":"000002c3","mi":"00000000","mask":"0000003f","cause":"10000000","sr":"2400ff01","dp":"00000008","type":1,"locked":0,"sp_due":"00000000","rsp":"80045dd8","rs":"00000012","rdp":"00000000","next":"80045d78","qvalid":0,"qcapacity":8,"thread":"80068f90","tasks":2}
PDOBS {"n":1258,"ev":"sp_write_after","pc":"80035fd8","count":"89dbc9e0","frame":3,"a":"00000400","b":"ffffffff","sp":"000002c3","mi":"00000000","mask":"0000003f","cause":"10000000","sr":"2400ff01","dp":"00000008","type":1,"locked":0,"sp_due":"00000000","rsp":"80045dd8","rs":"00000012","rdp":"00000000","next":"80045d78","qvalid":0,"qcapacity":8,"thread":"80068f90","tasks":2}
PDOBS {"n":1259,"ev":"sp_write_before","pc":"80035fd8","count":"89f48ace","frame":3,"a":"00000400","b":"ffffffff","sp":"000002c3","mi":"00000000","mask":"0000003f","cause":"10000000","sr":"2400ff01","dp":"00000008","type":1,"locked":0,"sp_due":"00000000","rsp":"80045dd8","rs":"00000012","rdp":"00000000","next":"80045d78","qvalid":0,"qcapacity":8,"thread":"80068f90","tasks":2}
PDOBS {"n":1260,"ev":"sp_write_after","pc":"80035fd8","count":"89f48ace","frame":3,"a":"00000400","b":"ffffffff","sp":"000002c3","mi":"00000000","mask":"0000003f","cause":"10000000","sr":"2400ff01","dp":"00000008","type":1,"locked":0,"sp_due":"00000000","rsp":"80045dd8","rs":"00000012","rdp":"00000000","next":"80045d78","qvalid":0,"qcapacity":8,"thread":"80068f90","tasks":2}
PDOBS {"n":1261,"ev":"sp_write_before","pc":"80035fd8","count":"8a0d4bb4","frame":3,"a":"00000400","b":"ffffffff","sp":"000002c3","mi":"00000000","mask":"0000003f","cause":"10000000","sr":"2400ff01","dp":"00000008","type":1,"locked":0,"sp_due":"00000000","rsp":"80045dd8","rs":"00000012","rdp":"00000000","next":"80045d78","qvalid":0,"qcapacity":8,"thread":"80068f90","tasks":2}
PDOBS {"n":1262,"ev":"sp_write_after","pc":"80035fd8","count":"8a0d4bb4","frame":3,"a":"00000400","b":"ffffffff","sp":"000002c3","mi":"00000000","mask":"0000003f","cause":"10000000","sr":"2400ff01","dp":"00000008","type":1,"locked":0,"sp_due":"00000000","rsp":"80045dd8","rs":"00000012","rdp":"00000000","next":"80045d78","qvalid":0,"qcapacity":8,"thread":"80068f90","tasks":2}
PDOBS {"n":1263,"ev":"sp_write_before","pc":"80035fd8","count":"8a260ca2","frame":3,"a":"00000400","b":"ffffffff","sp":"000002c3","mi":"00000000","mask":"0000003f","cause":"10000000","sr":"2400ff01","dp":"00000008","type":1,"locked":0,"sp_due":"00000000","rsp":"80045dd8","rs":"00000012","rdp":"00000000","next":"80045d78","qvalid":0,"qcapacity":8,"thread":"80068f90","tasks":2}
PDOBS {"n":1264,"ev":"sp_write_after","pc":"80035fd8","count":"8a260ca2","frame":3,"a":"00000400","b":"ffffffff","sp":"000002c3","mi":"00000000","mask":"0000003f","cause":"10000000","sr":"2400ff01","dp":"00000008","type":1,"locked":0,"sp_due":"00000000","rsp":"80045dd8","rs":"00000012","rdp":"00000000","next":"80045d78","qvalid":0,"qcapacity":8,"thread":"80068f90","tasks":2}
PDOBS {"n":1265,"ev":"sp_write_before","pc":"80035fd8","count":"8a3ecd88","frame":3,"a":"00000400","b":"ffffffff","sp":"000002c3","mi":"00000000","mask":"0000003f","cause":"10000000","sr":"2400ff01","dp":"00000008","type":1,"locked":0,"sp_due":"00000000","rsp":"80045dd8","rs":"00000012","rdp":"00000000","next":"80045d78","qvalid":0,"qcapacity":8,"thread":"80068f90","tasks":2}
PDOBS {"n":1266,"ev":"sp_write_after","pc":"80035fd8","count":"8a3ecd88","frame":3,"a":"00000400","b":"ffffffff","sp":"000002c3","mi":"00000000","mask":"0000003f","cause":"10000000","sr":"2400ff01","dp":"00000008","type":1,"locked":0,"sp_due":"00000000","rsp":"80045dd8","rs":"00000012","rdp":"00000000","next":"80045d78","qvalid":0,"qcapacity":8,"thread":"80068f90","tasks":2}
PDOBS {"n":1267,"ev":"sp_write_before","pc":"80035fd8","count":"8a578e76","frame":3,"a":"00000400","b":"ffffffff","sp":"000002c3","mi":"00000000","mask":"0000003f","cause":"10000000","sr":"2400ff01","dp":"00000008","type":1,"locked":0,"sp_due":"00000000","rsp":"80045dd8","rs":"00000012","rdp":"00000000","next":"80045d78","qvalid":0,"qcapacity":8,"thread":"80068f90","tasks":2}
PDOBS {"n":1268,"ev":"sp_write_after","pc":"80035fd8","count":"8a578e76","frame":3,"a":"00000400","b":"ffffffff","sp":"000002c3","mi":"00000000","mask":"0000003f","cause":"10000000","sr":"2400ff01","dp":"00000008","type":1,"locked":0,"sp_due":"00000000","rsp":"80045dd8","rs":"00000012","rdp":"00000000","next":"80045d78","qvalid":0,"qcapacity":8,"thread":"80068f90","tasks":2}
PDOBS {"n":1269,"ev":"sp_write_before","pc":"80035fd8","count":"8a704f5c","frame":3,"a":"00000400","b":"ffffffff","sp":"000002c3","mi":"00000000","mask":"0000003f","cause":"10000000","sr":"2400ff01","dp":"00000008","type":1,"locked":0,"sp_due":"00000000","rsp":"80045dd8","rs":"00000012","rdp":"00000000","next":"80045d78","qvalid":0,"qcapacity":8,"thread":"80068f90","tasks":2}
PDOBS {"n":1270,"ev":"sp_write_after","pc":"80035fd8","count":"8a704f5c","frame":3,"a":"00000400","b":"ffffffff","sp":"000002c3","mi":"00000000","mask":"0000003f","cause":"10000000","sr":"2400ff01","dp":"00000008","type":1,"locked":0,"sp_due":"00000000","rsp":"80045dd8","rs":"00000012","rdp":"00000000","next":"80045d78","qvalid":0,"qcapacity":8,"thread":"80068f90","tasks":2}
PDOBS {"n":1271,"ev":"sp_write_before","pc":"80035fd8","count":"8a891046","frame":3,"a":"00000400","b":"ffffffff","sp":"000002c3","mi":"00000000","mask":"0000003f","cause":"10000000","sr":"2400ff01","dp":"00000008","type":1,"locked":0,"sp_due":"00000000","rsp":"80045dd8","rs":"00000012","rdp":"00000000","next":"80045d78","qvalid":0,"qcapacity":8,"thread":"80068f90","tasks":2}
PDOBS {"n":1272,"ev":"sp_write_after","pc":"80035fd8","count":"8a891046","frame":3,"a":"00000400","b":"ffffffff","sp":"000002c3","mi":"00000000","mask":"0000003f","cause":"10000000","sr":"2400ff01","dp":"00000008","type":1,"locked":0,"sp_due":"00000000","rsp":"80045dd8","rs":"00000012","rdp":"00000000","next":"80045d78","qvalid":0,"qcapacity":8,"thread":"80068f90","tasks":2}
PDOBS {"n":1273,"ev":"sp_write_before","pc":"80035fd8","count":"8aa1d134","frame":3,"a":"00000400","b":"ffffffff","sp":"000002c3","mi":"00000000","mask":"0000003f","cause":"10000000","sr":"2400ff01","dp":"00000008","type":1,"locked":0,"sp_due":"00000000","rsp":"80045dd8","rs":"00000012","rdp":"00000000","next":"80045d78","qvalid":0,"qcapacity":8,"thread":"80068f90","tasks":2}
PDOBS {"n":1274,"ev":"sp_write_after","pc":"80035fd8","count":"8aa1d134","frame":3,"a":"00000400","b":"ffffffff","sp":"000002c3","mi":"00000000","mask":"0000003f","cause":"10000000","sr":"2400ff01","dp":"00000008","type":1,"locked":0,"sp_due":"00000000","rsp":"80045dd8","rs":"00000012","rdp":"00000000","next":"80045d78","qvalid":0,"qcapacity":8,"thread":"80068f90","tasks":2}
PDOBS {"n":1275,"ev":"sp_write_before","pc":"80035fd8","count":"8aba921e","frame":3,"a":"00000400","b":"ffffffff","sp":"000002c3","mi":"00000000","mask":"0000003f","cause":"10000000","sr":"2400ff01","dp":"00000008","type":1,"locked":0,"sp_due":"00000000","rsp":"80045dd8","rs":"00000012","rdp":"00000000","next":"80045d78","qvalid":0,"qcapacity":8,"thread":"80068f90","tasks":2}
PDOBS {"n":1276,"ev":"sp_write_after","pc":"80035fd8","count":"8aba921e","frame":3,"a":"00000400","b":"ffffffff","sp":"000002c3","mi":"00000000","mask":"0000003f","cause":"10000000","sr":"2400ff01","dp":"00000008","type":1,"locked":0,"sp_due":"00000000","rsp":"80045dd8","rs":"00000012","rdp":"00000000","next":"80045d78","qvalid":0,"qcapacity":8,"thread":"80068f90","tasks":2}
PDOBS {"n":1277,"ev":"sp_write_before","pc":"80035fd8","count":"8ad35304","frame":3,"a":"00000400","b":"ffffffff","sp":"000002c3","mi":"00000000","mask":"0000003f","cause":"10000000","sr":"2400ff01","dp":"00000008","type":1,"locked":0,"sp_due":"00000000","rsp":"80045dd8","rs":"00000012","rdp":"00000000","next":"80045d78","qvalid":0,"qcapacity":8,"thread":"80068f90","tasks":2}
PDOBS {"n":1278,"ev":"sp_write_after","pc":"80035fd8","count":"8ad35304","frame":3,"a":"00000400","b":"ffffffff","sp":"000002c3","mi":"00000000","mask":"0000003f","cause":"10000000","sr":"2400ff01","dp":"00000008","type":1,"locked":0,"sp_due":"00000000","rsp":"80045dd8","rs":"00000012","rdp":"00000000","next":"80045d78","qvalid":0,"qcapacity":8,"thread":"80068f90","tasks":2}
PDOBS {"n":1279,"ev":"sp_write_before","pc":"80035fd8","count":"8aec13ee","frame":3,"a":"00000400","b":"ffffffff","sp":"000002c3","mi":"00000000","mask":"0000003f","cause":"10000000","sr":"2400ff01","dp":"00000008","type":1,"locked":0,"sp_due":"00000000","rsp":"80045dd8","rs":"00000012","rdp":"00000000","next":"80045d78","qvalid":0,"qcapacity":8,"thread":"80068f90","tasks":2}
PDOBS {"n":1280,"ev":"sp_write_after","pc":"80035fd8","count":"8aec13ee","frame":3,"a":"00000400","b":"ffffffff","sp":"000002c3","mi":"00000000","mask":"0000003f","cause":"10000000","sr":"2400ff01","dp":"00000008","type":1,"locked":0,"sp_due":"00000000","rsp":"80045dd8","rs":"00000012","rdp":"00000000","next":"80045d78","qvalid":0,"qcapacity":8,"thread":"80068f90","tasks":2}
PDOBS {"n":1281,"ev":"sp_write_before","pc":"80035fd8","count":"8b04d4d8","frame":3,"a":"00000400","b":"ffffffff","sp":"000002c3","mi":"00000000","mask":"0000003f","cause":"10000000","sr":"2400ff01","dp":"00000008","type":1,"locked":0,"sp_due":"00000000","rsp":"80045dd8","rs":"00000012","rdp":"00000000","next":"80045d78","qvalid":0,"qcapacity":8,"thread":"80068f90","tasks":2}
PDOBS {"n":1282,"ev":"sp_write_after","pc":"80035fd8","count":"8b04d4d8","frame":3,"a":"00000400","b":"ffffffff","sp":"000002c3","mi":"00000000","mask":"0000003f","cause":"10000000","sr":"2400ff01","dp":"00000008","type":1,"locked":0,"sp_due":"00000000","rsp":"80045dd8","rs":"00000012","rdp":"00000000","next":"80045d78","qvalid":0,"qcapacity":8,"thread":"80068f90","tasks":2}
PDOBS {"n":1283,"ev":"sp_write_before","pc":"80035fd8","count":"8b1d95ca","frame":3,"a":"00000400","b":"ffffffff","sp":"000002c3","mi":"00000000","mask":"0000003f","cause":"10000000","sr":"2400ff01","dp":"00000008","type":1,"locked":0,"sp_due":"00000000","rsp":"80045dd8","rs":"00000012","rdp":"00000000","next":"80045d78","qvalid":0,"qcapacity":8,"thread":"80068f90","tasks":2}
PDOBS {"n":1284,"ev":"sp_write_after","pc":"80035fd8","count":"8b1d95ca","frame":3,"a":"00000400","b":"ffffffff","sp":"000002c3","mi":"00000000","mask":"0000003f","cause":"10000000","sr":"2400ff01","dp":"00000008","type":1,"locked":0,"sp_due":"00000000","rsp":"80045dd8","rs":"00000012","rdp":"00000000","next":"80045d78","qvalid":0,"qcapacity":8,"thread":"80068f90","tasks":2}
PDOBS {"n":1285,"ev":"sp_write_before","pc":"80035fd8","count":"8b3656ac","frame":3,"a":"00000400","b":"ffffffff","sp":"000002c3","mi":"00000000","mask":"0000003f","cause":"10000000","sr":"2400ff01","dp":"00000008","type":1,"locked":0,"sp_due":"00000000","rsp":"80045dd8","rs":"00000012","rdp":"00000000","next":"80045d78","qvalid":0,"qcapacity":8,"thread":"80068f90","tasks":2}
PDOBS {"n":1286,"ev":"sp_write_after","pc":"80035fd8","count":"8b3656ac","frame":3,"a":"00000400","b":"ffffffff","sp":"000002c3","mi":"00000000","mask":"0000003f","cause":"10000000","sr":"2400ff01","dp":"00000008","type":1,"locked":0,"sp_due":"00000000","rsp":"80045dd8","rs":"00000012","rdp":"00000000","next":"80045d78","qvalid":0,"qcapacity":8,"thread":"80068f90","tasks":2}
PDOBS {"n":1287,"ev":"sp_write_before","pc":"80035fd8","count":"8b4f1796","frame":3,"a":"00000400","b":"ffffffff","sp":"000002c3","mi":"00000000","mask":"0000003f","cause":"10000000","sr":"2400ff01","dp":"00000008","type":1,"locked":0,"sp_due":"00000000","rsp":"80045dd8","rs":"00000012","rdp":"00000000","next":"80045d78","qvalid":0,"qcapacity":8,"thread":"80068f90","tasks":2}
PDOBS {"n":1288,"ev":"sp_write_after","pc":"80035fd8","count":"8b4f1796","frame":3,"a":"00000400","b":"ffffffff","sp":"000002c3","mi":"00000000","mask":"0000003f","cause":"10000000","sr":"2400ff01","dp":"00000008","type":1,"locked":0,"sp_due":"00000000","rsp":"80045dd8","rs":"00000012","rdp":"00000000","next":"80045d78","qvalid":0,"qcapacity":8,"thread":"80068f90","tasks":2}
PDOBS {"n":1289,"ev":"sp_write_before","pc":"80035fd8","count":"8b67d880","frame":3,"a":"00000400","b":"ffffffff","sp":"000002c3","mi":"00000000","mask":"0000003f","cause":"10000000","sr":"2400ff01","dp":"00000008","type":1,"locked":0,"sp_due":"00000000","rsp":"80045dd8","rs":"00000012","rdp":"00000000","next":"80045d78","qvalid":0,"qcapacity":8,"thread":"80068f90","tasks":2}
PDOBS {"n":1290,"ev":"sp_write_after","pc":"80035fd8","count":"8b67d880","frame":3,"a":"00000400","b":"ffffffff","sp":"000002c3","mi":"00000000","mask":"0000003f","cause":"10000000","sr":"2400ff01","dp":"00000008","type":1,"locked":0,"sp_due":"00000000","rsp":"80045dd8","rs":"00000012","rdp":"00000000","next":"80045d78","qvalid":0,"qcapacity":8,"thread":"80068f90","tasks":2}
PDOBS {"n":1291,"ev":"sp_write_before","pc":"80035fd8","count":"8b80996e","frame":3,"a":"00000400","b":"ffffffff","sp":"000002c3","mi":"00000000","mask":"0000003f","cause":"10000000","sr":"2400ff01","dp":"00000008","type":1,"locked":0,"sp_due":"00000000","rsp":"80045dd8","rs":"00000012","rdp":"00000000","next":"80045d78","qvalid":0,"qcapacity":8,"thread":"80068f90","tasks":2}
PDOBS {"n":1292,"ev":"sp_write_after","pc":"80035fd8","count":"8b80996e","frame":3,"a":"00000400","b":"ffffffff","sp":"000002c3","mi":"00000000","mask":"0000003f","cause":"10000000","sr":"2400ff01","dp":"00000008","type":1,"locked":0,"sp_due":"00000000","rsp":"80045dd8","rs":"00000012","rdp":"00000000","next":"80045d78","qvalid":0,"qcapacity":8,"thread":"80068f90","tasks":2}
PDOBS {"n":1293,"ev":"sp_write_before","pc":"80035fd8","count":"8b995a58","frame":3,"a":"00000400","b":"ffffffff","sp":"000002c3","mi":"00000000","mask":"0000003f","cause":"10000000","sr":"2400ff01","dp":"00000008","type":1,"locked":0,"sp_due":"00000000","rsp":"80045dd8","rs":"00000012","rdp":"00000000","next":"80045d78","qvalid":0,"qcapacity":8,"thread":"80068f90","tasks":2}
PDOBS {"n":1294,"ev":"sp_write_after","pc":"80035fd8","count":"8b995a58","frame":3,"a":"00000400","b":"ffffffff","sp":"000002c3","mi":"00000000","mask":"0000003f","cause":"10000000","sr":"2400ff01","dp":"00000008","type":1,"locked":0,"sp_due":"00000000","rsp":"80045dd8","rs":"00000012","rdp":"00000000","next":"80045d78","qvalid":0,"qcapacity":8,"thread":"80068f90","tasks":2}
PDOBS {"n":1295,"ev":"sp_write_before","pc":"80035fd8","count":"8bb21b3e","frame":3,"a":"00000400","b":"ffffffff","sp":"000002c3","mi":"00000000","mask":"0000003f","cause":"10000000","sr":"2400ff01","dp":"00000008","type":1,"locked":0,"sp_due":"00000000","rsp":"80045dd8","rs":"00000012","rdp":"00000000","next":"80045d78","qvalid":0,"qcapacity":8,"thread":"80068f90","tasks":2}
PDOBS {"n":1296,"ev":"sp_write_after","pc":"80035fd8","count":"8bb21b3e","frame":3,"a":"00000400","b":"ffffffff","sp":"000002c3","mi":"00000000","mask":"0000003f","cause":"10000000","sr":"2400ff01","dp":"00000008","type":1,"locked":0,"sp_due":"00000000","rsp":"80045dd8","rs":"00000012","rdp":"00000000","next":"80045d78","qvalid":0,"qcapacity":8,"thread":"80068f90","tasks":2}
PDOBS {"n":1297,"ev":"sp_write_before","pc":"80035fd8","count":"8bcadc28","frame":3,"a":"00000400","b":"ffffffff","sp":"000002c3","mi":"00000000","mask":"0000003f","cause":"10000000","sr":"2400ff01","dp":"00000008","type":1,"locked":0,"sp_due":"00000000","rsp":"80045dd8","rs":"00000012","rdp":"00000000","next":"80045d78","qvalid":0,"qcapacity":8,"thread":"80068f90","tasks":2}
PDOBS {"n":1298,"ev":"sp_write_after","pc":"80035fd8","count":"8bcadc28","frame":3,"a":"00000400","b":"ffffffff","sp":"000002c3","mi":"00000000","mask":"0000003f","cause":"10000000","sr":"2400ff01","dp":"00000008","type":1,"locked":0,"sp_due":"00000000","rsp":"80045dd8","rs":"00000012","rdp":"00000000","next":"80045d78","qvalid":0,"qcapacity":8,"thread":"80068f90","tasks":2}
PDOBS {"n":1299,"ev":"sp_write_before","pc":"80035fd8","count":"8be39d16","frame":3,"a":"00000400","b":"ffffffff","sp":"000002c3","mi":"00000000","mask":"0000003f","cause":"10000000","sr":"2400ff01","dp":"00000008","type":1,"locked":0,"sp_due":"00000000","rsp":"80045dd8","rs":"00000012","rdp":"00000000","next":"80045d78","qvalid":0,"qcapacity":8,"thread":"80068f90","tasks":2}
PDOBS {"n":1300,"ev":"sp_write_after","pc":"80035fd8","count":"8be39d16","frame":3,"a":"00000400","b":"ffffffff","sp":"000002c3","mi":"00000000","mask":"0000003f","cause":"10000000","sr":"2400ff01","dp":"00000008","type":1,"locked":0,"sp_due":"00000000","rsp":"80045dd8","rs":"00000012","rdp":"00000000","next":"80045d78","qvalid":0,"qcapacity":8,"thread":"80068f90","tasks":2}
PDOBS {"n":1301,"ev":"sp_write_before","pc":"80035fd8","count":"8bfc5dfc","frame":3,"a":"00000400","b":"ffffffff","sp":"000002c3","mi":"00000000","mask":"0000003f","cause":"10000000","sr":"2400ff01","dp":"00000008","type":1,"locked":0,"sp_due":"00000000","rsp":"80045dd8","rs":"00000012","rdp":"00000000","next":"80045d78","qvalid":0,"qcapacity":8,"thread":"80068f90","tasks":2}
PDOBS {"n":1302,"ev":"sp_write_after","pc":"80035fd8","count":"8bfc5dfc","frame":3,"a":"00000400","b":"ffffffff","sp":"000002c3","mi":"00000000","mask":"0000003f","cause":"10000000","sr":"2400ff01","dp":"00000008","type":1,"locked":0,"sp_due":"00000000","rsp":"80045dd8","rs":"00000012","rdp":"00000000","next":"80045d78","qvalid":0,"qcapacity":8,"thread":"80068f90","tasks":2}
PDOBS {"n":1303,"ev":"sp_write_before","pc":"80035fd8","count":"8c151eea","frame":3,"a":"00000400","b":"ffffffff","sp":"000002c3","mi":"00000000","mask":"0000003f","cause":"10000000","sr":"2400ff01","dp":"00000008","type":1,"locked":0,"sp_due":"00000000","rsp":"80045dd8","rs":"00000012","rdp":"00000000","next":"80045d78","qvalid":0,"qcapacity":8,"thread":"80068f90","tasks":2}
PDOBS {"n":1304,"ev":"sp_write_after","pc":"80035fd8","count":"8c151eea","frame":3,"a":"00000400","b":"ffffffff","sp":"000002c3","mi":"00000000","mask":"0000003f","cause":"10000000","sr":"2400ff01","dp":"00000008","type":1,"locked":0,"sp_due":"00000000","rsp":"80045dd8","rs":"00000012","rdp":"00000000","next":"80045d78","qvalid":0,"qcapacity":8,"thread":"80068f90","tasks":2}
PDOBS {"n":1305,"ev":"sp_write_before","pc":"80035fd8","count":"8c2ddfd0","frame":3,"a":"00000400","b":"ffffffff","sp":"000002c3","mi":"00000000","mask":"0000003f","cause":"10000000","sr":"2400ff01","dp":"00000008","type":1,"locked":0,"sp_due":"00000000","rsp":"80045dd8","rs":"00000012","rdp":"00000000","next":"80045d78","qvalid":0,"qcapacity":8,"thread":"80068f90","tasks":2}
PDOBS {"n":1306,"ev":"sp_write_after","pc":"80035fd8","count":"8c2ddfd0","frame":3,"a":"00000400","b":"ffffffff","sp":"000002c3","mi":"00000000","mask":"0000003f","cause":"10000000","sr":"2400ff01","dp":"00000008","type":1,"locked":0,"sp_due":"00000000","rsp":"80045dd8","rs":"00000012","rdp":"00000000","next":"80045d78","qvalid":0,"qcapacity":8,"thread":"80068f90","tasks":2}
PDOBS {"n":1307,"ev":"sp_write_before","pc":"80035fd8","count":"8c46a0be","frame":3,"a":"00000400","b":"ffffffff","sp":"000002c3","mi":"00000000","mask":"0000003f","cause":"10000000","sr":"2400ff01","dp":"00000008","type":1,"locked":0,"sp_due":"00000000","rsp":"80045dd8","rs":"00000012","rdp":"00000000","next":"80045d78","qvalid":0,"qcapacity":8,"thread":"80068f90","tasks":2}
PDOBS {"n":1308,"ev":"sp_write_after","pc":"80035fd8","count":"8c46a0be","frame":3,"a":"00000400","b":"ffffffff","sp":"000002c3","mi":"00000000","mask":"0000003f","cause":"10000000","sr":"2400ff01","dp":"00000008","type":1,"locked":0,"sp_due":"00000000","rsp":"80045dd8","rs":"00000012","rdp":"00000000","next":"80045d78","qvalid":0,"qcapacity":8,"thread":"80068f90","tasks":2}
PDOBS {"n":1309,"ev":"sp_write_before","pc":"80035fd8","count":"8c5f61a4","frame":3,"a":"00000400","b":"ffffffff","sp":"000002c3","mi":"00000000","mask":"0000003f","cause":"10000000","sr":"2400ff01","dp":"00000008","type":1,"locked":0,"sp_due":"00000000","rsp":"80045dd8","rs":"00000012","rdp":"00000000","next":"80045d78","qvalid":0,"qcapacity":8,"thread":"80068f90","tasks":2}
PDOBS {"n":1310,"ev":"sp_write_after","pc":"80035fd8","count":"8c5f61a4","frame":3,"a":"00000400","b":"ffffffff","sp":"000002c3","mi":"00000000","mask":"0000003f","cause":"10000000","sr":"2400ff01","dp":"00000008","type":1,"locked":0,"sp_due":"00000000","rsp":"80045dd8","rs":"00000012","rdp":"00000000","next":"80045d78","qvalid":0,"qcapacity":8,"thread":"80068f90","tasks":2}
PDOBS {"n":1311,"ev":"sp_write_before","pc":"80035fd8","count":"8c78228e","frame":3,"a":"00000400","b":"ffffffff","sp":"000002c3","mi":"00000000","mask":"0000003f","cause":"10000000","sr":"2400ff01","dp":"00000008","type":1,"locked":0,"sp_due":"00000000","rsp":"80045dd8","rs":"00000012","rdp":"00000000","next":"80045d78","qvalid":0,"qcapacity":8,"thread":"80068f90","tasks":2}
PDOBS {"n":1312,"ev":"sp_write_after","pc":"80035fd8","count":"8c78228e","frame":3,"a":"00000400","b":"ffffffff","sp":"000002c3","mi":"00000000","mask":"0000003f","cause":"10000000","sr":"2400ff01","dp":"00000008","type":1,"locked":0,"sp_due":"00000000","rsp":"80045dd8","rs":"00000012","rdp":"00000000","next":"80045d78","qvalid":0,"qcapacity":8,"thread":"80068f90","tasks":2}
PDOBS {"n":1313,"ev":"sp_write_before","pc":"80035fd8","count":"8c90e37c","frame":3,"a":"00000400","b":"ffffffff","sp":"000002c3","mi":"00000000","mask":"0000003f","cause":"10000000","sr":"2400ff01","dp":"00000008","type":1,"locked":0,"sp_due":"00000000","rsp":"80045dd8","rs":"00000012","rdp":"00000000","next":"80045d78","qvalid":0,"qcapacity":8,"thread":"80068f90","tasks":2}
PDOBS {"n":1314,"ev":"sp_write_after","pc":"80035fd8","count":"8c90e37c","frame":3,"a":"00000400","b":"ffffffff","sp":"000002c3","mi":"00000000","mask":"0000003f","cause":"10000000","sr":"2400ff01","dp":"00000008","type":1,"locked":0,"sp_due":"00000000","rsp":"80045dd8","rs":"00000012","rdp":"00000000","next":"80045d78","qvalid":0,"qcapacity":8,"thread":"80068f90","tasks":2}
PDOBS {"n":1315,"ev":"sp_write_before","pc":"80035fd8","count":"8ca9a466","frame":3,"a":"00000400","b":"ffffffff","sp":"000002c3","mi":"00000000","mask":"0000003f","cause":"10000000","sr":"2400ff01","dp":"00000008","type":1,"locked":0,"sp_due":"00000000","rsp":"80045dd8","rs":"00000012","rdp":"00000000","next":"80045d78","qvalid":0,"qcapacity":8,"thread":"80068f90","tasks":2}
PDOBS {"n":1316,"ev":"sp_write_after","pc":"80035fd8","count":"8ca9a466","frame":3,"a":"00000400","b":"ffffffff","sp":"000002c3","mi":"00000000","mask":"0000003f","cause":"10000000","sr":"2400ff01","dp":"00000008","type":1,"locked":0,"sp_due":"00000000","rsp":"80045dd8","rs":"00000012","rdp":"00000000","next":"80045d78","qvalid":0,"qcapacity":8,"thread":"80068f90","tasks":2}
PDOBS {"n":1317,"ev":"sp_write_before","pc":"80035fd8","count":"8cc2654c","frame":3,"a":"00000400","b":"ffffffff","sp":"000002c3","mi":"00000000","mask":"0000003f","cause":"10000000","sr":"2400ff01","dp":"00000008","type":1,"locked":0,"sp_due":"00000000","rsp":"80045dd8","rs":"00000012","rdp":"00000000","next":"80045d78","qvalid":0,"qcapacity":8,"thread":"80068f90","tasks":2}
PDOBS {"n":1318,"ev":"sp_write_after","pc":"80035fd8","count":"8cc2654c","frame":3,"a":"00000400","b":"ffffffff","sp":"000002c3","mi":"00000000","mask":"0000003f","cause":"10000000","sr":"2400ff01","dp":"00000008","type":1,"locked":0,"sp_due":"00000000","rsp":"80045dd8","rs":"00000012","rdp":"00000000","next":"80045d78","qvalid":0,"qcapacity":8,"thread":"80068f90","tasks":2}
PDOBS {"n":1319,"ev":"sp_write_before","pc":"80035fd8","count":"8cdb2636","frame":3,"a":"00000400","b":"ffffffff","sp":"000002c3","mi":"00000000","mask":"0000003f","cause":"10000000","sr":"2400ff01","dp":"00000008","type":1,"locked":0,"sp_due":"00000000","rsp":"80045dd8","rs":"00000012","rdp":"00000000","next":"80045d78","qvalid":0,"qcapacity":8,"thread":"80068f90","tasks":2}
PDOBS {"n":1320,"ev":"sp_write_after","pc":"80035fd8","count":"8cdb2636","frame":3,"a":"00000400","b":"ffffffff","sp":"000002c3","mi":"00000000","mask":"0000003f","cause":"10000000","sr":"2400ff01","dp":"00000008","type":1,"locked":0,"sp_due":"00000000","rsp":"80045dd8","rs":"00000012","rdp":"00000000","next":"80045d78","qvalid":0,"qcapacity":8,"thread":"80068f90","tasks":2}
PDOBS {"n":1321,"ev":"sp_write_before","pc":"80035fd8","count":"8cf3e720","frame":3,"a":"00000400","b":"ffffffff","sp":"000002c3","mi":"00000000","mask":"0000003f","cause":"10000000","sr":"2400ff01","dp":"00000008","type":1,"locked":0,"sp_due":"00000000","rsp":"80045dd8","rs":"00000012","rdp":"00000000","next":"80045d78","qvalid":0,"qcapacity":8,"thread":"80068f90","tasks":2}
PDOBS {"n":1322,"ev":"sp_write_after","pc":"80035fd8","count":"8cf3e720","frame":3,"a":"00000400","b":"ffffffff","sp":"000002c3","mi":"00000000","mask":"0000003f","cause":"10000000","sr":"2400ff01","dp":"00000008","type":1,"locked":0,"sp_due":"00000000","rsp":"80045dd8","rs":"00000012","rdp":"00000000","next":"80045d78","qvalid":0,"qcapacity":8,"thread":"80068f90","tasks":2}
PDOBS {"n":1323,"ev":"sp_write_before","pc":"80035fd8","count":"8d0ca812","frame":3,"a":"00000400","b":"ffffffff","sp":"000002c3","mi":"00000000","mask":"0000003f","cause":"10000000","sr":"2400ff01","dp":"00000008","type":1,"locked":0,"sp_due":"00000000","rsp":"80045dd8","rs":"00000012","rdp":"00000000","next":"80045d78","qvalid":0,"qcapacity":8,"thread":"80068f90","tasks":2}
PDOBS {"n":1324,"ev":"sp_write_after","pc":"80035fd8","count":"8d0ca812","frame":3,"a":"00000400","b":"ffffffff","sp":"000002c3","mi":"00000000","mask":"0000003f","cause":"10000000","sr":"2400ff01","dp":"00000008","type":1,"locked":0,"sp_due":"00000000","rsp":"80045dd8","rs":"00000012","rdp":"00000000","next":"80045d78","qvalid":0,"qcapacity":8,"thread":"80068f90","tasks":2}
PDOBS {"n":1325,"ev":"sp_write_before","pc":"80035fd8","count":"8d2568f4","frame":3,"a":"00000400","b":"ffffffff","sp":"000002c3","mi":"00000000","mask":"0000003f","cause":"10000000","sr":"2400ff01","dp":"00000008","type":1,"locked":0,"sp_due":"00000000","rsp":"80045dd8","rs":"00000012","rdp":"00000000","next":"80045d78","qvalid":0,"qcapacity":8,"thread":"80068f90","tasks":2}
PDOBS {"n":1326,"ev":"sp_write_after","pc":"80035fd8","count":"8d2568f4","frame":3,"a":"00000400","b":"ffffffff","sp":"000002c3","mi":"00000000","mask":"0000003f","cause":"10000000","sr":"2400ff01","dp":"00000008","type":1,"locked":0,"sp_due":"00000000","rsp":"80045dd8","rs":"00000012","rdp":"00000000","next":"80045d78","qvalid":0,"qcapacity":8,"thread":"80068f90","tasks":2}
PDOBS {"n":1327,"ev":"sp_write_before","pc":"80035fd8","count":"8d3e29de","frame":3,"a":"00000400","b":"ffffffff","sp":"000002c3","mi":"00000000","mask":"0000003f","cause":"10000000","sr":"2400ff01","dp":"00000008","type":1,"locked":0,"sp_due":"00000000","rsp":"80045dd8","rs":"00000012","rdp":"00000000","next":"80045d78","qvalid":0,"qcapacity":8,"thread":"80068f90","tasks":2}
PDOBS {"n":1328,"ev":"sp_write_after","pc":"80035fd8","count":"8d3e29de","frame":3,"a":"00000400","b":"ffffffff","sp":"000002c3","mi":"00000000","mask":"0000003f","cause":"10000000","sr":"2400ff01","dp":"00000008","type":1,"locked":0,"sp_due":"00000000","rsp":"80045dd8","rs":"00000012","rdp":"00000000","next":"80045d78","qvalid":0,"qcapacity":8,"thread":"80068f90","tasks":2}
PDOBS {"n":1329,"ev":"sp_write_before","pc":"80035fd8","count":"8d56eac8","frame":3,"a":"00000400","b":"ffffffff","sp":"000002c3","mi":"00000000","mask":"0000003f","cause":"10000000","sr":"2400ff01","dp":"00000008","type":1,"locked":0,"sp_due":"00000000","rsp":"80045dd8","rs":"00000012","rdp":"00000000","next":"80045d78","qvalid":0,"qcapacity":8,"thread":"80068f90","tasks":2}
PDOBS {"n":1330,"ev":"sp_write_after","pc":"80035fd8","count":"8d56eac8","frame":3,"a":"00000400","b":"ffffffff","sp":"000002c3","mi":"00000000","mask":"0000003f","cause":"10000000","sr":"2400ff01","dp":"00000008","type":1,"locked":0,"sp_due":"00000000","rsp":"80045dd8","rs":"00000012","rdp":"00000000","next":"80045d78","qvalid":0,"qcapacity":8,"thread":"80068f90","tasks":2}
PDOBS {"n":1331,"ev":"sp_write_before","pc":"80035fd8","count":"8d6fabb6","frame":3,"a":"00000400","b":"ffffffff","sp":"000002c3","mi":"00000000","mask":"0000003f","cause":"10000000","sr":"2400ff01","dp":"00000008","type":1,"locked":0,"sp_due":"00000000","rsp":"80045dd8","rs":"00000012","rdp":"00000000","next":"80045d78","qvalid":0,"qcapacity":8,"thread":"80068f90","tasks":2}
PDOBS {"n":1332,"ev":"sp_write_after","pc":"80035fd8","count":"8d6fabb6","frame":3,"a":"00000400","b":"ffffffff","sp":"000002c3","mi":"00000000","mask":"0000003f","cause":"10000000","sr":"2400ff01","dp":"00000008","type":1,"locked":0,"sp_due":"00000000","rsp":"80045dd8","rs":"00000012","rdp":"00000000","next":"80045d78","qvalid":0,"qcapacity":8,"thread":"80068f90","tasks":2}
PDOBS {"n":1333,"ev":"sp_write_before","pc":"80035fd8","count":"8d886ca0","frame":3,"a":"00000400","b":"ffffffff","sp":"000002c3","mi":"00000000","mask":"0000003f","cause":"10000000","sr":"2400ff01","dp":"00000008","type":1,"locked":0,"sp_due":"00000000","rsp":"80045dd8","rs":"00000012","rdp":"00000000","next":"80045d78","qvalid":0,"qcapacity":8,"thread":"80068f90","tasks":2}
PDOBS {"n":1334,"ev":"sp_write_after","pc":"80035fd8","count":"8d886ca0","frame":3,"a":"00000400","b":"ffffffff","sp":"000002c3","mi":"00000000","mask":"0000003f","cause":"10000000","sr":"2400ff01","dp":"00000008","type":1,"locked":0,"sp_due":"00000000","rsp":"80045dd8","rs":"00000012","rdp":"00000000","next":"80045d78","qvalid":0,"qcapacity":8,"thread":"80068f90","tasks":2}
PDOBS {"n":1335,"ev":"sp_write_before","pc":"80035fd8","count":"8da12d86","frame":3,"a":"00000400","b":"ffffffff","sp":"000002c3","mi":"00000000","mask":"0000003f","cause":"10000000","sr":"2400ff01","dp":"00000008","type":1,"locked":0,"sp_due":"00000000","rsp":"80045dd8","rs":"00000012","rdp":"00000000","next":"80045d78","qvalid":0,"qcapacity":8,"thread":"80068f90","tasks":2}
PDOBS {"n":1336,"ev":"sp_write_after","pc":"80035fd8","count":"8da12d86","frame":3,"a":"00000400","b":"ffffffff","sp":"000002c3","mi":"00000000","mask":"0000003f","cause":"10000000","sr":"2400ff01","dp":"00000008","type":1,"locked":0,"sp_due":"00000000","rsp":"80045dd8","rs":"00000012","rdp":"00000000","next":"80045d78","qvalid":0,"qcapacity":8,"thread":"80068f90","tasks":2}
PDOBS {"n":1337,"ev":"sp_write_before","pc":"80035fd8","count":"8db9ee70","frame":3,"a":"00000400","b":"ffffffff","sp":"000002c3","mi":"00000000","mask":"0000003f","cause":"10000000","sr":"2400ff01","dp":"00000008","type":1,"locked":0,"sp_due":"00000000","rsp":"80045dd8","rs":"00000012","rdp":"00000000","next":"80045d78","qvalid":0,"qcapacity":8,"thread":"80068f90","tasks":2}
PDOBS {"n":1338,"ev":"sp_write_after","pc":"80035fd8","count":"8db9ee70","frame":3,"a":"00000400","b":"ffffffff","sp":"000002c3","mi":"00000000","mask":"0000003f","cause":"10000000","sr":"2400ff01","dp":"00000008","type":1,"locked":0,"sp_due":"00000000","rsp":"80045dd8","rs":"00000012","rdp":"00000000","next":"80045d78","qvalid":0,"qcapacity":8,"thread":"80068f90","tasks":2}
PDOBS {"n":1339,"ev":"sp_write_before","pc":"80035fd8","count":"8dd2af5e","frame":3,"a":"00000400","b":"ffffffff","sp":"000002c3","mi":"00000000","mask":"0000003f","cause":"10000000","sr":"2400ff01","dp":"00000008","type":1,"locked":0,"sp_due":"00000000","rsp":"80045dd8","rs":"00000012","rdp":"00000000","next":"80045d78","qvalid":0,"qcapacity":8,"thread":"80068f90","tasks":2}
PDOBS {"n":1340,"ev":"sp_write_after","pc":"80035fd8","count":"8dd2af5e","frame":3,"a":"00000400","b":"ffffffff","sp":"000002c3","mi":"00000000","mask":"0000003f","cause":"10000000","sr":"2400ff01","dp":"00000008","type":1,"locked":0,"sp_due":"00000000","rsp":"80045dd8","rs":"00000012","rdp":"00000000","next":"80045d78","qvalid":0,"qcapacity":8,"thread":"80068f90","tasks":2}
PDOBS {"n":1341,"ev":"sp_write_before","pc":"80035fd8","count":"8deb7044","frame":3,"a":"00000400","b":"ffffffff","sp":"000002c3","mi":"00000000","mask":"0000003f","cause":"10000000","sr":"2400ff01","dp":"00000008","type":1,"locked":0,"sp_due":"00000000","rsp":"80045dd8","rs":"00000012","rdp":"00000000","next":"80045d78","qvalid":0,"qcapacity":8,"thread":"80068f90","tasks":2}
PDOBS {"n":1342,"ev":"sp_write_after","pc":"80035fd8","count":"8deb7044","frame":3,"a":"00000400","b":"ffffffff","sp":"000002c3","mi":"00000000","mask":"0000003f","cause":"10000000","sr":"2400ff01","dp":"00000008","type":1,"locked":0,"sp_due":"00000000","rsp":"80045dd8","rs":"00000012","rdp":"00000000","next":"80045d78","qvalid":0,"qcapacity":8,"thread":"80068f90","tasks":2}
PDOBS {"n":1343,"ev":"sp_write_before","pc":"80035fd8","count":"8e043132","frame":3,"a":"00000400","b":"ffffffff","sp":"000002c3","mi":"00000000","mask":"0000003f","cause":"10000000","sr":"2400ff01","dp":"00000008","type":1,"locked":0,"sp_due":"00000000","rsp":"80045dd8","rs":"00000012","rdp":"00000000","next":"80045d78","qvalid":0,"qcapacity":8,"thread":"80068f90","tasks":2}
PDOBS {"n":1344,"ev":"sp_write_after","pc":"80035fd8","count":"8e043132","frame":3,"a":"00000400","b":"ffffffff","sp":"000002c3","mi":"00000000","mask":"0000003f","cause":"10000000","sr":"2400ff01","dp":"00000008","type":1,"locked":0,"sp_due":"00000000","rsp":"80045dd8","rs":"00000012","rdp":"00000000","next":"80045d78","qvalid":0,"qcapacity":8,"thread":"80068f90","tasks":2}
PDOBS {"n":1345,"ev":"sp_write_before","pc":"80035fd8","count":"8e1cf218","frame":3,"a":"00000400","b":"ffffffff","sp":"000002c3","mi":"00000000","mask":"0000003f","cause":"10000000","sr":"2400ff01","dp":"00000008","type":1,"locked":0,"sp_due":"00000000","rsp":"80045dd8","rs":"00000012","rdp":"00000000","next":"80045d78","qvalid":0,"qcapacity":8,"thread":"80068f90","tasks":2}
PDOBS {"n":1346,"ev":"sp_write_after","pc":"80035fd8","count":"8e1cf218","frame":3,"a":"00000400","b":"ffffffff","sp":"000002c3","mi":"00000000","mask":"0000003f","cause":"10000000","sr":"2400ff01","dp":"00000008","type":1,"locked":0,"sp_due":"00000000","rsp":"80045dd8","rs":"00000012","rdp":"00000000","next":"80045d78","qvalid":0,"qcapacity":8,"thread":"80068f90","tasks":2}
PDOBS {"n":1347,"ev":"sp_write_before","pc":"80035fd8","count":"8e35b306","frame":3,"a":"00000400","b":"ffffffff","sp":"000002c3","mi":"00000000","mask":"0000003f","cause":"10000000","sr":"2400ff01","dp":"00000008","type":1,"locked":0,"sp_due":"00000000","rsp":"80045dd8","rs":"00000012","rdp":"00000000","next":"80045d78","qvalid":0,"qcapacity":8,"thread":"80068f90","tasks":2}
PDOBS {"n":1348,"ev":"sp_write_after","pc":"80035fd8","count":"8e35b306","frame":3,"a":"00000400","b":"ffffffff","sp":"000002c3","mi":"00000000","mask":"0000003f","cause":"10000000","sr":"2400ff01","dp":"00000008","type":1,"locked":0,"sp_due":"00000000","rsp":"80045dd8","rs":"00000012","rdp":"00000000","next":"80045d78","qvalid":0,"qcapacity":8,"thread":"80068f90","tasks":2}
PDOBS {"n":1349,"ev":"sp_write_before","pc":"80035fd8","count":"8e4e73ec","frame":3,"a":"00000400","b":"ffffffff","sp":"000002c3","mi":"00000000","mask":"0000003f","cause":"10000000","sr":"2400ff01","dp":"00000008","type":1,"locked":0,"sp_due":"00000000","rsp":"80045dd8","rs":"00000012","rdp":"00000000","next":"80045d78","qvalid":0,"qcapacity":8,"thread":"80068f90","tasks":2}
PDOBS {"n":1350,"ev":"sp_write_after","pc":"80035fd8","count":"8e4e73ec","frame":3,"a":"00000400","b":"ffffffff","sp":"000002c3","mi":"00000000","mask":"0000003f","cause":"10000000","sr":"2400ff01","dp":"00000008","type":1,"locked":0,"sp_due":"00000000","rsp":"80045dd8","rs":"00000012","rdp":"00000000","next":"80045d78","qvalid":0,"qcapacity":8,"thread":"80068f90","tasks":2}
PDOBS {"n":1351,"ev":"sp_write_before","pc":"80035fd8","count":"8e6734d6","frame":3,"a":"00000400","b":"ffffffff","sp":"000002c3","mi":"00000000","mask":"0000003f","cause":"10000000","sr":"2400ff01","dp":"00000008","type":1,"locked":0,"sp_due":"00000000","rsp":"80045dd8","rs":"00000012","rdp":"00000000","next":"80045d78","qvalid":0,"qcapacity":8,"thread":"80068f90","tasks":2}
PDOBS {"n":1352,"ev":"sp_write_after","pc":"80035fd8","count":"8e6734d6","frame":3,"a":"00000400","b":"ffffffff","sp":"000002c3","mi":"00000000","mask":"0000003f","cause":"10000000","sr":"2400ff01","dp":"00000008","type":1,"locked":0,"sp_due":"00000000","rsp":"80045dd8","rs":"00000012","rdp":"00000000","next":"80045d78","qvalid":0,"qcapacity":8,"thread":"80068f90","tasks":2}
PDOBS {"n":1353,"ev":"sp_write_before","pc":"80035fd8","count":"8e7ff5c4","frame":3,"a":"00000400","b":"ffffffff","sp":"000002c3","mi":"00000000","mask":"0000003f","cause":"10000000","sr":"2400ff01","dp":"00000008","type":1,"locked":0,"sp_due":"00000000","rsp":"80045dd8","rs":"00000012","rdp":"00000000","next":"80045d78","qvalid":0,"qcapacity":8,"thread":"80068f90","tasks":2}
PDOBS {"n":1354,"ev":"sp_write_after","pc":"80035fd8","count":"8e7ff5c4","frame":3,"a":"00000400","b":"ffffffff","sp":"000002c3","mi":"00000000","mask":"0000003f","cause":"10000000","sr":"2400ff01","dp":"00000008","type":1,"locked":0,"sp_due":"00000000","rsp":"80045dd8","rs":"00000012","rdp":"00000000","next":"80045d78","qvalid":0,"qcapacity":8,"thread":"80068f90","tasks":2}
PDOBS {"n":1355,"ev":"sp_write_before","pc":"80035fd8","count":"8e98b6ae","frame":3,"a":"00000400","b":"ffffffff","sp":"000002c3","mi":"00000000","mask":"0000003f","cause":"10000000","sr":"2400ff01","dp":"00000008","type":1,"locked":0,"sp_due":"00000000","rsp":"80045dd8","rs":"00000012","rdp":"00000000","next":"80045d78","qvalid":0,"qcapacity":8,"thread":"80068f90","tasks":2}
PDOBS {"n":1356,"ev":"sp_write_after","pc":"80035fd8","count":"8e98b6ae","frame":3,"a":"00000400","b":"ffffffff","sp":"000002c3","mi":"00000000","mask":"0000003f","cause":"10000000","sr":"2400ff01","dp":"00000008","type":1,"locked":0,"sp_due":"00000000","rsp":"80045dd8","rs":"00000012","rdp":"00000000","next":"80045d78","qvalid":0,"qcapacity":8,"thread":"80068f90","tasks":2}
PDOBS {"n":1357,"ev":"sp_write_before","pc":"80035fd8","count":"8eb17794","frame":3,"a":"00000400","b":"ffffffff","sp":"000002c3","mi":"00000000","mask":"0000003f","cause":"10000000","sr":"2400ff01","dp":"00000008","type":1,"locked":0,"sp_due":"00000000","rsp":"80045dd8","rs":"00000012","rdp":"00000000","next":"80045d78","qvalid":0,"qcapacity":8,"thread":"80068f90","tasks":2}
PDOBS {"n":1358,"ev":"sp_write_after","pc":"80035fd8","count":"8eb17794","frame":3,"a":"00000400","b":"ffffffff","sp":"000002c3","mi":"00000000","mask":"0000003f","cause":"10000000","sr":"2400ff01","dp":"00000008","type":1,"locked":0,"sp_due":"00000000","rsp":"80045dd8","rs":"00000012","rdp":"00000000","next":"80045d78","qvalid":0,"qcapacity":8,"thread":"80068f90","tasks":2}
PDOBS {"n":1359,"ev":"sp_write_before","pc":"80035fd8","count":"8eca387e","frame":3,"a":"00000400","b":"ffffffff","sp":"000002c3","mi":"00000000","mask":"0000003f","cause":"10000000","sr":"2400ff01","dp":"00000008","type":1,"locked":0,"sp_due":"00000000","rsp":"80045dd8","rs":"00000012","rdp":"00000000","next":"80045d78","qvalid":0,"qcapacity":8,"thread":"80068f90","tasks":2}
PDOBS {"n":1360,"ev":"sp_write_after","pc":"80035fd8","count":"8eca387e","frame":3,"a":"00000400","b":"ffffffff","sp":"000002c3","mi":"00000000","mask":"0000003f","cause":"10000000","sr":"2400ff01","dp":"00000008","type":1,"locked":0,"sp_due":"00000000","rsp":"80045dd8","rs":"00000012","rdp":"00000000","next":"80045d78","qvalid":0,"qcapacity":8,"thread":"80068f90","tasks":2}
PDOBS {"n":1361,"ev":"sp_write_before","pc":"80035fd8","count":"8ee2f968","frame":3,"a":"00000400","b":"ffffffff","sp":"000002c3","mi":"00000000","mask":"0000003f","cause":"10000000","sr":"2400ff01","dp":"00000008","type":1,"locked":0,"sp_due":"00000000","rsp":"80045dd8","rs":"00000012","rdp":"00000000","next":"80045d78","qvalid":0,"qcapacity":8,"thread":"80068f90","tasks":2}
PDOBS {"n":1362,"ev":"sp_write_after","pc":"80035fd8","count":"8ee2f968","frame":3,"a":"00000400","b":"ffffffff","sp":"000002c3","mi":"00000000","mask":"0000003f","cause":"10000000","sr":"2400ff01","dp":"00000008","type":1,"locked":0,"sp_due":"00000000","rsp":"80045dd8","rs":"00000012","rdp":"00000000","next":"80045d78","qvalid":0,"qcapacity":8,"thread":"80068f90","tasks":2}
PDOBS {"n":1363,"ev":"sp_write_before","pc":"80035fd8","count":"8efbba5a","frame":3,"a":"00000400","b":"ffffffff","sp":"000002c3","mi":"00000000","mask":"0000003f","cause":"10000000","sr":"2400ff01","dp":"00000008","type":1,"locked":0,"sp_due":"00000000","rsp":"80045dd8","rs":"00000012","rdp":"00000000","next":"80045d78","qvalid":0,"qcapacity":8,"thread":"80068f90","tasks":2}
PDOBS {"n":1364,"ev":"sp_write_after","pc":"80035fd8","count":"8efbba5a","frame":3,"a":"00000400","b":"ffffffff","sp":"000002c3","mi":"00000000","mask":"0000003f","cause":"10000000","sr":"2400ff01","dp":"00000008","type":1,"locked":0,"sp_due":"00000000","rsp":"80045dd8","rs":"00000012","rdp":"00000000","next":"80045d78","qvalid":0,"qcapacity":8,"thread":"80068f90","tasks":2}
PDOBS {"n":1365,"ev":"sp_write_before","pc":"80035fd8","count":"8f147b3c","frame":3,"a":"00000400","b":"ffffffff","sp":"000002c3","mi":"00000000","mask":"0000003f","cause":"10000000","sr":"2400ff01","dp":"00000008","type":1,"locked":0,"sp_due":"00000000","rsp":"80045dd8","rs":"00000012","rdp":"00000000","next":"80045d78","qvalid":0,"qcapacity":8,"thread":"80068f90","tasks":2}
PDOBS {"n":1366,"ev":"sp_write_after","pc":"80035fd8","count":"8f147b3c","frame":3,"a":"00000400","b":"ffffffff","sp":"000002c3","mi":"00000000","mask":"0000003f","cause":"10000000","sr":"2400ff01","dp":"00000008","type":1,"locked":0,"sp_due":"00000000","rsp":"80045dd8","rs":"00000012","rdp":"00000000","next":"80045d78","qvalid":0,"qcapacity":8,"thread":"80068f90","tasks":2}
PDOBS {"n":1367,"ev":"sp_write_before","pc":"80035fd8","count":"8f2d3c26","frame":3,"a":"00000400","b":"ffffffff","sp":"000002c3","mi":"00000000","mask":"0000003f","cause":"10000000","sr":"2400ff01","dp":"00000008","type":1,"locked":0,"sp_due":"00000000","rsp":"80045dd8","rs":"00000012","rdp":"00000000","next":"80045d78","qvalid":0,"qcapacity":8,"thread":"80068f90","tasks":2}
PDOBS {"n":1368,"ev":"sp_write_after","pc":"80035fd8","count":"8f2d3c26","frame":3,"a":"00000400","b":"ffffffff","sp":"000002c3","mi":"00000000","mask":"0000003f","cause":"10000000","sr":"2400ff01","dp":"00000008","type":1,"locked":0,"sp_due":"00000000","rsp":"80045dd8","rs":"00000012","rdp":"00000000","next":"80045d78","qvalid":0,"qcapacity":8,"thread":"80068f90","tasks":2}
PDOBS {"n":1369,"ev":"sp_write_before","pc":"80035fd8","count":"8f45fd10","frame":3,"a":"00000400","b":"ffffffff","sp":"000002c3","mi":"00000000","mask":"0000003f","cause":"10000000","sr":"2400ff01","dp":"00000008","type":1,"locked":0,"sp_due":"00000000","rsp":"80045dd8","rs":"00000012","rdp":"00000000","next":"80045d78","qvalid":0,"qcapacity":8,"thread":"80068f90","tasks":2}
PDOBS {"n":1370,"ev":"sp_write_after","pc":"80035fd8","count":"8f45fd10","frame":3,"a":"00000400","b":"ffffffff","sp":"000002c3","mi":"00000000","mask":"0000003f","cause":"10000000","sr":"2400ff01","dp":"00000008","type":1,"locked":0,"sp_due":"00000000","rsp":"80045dd8","rs":"00000012","rdp":"00000000","next":"80045d78","qvalid":0,"qcapacity":8,"thread":"80068f90","tasks":2}
PDOBS {"n":1371,"ev":"sp_write_before","pc":"80035fd8","count":"8f5ebdfe","frame":3,"a":"00000400","b":"ffffffff","sp":"000002c3","mi":"00000000","mask":"0000003f","cause":"10000000","sr":"2400ff01","dp":"00000008","type":1,"locked":0,"sp_due":"00000000","rsp":"80045dd8","rs":"00000012","rdp":"00000000","next":"80045d78","qvalid":0,"qcapacity":8,"thread":"80068f90","tasks":2}
PDOBS {"n":1372,"ev":"sp_write_after","pc":"80035fd8","count":"8f5ebdfe","frame":3,"a":"00000400","b":"ffffffff","sp":"000002c3","mi":"00000000","mask":"0000003f","cause":"10000000","sr":"2400ff01","dp":"00000008","type":1,"locked":0,"sp_due":"00000000","rsp":"80045dd8","rs":"00000012","rdp":"00000000","next":"80045d78","qvalid":0,"qcapacity":8,"thread":"80068f90","tasks":2}
PDOBS {"n":1373,"ev":"sp_write_before","pc":"80035fd8","count":"8f777ee8","frame":3,"a":"00000400","b":"ffffffff","sp":"000002c3","mi":"00000000","mask":"0000003f","cause":"10000000","sr":"2400ff01","dp":"00000008","type":1,"locked":0,"sp_due":"00000000","rsp":"80045dd8","rs":"00000012","rdp":"00000000","next":"80045d78","qvalid":0,"qcapacity":8,"thread":"80068f90","tasks":2}
PDOBS {"n":1374,"ev":"sp_write_after","pc":"80035fd8","count":"8f777ee8","frame":3,"a":"00000400","b":"ffffffff","sp":"000002c3","mi":"00000000","mask":"0000003f","cause":"10000000","sr":"2400ff01","dp":"00000008","type":1,"locked":0,"sp_due":"00000000","rsp":"80045dd8","rs":"00000012","rdp":"00000000","next":"80045d78","qvalid":0,"qcapacity":8,"thread":"80068f90","tasks":2}
PDOBS {"n":1375,"ev":"sp_write_before","pc":"80035fd8","count":"8f903fce","frame":3,"a":"00000400","b":"ffffffff","sp":"000002c3","mi":"00000000","mask":"0000003f","cause":"10000000","sr":"2400ff01","dp":"00000008","type":1,"locked":0,"sp_due":"00000000","rsp":"80045dd8","rs":"00000012","rdp":"00000000","next":"80045d78","qvalid":0,"qcapacity":8,"thread":"80068f90","tasks":2}
PDOBS {"n":1376,"ev":"sp_write_after","pc":"80035fd8","count":"8f903fce","frame":3,"a":"00000400","b":"ffffffff","sp":"000002c3","mi":"00000000","mask":"0000003f","cause":"10000000","sr":"2400ff01","dp":"00000008","type":1,"locked":0,"sp_due":"00000000","rsp":"80045dd8","rs":"00000012","rdp":"00000000","next":"80045d78","qvalid":0,"qcapacity":8,"thread":"80068f90","tasks":2}
PDOBS {"n":1377,"ev":"sp_write_before","pc":"80035fd8","count":"8fa900b8","frame":3,"a":"00000400","b":"ffffffff","sp":"000002c3","mi":"00000000","mask":"0000003f","cause":"10000000","sr":"2400ff01","dp":"00000008","type":1,"locked":0,"sp_due":"00000000","rsp":"80045dd8","rs":"00000012","rdp":"00000000","next":"80045d78","qvalid":0,"qcapacity":8,"thread":"80068f90","tasks":2}
PDOBS {"n":1378,"ev":"sp_write_after","pc":"80035fd8","count":"8fa900b8","frame":3,"a":"00000400","b":"ffffffff","sp":"000002c3","mi":"00000000","mask":"0000003f","cause":"10000000","sr":"2400ff01","dp":"00000008","type":1,"locked":0,"sp_due":"00000000","rsp":"80045dd8","rs":"00000012","rdp":"00000000","next":"80045d78","qvalid":0,"qcapacity":8,"thread":"80068f90","tasks":2}
PDOBS {"n":1379,"ev":"sp_write_before","pc":"80035fd8","count":"8fc1c1a6","frame":3,"a":"00000400","b":"ffffffff","sp":"000002c3","mi":"00000000","mask":"0000003f","cause":"10000000","sr":"2400ff01","dp":"00000008","type":1,"locked":0,"sp_due":"00000000","rsp":"80045dd8","rs":"00000012","rdp":"00000000","next":"80045d78","qvalid":0,"qcapacity":8,"thread":"80068f90","tasks":2}
PDOBS {"n":1380,"ev":"sp_write_after","pc":"80035fd8","count":"8fc1c1a6","frame":3,"a":"00000400","b":"ffffffff","sp":"000002c3","mi":"00000000","mask":"0000003f","cause":"10000000","sr":"2400ff01","dp":"00000008","type":1,"locked":0,"sp_due":"00000000","rsp":"80045dd8","rs":"00000012","rdp":"00000000","next":"80045d78","qvalid":0,"qcapacity":8,"thread":"80068f90","tasks":2}
PDOBS {"n":1381,"ev":"sp_write_before","pc":"80035fd8","count":"8fda828c","frame":3,"a":"00000400","b":"ffffffff","sp":"000002c3","mi":"00000000","mask":"0000003f","cause":"10000000","sr":"2400ff01","dp":"00000008","type":1,"locked":0,"sp_due":"00000000","rsp":"80045dd8","rs":"00000012","rdp":"00000000","next":"80045d78","qvalid":0,"qcapacity":8,"thread":"80068f90","tasks":2}
PDOBS {"n":1382,"ev":"sp_write_after","pc":"80035fd8","count":"8fda828c","frame":3,"a":"00000400","b":"ffffffff","sp":"000002c3","mi":"00000000","mask":"0000003f","cause":"10000000","sr":"2400ff01","dp":"00000008","type":1,"locked":0,"sp_due":"00000000","rsp":"80045dd8","rs":"00000012","rdp":"00000000","next":"80045d78","qvalid":0,"qcapacity":8,"thread":"80068f90","tasks":2}
PDOBS {"n":1383,"ev":"sp_write_before","pc":"80035fd8","count":"8ff3437a","frame":3,"a":"00000400","b":"ffffffff","sp":"000002c3","mi":"00000000","mask":"0000003f","cause":"10000000","sr":"2400ff01","dp":"00000008","type":1,"locked":0,"sp_due":"00000000","rsp":"80045dd8","rs":"00000012","rdp":"00000000","next":"80045d78","qvalid":0,"qcapacity":8,"thread":"80068f90","tasks":2}
PDOBS {"n":1384,"ev":"sp_write_after","pc":"80035fd8","count":"8ff3437a","frame":3,"a":"00000400","b":"ffffffff","sp":"000002c3","mi":"00000000","mask":"0000003f","cause":"10000000","sr":"2400ff01","dp":"00000008","type":1,"locked":0,"sp_due":"00000000","rsp":"80045dd8","rs":"00000012","rdp":"00000000","next":"80045d78","qvalid":0,"qcapacity":8,"thread":"80068f90","tasks":2}
PDOBS {"n":1385,"ev":"sp_write_before","pc":"80035fd8","count":"900c0460","frame":3,"a":"00000400","b":"ffffffff","sp":"000002c3","mi":"00000000","mask":"0000003f","cause":"10000000","sr":"2400ff01","dp":"00000008","type":1,"locked":0,"sp_due":"00000000","rsp":"80045dd8","rs":"00000012","rdp":"00000000","next":"80045d78","qvalid":0,"qcapacity":8,"thread":"80068f90","tasks":2}
PDOBS {"n":1386,"ev":"sp_write_after","pc":"80035fd8","count":"900c0460","frame":3,"a":"00000400","b":"ffffffff","sp":"000002c3","mi":"00000000","mask":"0000003f","cause":"10000000","sr":"2400ff01","dp":"00000008","type":1,"locked":0,"sp_due":"00000000","rsp":"80045dd8","rs":"00000012","rdp":"00000000","next":"80045d78","qvalid":0,"qcapacity":8,"thread":"80068f90","tasks":2}
PDOBS {"n":1387,"ev":"sp_write_before","pc":"80035fd8","count":"9024c54e","frame":3,"a":"00000400","b":"ffffffff","sp":"000002c3","mi":"00000000","mask":"0000003f","cause":"10000000","sr":"2400ff01","dp":"00000008","type":1,"locked":0,"sp_due":"00000000","rsp":"80045dd8","rs":"00000012","rdp":"00000000","next":"80045d78","qvalid":0,"qcapacity":8,"thread":"80068f90","tasks":2}
PDOBS {"n":1388,"ev":"sp_write_after","pc":"80035fd8","count":"9024c54e","frame":3,"a":"00000400","b":"ffffffff","sp":"000002c3","mi":"00000000","mask":"0000003f","cause":"10000000","sr":"2400ff01","dp":"00000008","type":1,"locked":0,"sp_due":"00000000","rsp":"80045dd8","rs":"00000012","rdp":"00000000","next":"80045d78","qvalid":0,"qcapacity":8,"thread":"80068f90","tasks":2}
PDOBS {"n":1389,"ev":"sp_write_before","pc":"80035fd8","count":"903d8634","frame":3,"a":"00000400","b":"ffffffff","sp":"000002c3","mi":"00000000","mask":"0000003f","cause":"10000000","sr":"2400ff01","dp":"00000008","type":1,"locked":0,"sp_due":"00000000","rsp":"80045dd8","rs":"00000012","rdp":"00000000","next":"80045d78","qvalid":0,"qcapacity":8,"thread":"80068f90","tasks":2}
PDOBS {"n":1390,"ev":"sp_write_after","pc":"80035fd8","count":"903d8634","frame":3,"a":"00000400","b":"ffffffff","sp":"000002c3","mi":"00000000","mask":"0000003f","cause":"10000000","sr":"2400ff01","dp":"00000008","type":1,"locked":0,"sp_due":"00000000","rsp":"80045dd8","rs":"00000012","rdp":"00000000","next":"80045d78","qvalid":0,"qcapacity":8,"thread":"80068f90","tasks":2}
PDOBS {"n":1391,"ev":"sp_write_before","pc":"80035fd8","count":"9056471e","frame":3,"a":"00000400","b":"ffffffff","sp":"000002c3","mi":"00000000","mask":"0000003f","cause":"10000000","sr":"2400ff01","dp":"00000008","type":1,"locked":0,"sp_due":"00000000","rsp":"80045dd8","rs":"00000012","rdp":"00000000","next":"80045d78","qvalid":0,"qcapacity":8,"thread":"80068f90","tasks":2}
PDOBS {"n":1392,"ev":"sp_write_after","pc":"80035fd8","count":"9056471e","frame":3,"a":"00000400","b":"ffffffff","sp":"000002c3","mi":"00000000","mask":"0000003f","cause":"10000000","sr":"2400ff01","dp":"00000008","type":1,"locked":0,"sp_due":"00000000","rsp":"80045dd8","rs":"00000012","rdp":"00000000","next":"80045d78","qvalid":0,"qcapacity":8,"thread":"80068f90","tasks":2}
PDOBS {"n":1393,"ev":"sp_write_before","pc":"80035fd8","count":"906f080c","frame":3,"a":"00000400","b":"ffffffff","sp":"000002c3","mi":"00000000","mask":"0000003f","cause":"10000000","sr":"2400ff01","dp":"00000008","type":1,"locked":0,"sp_due":"00000000","rsp":"80045dd8","rs":"00000012","rdp":"00000000","next":"80045d78","qvalid":0,"qcapacity":8,"thread":"80068f90","tasks":2}
PDOBS {"n":1394,"ev":"sp_write_after","pc":"80035fd8","count":"906f080c","frame":3,"a":"00000400","b":"ffffffff","sp":"000002c3","mi":"00000000","mask":"0000003f","cause":"10000000","sr":"2400ff01","dp":"00000008","type":1,"locked":0,"sp_due":"00000000","rsp":"80045dd8","rs":"00000012","rdp":"00000000","next":"80045d78","qvalid":0,"qcapacity":8,"thread":"80068f90","tasks":2}
PDOBS {"n":1395,"ev":"sp_write_before","pc":"80035fd8","count":"9087c8f6","frame":3,"a":"00000400","b":"ffffffff","sp":"000002c3","mi":"00000000","mask":"0000003f","cause":"10000000","sr":"2400ff01","dp":"00000008","type":1,"locked":0,"sp_due":"00000000","rsp":"80045dd8","rs":"00000012","rdp":"00000000","next":"80045d78","qvalid":0,"qcapacity":8,"thread":"80068f90","tasks":2}
PDOBS {"n":1396,"ev":"sp_write_after","pc":"80035fd8","count":"9087c8f6","frame":3,"a":"00000400","b":"ffffffff","sp":"000002c3","mi":"00000000","mask":"0000003f","cause":"10000000","sr":"2400ff01","dp":"00000008","type":1,"locked":0,"sp_due":"00000000","rsp":"80045dd8","rs":"00000012","rdp":"00000000","next":"80045d78","qvalid":0,"qcapacity":8,"thread":"80068f90","tasks":2}
PDOBS {"n":1397,"ev":"sp_write_before","pc":"80035fd8","count":"90a089dc","frame":3,"a":"00000400","b":"ffffffff","sp":"000002c3","mi":"00000000","mask":"0000003f","cause":"10000000","sr":"2400ff01","dp":"00000008","type":1,"locked":0,"sp_due":"00000000","rsp":"80045dd8","rs":"00000012","rdp":"00000000","next":"80045d78","qvalid":0,"qcapacity":8,"thread":"80068f90","tasks":2}
PDOBS {"n":1398,"ev":"sp_write_after","pc":"80035fd8","count":"90a089dc","frame":3,"a":"00000400","b":"ffffffff","sp":"000002c3","mi":"00000000","mask":"0000003f","cause":"10000000","sr":"2400ff01","dp":"00000008","type":1,"locked":0,"sp_due":"00000000","rsp":"80045dd8","rs":"00000012","rdp":"00000000","next":"80045d78","qvalid":0,"qcapacity":8,"thread":"80068f90","tasks":2}
PDOBS {"n":1399,"ev":"sp_write_before","pc":"80035fd8","count":"90b94ac6","frame":3,"a":"00000400","b":"ffffffff","sp":"000002c3","mi":"00000000","mask":"0000003f","cause":"10000000","sr":"2400ff01","dp":"00000008","type":1,"locked":0,"sp_due":"00000000","rsp":"80045dd8","rs":"00000012","rdp":"00000000","next":"80045d78","qvalid":0,"qcapacity":8,"thread":"80068f90","tasks":2}
PDOBS {"n":1400,"ev":"sp_write_after","pc":"80035fd8","count":"90b94ac6","frame":3,"a":"00000400","b":"ffffffff","sp":"000002c3","mi":"00000000","mask":"0000003f","cause":"10000000","sr":"2400ff01","dp":"00000008","type":1,"locked":0,"sp_due":"00000000","rsp":"80045dd8","rs":"00000012","rdp":"00000000","next":"80045d78","qvalid":0,"qcapacity":8,"thread":"80068f90","tasks":2}
PDOBS {"n":1401,"ev":"sp_write_before","pc":"80035fd8","count":"90d20bb0","frame":3,"a":"00000400","b":"ffffffff","sp":"000002c3","mi":"00000000","mask":"0000003f","cause":"10000000","sr":"2400ff01","dp":"00000008","type":1,"locked":0,"sp_due":"00000000","rsp":"80045dd8","rs":"00000012","rdp":"00000000","next":"80045d78","qvalid":0,"qcapacity":8,"thread":"80068f90","tasks":2}
PDOBS {"n":1402,"ev":"sp_write_after","pc":"80035fd8","count":"90d20bb0","frame":3,"a":"00000400","b":"ffffffff","sp":"000002c3","mi":"00000000","mask":"0000003f","cause":"10000000","sr":"2400ff01","dp":"00000008","type":1,"locked":0,"sp_due":"00000000","rsp":"80045dd8","rs":"00000012","rdp":"00000000","next":"80045d78","qvalid":0,"qcapacity":8,"thread":"80068f90","tasks":2}
PDOBS {"n":1403,"ev":"sp_write_before","pc":"80035fd8","count":"90eacca2","frame":3,"a":"00000400","b":"ffffffff","sp":"000002c3","mi":"00000000","mask":"0000003f","cause":"10000000","sr":"2400ff01","dp":"00000008","type":1,"locked":0,"sp_due":"00000000","rsp":"80045dd8","rs":"00000012","rdp":"00000000","next":"80045d78","qvalid":0,"qcapacity":8,"thread":"80068f90","tasks":2}
PDOBS {"n":1404,"ev":"sp_write_after","pc":"80035fd8","count":"90eacca2","frame":3,"a":"00000400","b":"ffffffff","sp":"000002c3","mi":"00000000","mask":"0000003f","cause":"10000000","sr":"2400ff01","dp":"00000008","type":1,"locked":0,"sp_due":"00000000","rsp":"80045dd8","rs":"00000012","rdp":"00000000","next":"80045d78","qvalid":0,"qcapacity":8,"thread":"80068f90","tasks":2}
PDOBS {"n":1405,"ev":"sp_write_before","pc":"80035fd8","count":"91038d84","frame":3,"a":"00000400","b":"ffffffff","sp":"000002c3","mi":"00000000","mask":"0000003f","cause":"10000000","sr":"2400ff01","dp":"00000008","type":1,"locked":0,"sp_due":"00000000","rsp":"80045dd8","rs":"00000012","rdp":"00000000","next":"80045d78","qvalid":0,"qcapacity":8,"thread":"80068f90","tasks":2}
PDOBS {"n":1406,"ev":"sp_write_after","pc":"80035fd8","count":"91038d84","frame":3,"a":"00000400","b":"ffffffff","sp":"000002c3","mi":"00000000","mask":"0000003f","cause":"10000000","sr":"2400ff01","dp":"00000008","type":1,"locked":0,"sp_due":"00000000","rsp":"80045dd8","rs":"00000012","rdp":"00000000","next":"80045d78","qvalid":0,"qcapacity":8,"thread":"80068f90","tasks":2}
FRAME 2100 video=453 640x480 seconds=53.8
PDOBS {"n":1407,"ev":"sp_write_before","pc":"80035fd8","count":"911c4e6e","frame":3,"a":"00000400","b":"ffffffff","sp":"000002c3","mi":"00000000","mask":"0000003f","cause":"10000000","sr":"2400ff01","dp":"00000008","type":1,"locked":0,"sp_due":"00000000","rsp":"80045dd8","rs":"00000012","rdp":"00000000","next":"80045d78","qvalid":0,"qcapacity":8,"thread":"80068f90","tasks":2}
PDOBS {"n":1408,"ev":"sp_write_after","pc":"80035fd8","count":"911c4e6e","frame":3,"a":"00000400","b":"ffffffff","sp":"000002c3","mi":"00000000","mask":"0000003f","cause":"10000000","sr":"2400ff01","dp":"00000008","type":1,"locked":0,"sp_due":"00000000","rsp":"80045dd8","rs":"00000012","rdp":"00000000","next":"80045d78","qvalid":0,"qcapacity":8,"thread":"80068f90","tasks":2}
PDOBS {"n":1409,"ev":"sp_write_before","pc":"80035fd8","count":"91350f58","frame":3,"a":"00000400","b":"ffffffff","sp":"000002c3","mi":"00000000","mask":"0000003f","cause":"10000000","sr":"2400ff01","dp":"00000008","type":1,"locked":0,"sp_due":"00000000","rsp":"80045dd8","rs":"00000012","rdp":"00000000","next":"80045d78","qvalid":0,"qcapacity":8,"thread":"80068f90","tasks":2}
PDOBS {"n":1410,"ev":"sp_write_after","pc":"80035fd8","count":"91350f58","frame":3,"a":"00000400","b":"ffffffff","sp":"000002c3","mi":"00000000","mask":"0000003f","cause":"10000000","sr":"2400ff01","dp":"00000008","type":1,"locked":0,"sp_due":"00000000","rsp":"80045dd8","rs":"00000012","rdp":"00000000","next":"80045d78","qvalid":0,"qcapacity":8,"thread":"80068f90","tasks":2}
PDOBS {"n":1411,"ev":"sp_write_before","pc":"80035fd8","count":"914dd046","frame":3,"a":"00000400","b":"ffffffff","sp":"000002c3","mi":"00000000","mask":"0000003f","cause":"10000000","sr":"2400ff01","dp":"00000008","type":1,"locked":0,"sp_due":"00000000","rsp":"80045dd8","rs":"00000012","rdp":"00000000","next":"80045d78","qvalid":0,"qcapacity":8,"thread":"80068f90","tasks":2}
PDOBS {"n":1412,"ev":"sp_write_after","pc":"80035fd8","count":"914dd046","frame":3,"a":"00000400","b":"ffffffff","sp":"000002c3","mi":"00000000","mask":"0000003f","cause":"10000000","sr":"2400ff01","dp":"00000008","type":1,"locked":0,"sp_due":"00000000","rsp":"80045dd8","rs":"00000012","rdp":"00000000","next":"80045d78","qvalid":0,"qcapacity":8,"thread":"80068f90","tasks":2}
PDOBS {"n":1413,"ev":"sp_write_before","pc":"80035fd8","count":"91669130","frame":3,"a":"00000400","b":"ffffffff","sp":"000002c3","mi":"00000000","mask":"0000003f","cause":"10000000","sr":"2400ff01","dp":"00000008","type":1,"locked":0,"sp_due":"00000000","rsp":"80045dd8","rs":"00000012","rdp":"00000000","next":"80045d78","qvalid":0,"qcapacity":8,"thread":"80068f90","tasks":2}
PDOBS {"n":1414,"ev":"sp_write_after","pc":"80035fd8","count":"91669130","frame":3,"a":"00000400","b":"ffffffff","sp":"000002c3","mi":"00000000","mask":"0000003f","cause":"10000000","sr":"2400ff01","dp":"00000008","type":1,"locked":0,"sp_due":"00000000","rsp":"80045dd8","rs":"00000012","rdp":"00000000","next":"80045d78","qvalid":0,"qcapacity":8,"thread":"80068f90","tasks":2}
PDOBS {"n":1415,"ev":"sp_write_before","pc":"80035fd8","count":"917f5216","frame":3,"a":"00000400","b":"ffffffff","sp":"000002c3","mi":"00000000","mask":"0000003f","cause":"10000000","sr":"2400ff01","dp":"00000008","type":1,"locked":0,"sp_due":"00000000","rsp":"80045dd8","rs":"00000012","rdp":"00000000","next":"80045d78","qvalid":0,"qcapacity":8,"thread":"80068f90","tasks":2}
PDOBS {"n":1416,"ev":"sp_write_after","pc":"80035fd8","count":"917f5216","frame":3,"a":"00000400","b":"ffffffff","sp":"000002c3","mi":"00000000","mask":"0000003f","cause":"10000000","sr":"2400ff01","dp":"00000008","type":1,"locked":0,"sp_due":"00000000","rsp":"80045dd8","rs":"00000012","rdp":"00000000","next":"80045d78","qvalid":0,"qcapacity":8,"thread":"80068f90","tasks":2}
PDOBS {"n":1417,"ev":"sp_write_before","pc":"80035fd8","count":"91981300","frame":3,"a":"00000400","b":"ffffffff","sp":"000002c3","mi":"00000000","mask":"0000003f","cause":"10000000","sr":"2400ff01","dp":"00000008","type":1,"locked":0,"sp_due":"00000000","rsp":"80045dd8","rs":"00000012","rdp":"00000000","next":"80045d78","qvalid":0,"qcapacity":8,"thread":"80068f90","tasks":2}
PDOBS {"n":1418,"ev":"sp_write_after","pc":"80035fd8","count":"91981300","frame":3,"a":"00000400","b":"ffffffff","sp":"000002c3","mi":"00000000","mask":"0000003f","cause":"10000000","sr":"2400ff01","dp":"00000008","type":1,"locked":0,"sp_due":"00000000","rsp":"80045dd8","rs":"00000012","rdp":"00000000","next":"80045d78","qvalid":0,"qcapacity":8,"thread":"80068f90","tasks":2}
PDOBS {"n":1419,"ev":"sp_write_before","pc":"80035fd8","count":"91b0d3ee","frame":3,"a":"00000400","b":"ffffffff","sp":"000002c3","mi":"00000000","mask":"0000003f","cause":"10000000","sr":"2400ff01","dp":"00000008","type":1,"locked":0,"sp_due":"00000000","rsp":"80045dd8","rs":"00000012","rdp":"00000000","next":"80045d78","qvalid":0,"qcapacity":8,"thread":"80068f90","tasks":2}
PDOBS {"n":1420,"ev":"sp_write_after","pc":"80035fd8","count":"91b0d3ee","frame":3,"a":"00000400","b":"ffffffff","sp":"000002c3","mi":"00000000","mask":"0000003f","cause":"10000000","sr":"2400ff01","dp":"00000008","type":1,"locked":0,"sp_due":"00000000","rsp":"80045dd8","rs":"00000012","rdp":"00000000","next":"80045d78","qvalid":0,"qcapacity":8,"thread":"80068f90","tasks":2}
PDOBS {"n":1421,"ev":"sp_write_before","pc":"80035fd8","count":"91c994d4","frame":3,"a":"00000400","b":"ffffffff","sp":"000002c3","mi":"00000000","mask":"0000003f","cause":"10000000","sr":"2400ff01","dp":"00000008","type":1,"locked":0,"sp_due":"00000000","rsp":"80045dd8","rs":"00000012","rdp":"00000000","next":"80045d78","qvalid":0,"qcapacity":8,"thread":"80068f90","tasks":2}
PDOBS {"n":1422,"ev":"sp_write_after","pc":"80035fd8","count":"91c994d4","frame":3,"a":"00000400","b":"ffffffff","sp":"000002c3","mi":"00000000","mask":"0000003f","cause":"10000000","sr":"2400ff01","dp":"00000008","type":1,"locked":0,"sp_due":"00000000","rsp":"80045dd8","rs":"00000012","rdp":"00000000","next":"80045d78","qvalid":0,"qcapacity":8,"thread":"80068f90","tasks":2}
PDOBS {"n":1423,"ev":"sp_write_before","pc":"80035fd8","count":"91e255c2","frame":3,"a":"00000400","b":"ffffffff","sp":"000002c3","mi":"00000000","mask":"0000003f","cause":"10000000","sr":"2400ff01","dp":"00000008","type":1,"locked":0,"sp_due":"00000000","rsp":"80045dd8","rs":"00000012","rdp":"00000000","next":"80045d78","qvalid":0,"qcapacity":8,"thread":"80068f90","tasks":2}
PDOBS {"n":1424,"ev":"sp_write_after","pc":"80035fd8","count":"91e255c2","frame":3,"a":"00000400","b":"ffffffff","sp":"000002c3","mi":"00000000","mask":"0000003f","cause":"10000000","sr":"2400ff01","dp":"00000008","type":1,"locked":0,"sp_due":"00000000","rsp":"80045dd8","rs":"00000012","rdp":"00000000","next":"80045d78","qvalid":0,"qcapacity":8,"thread":"80068f90","tasks":2}
PDOBS {"n":1425,"ev":"sp_write_before","pc":"80035fd8","count":"91fb16a8","frame":3,"a":"00000400","b":"ffffffff","sp":"000002c3","mi":"00000000","mask":"0000003f","cause":"10000000","sr":"2400ff01","dp":"00000008","type":1,"locked":0,"sp_due":"00000000","rsp":"80045dd8","rs":"00000012","rdp":"00000000","next":"80045d78","qvalid":0,"qcapacity":8,"thread":"80068f90","tasks":2}
PDOBS {"n":1426,"ev":"sp_write_after","pc":"80035fd8","count":"91fb16a8","frame":3,"a":"00000400","b":"ffffffff","sp":"000002c3","mi":"00000000","mask":"0000003f","cause":"10000000","sr":"2400ff01","dp":"00000008","type":1,"locked":0,"sp_due":"00000000","rsp":"80045dd8","rs":"00000012","rdp":"00000000","next":"80045d78","qvalid":0,"qcapacity":8,"thread":"80068f90","tasks":2}
PDOBS {"n":1427,"ev":"sp_write_before","pc":"80035fd8","count":"9213d796","frame":3,"a":"00000400","b":"ffffffff","sp":"000002c3","mi":"00000000","mask":"0000003f","cause":"10000000","sr":"2400ff01","dp":"00000008","type":1,"locked":0,"sp_due":"00000000","rsp":"80045dd8","rs":"00000012","rdp":"00000000","next":"80045d78","qvalid":0,"qcapacity":8,"thread":"80068f90","tasks":2}
PDOBS {"n":1428,"ev":"sp_write_after","pc":"80035fd8","count":"9213d796","frame":3,"a":"00000400","b":"ffffffff","sp":"000002c3","mi":"00000000","mask":"0000003f","cause":"10000000","sr":"2400ff01","dp":"00000008","type":1,"locked":0,"sp_due":"00000000","rsp":"80045dd8","rs":"00000012","rdp":"00000000","next":"80045d78","qvalid":0,"qcapacity":8,"thread":"80068f90","tasks":2}
PDOBS {"n":1429,"ev":"sp_write_before","pc":"80035fd8","count":"922c987c","frame":3,"a":"00000400","b":"ffffffff","sp":"000002c3","mi":"00000000","mask":"0000003f","cause":"10000000","sr":"2400ff01","dp":"00000008","type":1,"locked":0,"sp_due":"00000000","rsp":"80045dd8","rs":"00000012","rdp":"00000000","next":"80045d78","qvalid":0,"qcapacity":8,"thread":"80068f90","tasks":2}
PDOBS {"n":1430,"ev":"sp_write_after","pc":"80035fd8","count":"922c987c","frame":3,"a":"00000400","b":"ffffffff","sp":"000002c3","mi":"00000000","mask":"0000003f","cause":"10000000","sr":"2400ff01","dp":"00000008","type":1,"locked":0,"sp_due":"00000000","rsp":"80045dd8","rs":"00000012","rdp":"00000000","next":"80045d78","qvalid":0,"qcapacity":8,"thread":"80068f90","tasks":2}
PDOBS {"n":1431,"ev":"sp_write_before","pc":"80035fd8","count":"92455966","frame":3,"a":"00000400","b":"ffffffff","sp":"000002c3","mi":"00000000","mask":"0000003f","cause":"10000000","sr":"2400ff01","dp":"00000008","type":1,"locked":0,"sp_due":"00000000","rsp":"80045dd8","rs":"00000012","rdp":"00000000","next":"80045d78","qvalid":0,"qcapacity":8,"thread":"80068f90","tasks":2}
PDOBS {"n":1432,"ev":"sp_write_after","pc":"80035fd8","count":"92455966","frame":3,"a":"00000400","b":"ffffffff","sp":"000002c3","mi":"00000000","mask":"0000003f","cause":"10000000","sr":"2400ff01","dp":"00000008","type":1,"locked":0,"sp_due":"00000000","rsp":"80045dd8","rs":"00000012","rdp":"00000000","next":"80045d78","qvalid":0,"qcapacity":8,"thread":"80068f90","tasks":2}
PDOBS {"n":1433,"ev":"sp_write_before","pc":"80035fd8","count":"925e1a54","frame":3,"a":"00000400","b":"ffffffff","sp":"000002c3","mi":"00000000","mask":"0000003f","cause":"10000000","sr":"2400ff01","dp":"00000008","type":1,"locked":0,"sp_due":"00000000","rsp":"80045dd8","rs":"00000012","rdp":"00000000","next":"80045d78","qvalid":0,"qcapacity":8,"thread":"80068f90","tasks":2}
PDOBS {"n":1434,"ev":"sp_write_after","pc":"80035fd8","count":"925e1a54","frame":3,"a":"00000400","b":"ffffffff","sp":"000002c3","mi":"00000000","mask":"0000003f","cause":"10000000","sr":"2400ff01","dp":"00000008","type":1,"locked":0,"sp_due":"00000000","rsp":"80045dd8","rs":"00000012","rdp":"00000000","next":"80045d78","qvalid":0,"qcapacity":8,"thread":"80068f90","tasks":2}
PDOBS {"n":1435,"ev":"sp_write_before","pc":"80035fd8","count":"9276db3e","frame":3,"a":"00000400","b":"ffffffff","sp":"000002c3","mi":"00000000","mask":"0000003f","cause":"10000000","sr":"2400ff01","dp":"00000008","type":1,"locked":0,"sp_due":"00000000","rsp":"80045dd8","rs":"00000012","rdp":"00000000","next":"80045d78","qvalid":0,"qcapacity":8,"thread":"80068f90","tasks":2}
PDOBS {"n":1436,"ev":"sp_write_after","pc":"80035fd8","count":"9276db3e","frame":3,"a":"00000400","b":"ffffffff","sp":"000002c3","mi":"00000000","mask":"0000003f","cause":"10000000","sr":"2400ff01","dp":"00000008","type":1,"locked":0,"sp_due":"00000000","rsp":"80045dd8","rs":"00000012","rdp":"00000000","next":"80045d78","qvalid":0,"qcapacity":8,"thread":"80068f90","tasks":2}
PDOBS {"n":1437,"ev":"sp_write_before","pc":"80035fd8","count":"928f9c24","frame":3,"a":"00000400","b":"ffffffff","sp":"000002c3","mi":"00000000","mask":"0000003f","cause":"10000000","sr":"2400ff01","dp":"00000008","type":1,"locked":0,"sp_due":"00000000","rsp":"80045dd8","rs":"00000012","rdp":"00000000","next":"80045d78","qvalid":0,"qcapacity":8,"thread":"80068f90","tasks":2}
PDOBS {"n":1438,"ev":"sp_write_after","pc":"80035fd8","count":"928f9c24","frame":3,"a":"00000400","b":"ffffffff","sp":"000002c3","mi":"00000000","mask":"0000003f","cause":"10000000","sr":"2400ff01","dp":"00000008","type":1,"locked":0,"sp_due":"00000000","rsp":"80045dd8","rs":"00000012","rdp":"00000000","next":"80045d78","qvalid":0,"qcapacity":8,"thread":"80068f90","tasks":2}
PDOBS {"n":1439,"ev":"sp_write_before","pc":"80035fd8","count":"92a85d0e","frame":3,"a":"00000400","b":"ffffffff","sp":"000002c3","mi":"00000000","mask":"0000003f","cause":"10000000","sr":"2400ff01","dp":"00000008","type":1,"locked":0,"sp_due":"00000000","rsp":"80045dd8","rs":"00000012","rdp":"00000000","next":"80045d78","qvalid":0,"qcapacity":8,"thread":"80068f90","tasks":2}
PDOBS {"n":1440,"ev":"sp_write_after","pc":"80035fd8","count":"92a85d0e","frame":3,"a":"00000400","b":"ffffffff","sp":"000002c3","mi":"00000000","mask":"0000003f","cause":"10000000","sr":"2400ff01","dp":"00000008","type":1,"locked":0,"sp_due":"00000000","rsp":"80045dd8","rs":"00000012","rdp":"00000000","next":"80045d78","qvalid":0,"qcapacity":8,"thread":"80068f90","tasks":2}
PDOBS {"n":1441,"ev":"sp_write_before","pc":"80035fd8","count":"92c11df8","frame":3,"a":"00000400","b":"ffffffff","sp":"000002c3","mi":"00000000","mask":"0000003f","cause":"10000000","sr":"2400ff01","dp":"00000008","type":1,"locked":0,"sp_due":"00000000","rsp":"80045dd8","rs":"00000012","rdp":"00000000","next":"80045d78","qvalid":0,"qcapacity":8,"thread":"80068f90","tasks":2}
PDOBS {"n":1442,"ev":"sp_write_after","pc":"80035fd8","count":"92c11df8","frame":3,"a":"00000400","b":"ffffffff","sp":"000002c3","mi":"00000000","mask":"0000003f","cause":"10000000","sr":"2400ff01","dp":"00000008","type":1,"locked":0,"sp_due":"00000000","rsp":"80045dd8","rs":"00000012","rdp":"00000000","next":"80045d78","qvalid":0,"qcapacity":8,"thread":"80068f90","tasks":2}
PDOBS {"n":1443,"ev":"sp_write_before","pc":"80035fd8","count":"92d9deea","frame":3,"a":"00000400","b":"ffffffff","sp":"000002c3","mi":"00000000","mask":"0000003f","cause":"10000000","sr":"2400ff01","dp":"00000008","type":1,"locked":0,"sp_due":"00000000","rsp":"80045dd8","rs":"00000012","rdp":"00000000","next":"80045d78","qvalid":0,"qcapacity":8,"thread":"80068f90","tasks":2}
PDOBS {"n":1444,"ev":"sp_write_after","pc":"80035fd8","count":"92d9deea","frame":3,"a":"00000400","b":"ffffffff","sp":"000002c3","mi":"00000000","mask":"0000003f","cause":"10000000","sr":"2400ff01","dp":"00000008","type":1,"locked":0,"sp_due":"00000000","rsp":"80045dd8","rs":"00000012","rdp":"00000000","next":"80045d78","qvalid":0,"qcapacity":8,"thread":"80068f90","tasks":2}
PDOBS {"n":1445,"ev":"sp_write_before","pc":"80035fd8","count":"92f29fcc","frame":3,"a":"00000400","b":"ffffffff","sp":"000002c3","mi":"00000000","mask":"0000003f","cause":"10000000","sr":"2400ff01","dp":"00000008","type":1,"locked":0,"sp_due":"00000000","rsp":"80045dd8","rs":"00000012","rdp":"00000000","next":"80045d78","qvalid":0,"qcapacity":8,"thread":"80068f90","tasks":2}
PDOBS {"n":1446,"ev":"sp_write_after","pc":"80035fd8","count":"92f29fcc","frame":3,"a":"00000400","b":"ffffffff","sp":"000002c3","mi":"00000000","mask":"0000003f","cause":"10000000","sr":"2400ff01","dp":"00000008","type":1,"locked":0,"sp_due":"00000000","rsp":"80045dd8","rs":"00000012","rdp":"00000000","next":"80045d78","qvalid":0,"qcapacity":8,"thread":"80068f90","tasks":2}
PDOBS {"n":1447,"ev":"sp_write_before","pc":"80035fd8","count":"930b60b6","frame":3,"a":"00000400","b":"ffffffff","sp":"000002c3","mi":"00000000","mask":"0000003f","cause":"10000000","sr":"2400ff01","dp":"00000008","type":1,"locked":0,"sp_due":"00000000","rsp":"80045dd8","rs":"00000012","rdp":"00000000","next":"80045d78","qvalid":0,"qcapacity":8,"thread":"80068f90","tasks":2}
PDOBS {"n":1448,"ev":"sp_write_after","pc":"80035fd8","count":"930b60b6","frame":3,"a":"00000400","b":"ffffffff","sp":"000002c3","mi":"00000000","mask":"0000003f","cause":"10000000","sr":"2400ff01","dp":"00000008","type":1,"locked":0,"sp_due":"00000000","rsp":"80045dd8","rs":"00000012","rdp":"00000000","next":"80045d78","qvalid":0,"qcapacity":8,"thread":"80068f90","tasks":2}
PDOBS {"n":1449,"ev":"sp_write_before","pc":"80035fd8","count":"932421a0","frame":3,"a":"00000400","b":"ffffffff","sp":"000002c3","mi":"00000000","mask":"0000003f","cause":"10000000","sr":"2400ff01","dp":"00000008","type":1,"locked":0,"sp_due":"00000000","rsp":"80045dd8","rs":"00000012","rdp":"00000000","next":"80045d78","qvalid":0,"qcapacity":8,"thread":"80068f90","tasks":2}
PDOBS {"n":1450,"ev":"sp_write_after","pc":"80035fd8","count":"932421a0","frame":3,"a":"00000400","b":"ffffffff","sp":"000002c3","mi":"00000000","mask":"0000003f","cause":"10000000","sr":"2400ff01","dp":"00000008","type":1,"locked":0,"sp_due":"00000000","rsp":"80045dd8","rs":"00000012","rdp":"00000000","next":"80045d78","qvalid":0,"qcapacity":8,"thread":"80068f90","tasks":2}
PDOBS {"n":1451,"ev":"sp_write_before","pc":"80035fd8","count":"933ce28e","frame":3,"a":"00000400","b":"ffffffff","sp":"000002c3","mi":"00000000","mask":"0000003f","cause":"10000000","sr":"2400ff01","dp":"00000008","type":1,"locked":0,"sp_due":"00000000","rsp":"80045dd8","rs":"00000012","rdp":"00000000","next":"80045d78","qvalid":0,"qcapacity":8,"thread":"80068f90","tasks":2}
PDOBS {"n":1452,"ev":"sp_write_after","pc":"80035fd8","count":"933ce28e","frame":3,"a":"00000400","b":"ffffffff","sp":"000002c3","mi":"00000000","mask":"0000003f","cause":"10000000","sr":"2400ff01","dp":"00000008","type":1,"locked":0,"sp_due":"00000000","rsp":"80045dd8","rs":"00000012","rdp":"00000000","next":"80045d78","qvalid":0,"qcapacity":8,"thread":"80068f90","tasks":2}
PDOBS {"n":1453,"ev":"sp_write_before","pc":"80035fd8","count":"9355a378","frame":3,"a":"00000400","b":"ffffffff","sp":"000002c3","mi":"00000000","mask":"0000003f","cause":"10000000","sr":"2400ff01","dp":"00000008","type":1,"locked":0,"sp_due":"00000000","rsp":"80045dd8","rs":"00000012","rdp":"00000000","next":"80045d78","qvalid":0,"qcapacity":8,"thread":"80068f90","tasks":2}
PDOBS {"n":1454,"ev":"sp_write_after","pc":"80035fd8","count":"9355a378","frame":3,"a":"00000400","b":"ffffffff","sp":"000002c3","mi":"00000000","mask":"0000003f","cause":"10000000","sr":"2400ff01","dp":"00000008","type":1,"locked":0,"sp_due":"00000000","rsp":"80045dd8","rs":"00000012","rdp":"00000000","next":"80045d78","qvalid":0,"qcapacity":8,"thread":"80068f90","tasks":2}
PDOBS {"n":1455,"ev":"sp_write_before","pc":"80035fd8","count":"936e645e","frame":3,"a":"00000400","b":"ffffffff","sp":"000002c3","mi":"00000000","mask":"0000003f","cause":"10000000","sr":"2400ff01","dp":"00000008","type":1,"locked":0,"sp_due":"00000000","rsp":"80045dd8","rs":"00000012","rdp":"00000000","next":"80045d78","qvalid":0,"qcapacity":8,"thread":"80068f90","tasks":2}
PDOBS {"n":1456,"ev":"sp_write_after","pc":"80035fd8","count":"936e645e","frame":3,"a":"00000400","b":"ffffffff","sp":"000002c3","mi":"00000000","mask":"0000003f","cause":"10000000","sr":"2400ff01","dp":"00000008","type":1,"locked":0,"sp_due":"00000000","rsp":"80045dd8","rs":"00000012","rdp":"00000000","next":"80045d78","qvalid":0,"qcapacity":8,"thread":"80068f90","tasks":2}
PDOBS {"n":1457,"ev":"sp_write_before","pc":"80035fd8","count":"93872548","frame":3,"a":"00000400","b":"ffffffff","sp":"000002c3","mi":"00000000","mask":"0000003f","cause":"10000000","sr":"2400ff01","dp":"00000008","type":1,"locked":0,"sp_due":"00000000","rsp":"80045dd8","rs":"00000012","rdp":"00000000","next":"80045d78","qvalid":0,"qcapacity":8,"thread":"80068f90","tasks":2}
PDOBS {"n":1458,"ev":"sp_write_after","pc":"80035fd8","count":"93872548","frame":3,"a":"00000400","b":"ffffffff","sp":"000002c3","mi":"00000000","mask":"0000003f","cause":"10000000","sr":"2400ff01","dp":"00000008","type":1,"locked":0,"sp_due":"00000000","rsp":"80045dd8","rs":"00000012","rdp":"00000000","next":"80045d78","qvalid":0,"qcapacity":8,"thread":"80068f90","tasks":2}
PDOBS {"n":1459,"ev":"sp_write_before","pc":"80035fd8","count":"939fe636","frame":3,"a":"00000400","b":"ffffffff","sp":"000002c3","mi":"00000000","mask":"0000003f","cause":"10000000","sr":"2400ff01","dp":"00000008","type":1,"locked":0,"sp_due":"00000000","rsp":"80045dd8","rs":"00000012","rdp":"00000000","next":"80045d78","qvalid":0,"qcapacity":8,"thread":"80068f90","tasks":2}
PDOBS {"n":1460,"ev":"sp_write_after","pc":"80035fd8","count":"939fe636","frame":3,"a":"00000400","b":"ffffffff","sp":"000002c3","mi":"00000000","mask":"0000003f","cause":"10000000","sr":"2400ff01","dp":"00000008","type":1,"locked":0,"sp_due":"00000000","rsp":"80045dd8","rs":"00000012","rdp":"00000000","next":"80045d78","qvalid":0,"qcapacity":8,"thread":"80068f90","tasks":2}
PDOBS {"n":1461,"ev":"sp_write_before","pc":"80035fd8","count":"93b8a71c","frame":3,"a":"00000400","b":"ffffffff","sp":"000002c3","mi":"00000000","mask":"0000003f","cause":"10000000","sr":"2400ff01","dp":"00000008","type":1,"locked":0,"sp_due":"00000000","rsp":"80045dd8","rs":"00000012","rdp":"00000000","next":"80045d78","qvalid":0,"qcapacity":8,"thread":"80068f90","tasks":2}
PDOBS {"n":1462,"ev":"sp_write_after","pc":"80035fd8","count":"93b8a71c","frame":3,"a":"00000400","b":"ffffffff","sp":"000002c3","mi":"00000000","mask":"0000003f","cause":"10000000","sr":"2400ff01","dp":"00000008","type":1,"locked":0,"sp_due":"00000000","rsp":"80045dd8","rs":"00000012","rdp":"00000000","next":"80045d78","qvalid":0,"qcapacity":8,"thread":"80068f90","tasks":2}
PDOBS {"n":1463,"ev":"sp_write_before","pc":"80035fd8","count":"93d1680a","frame":3,"a":"00000400","b":"ffffffff","sp":"000002c3","mi":"00000000","mask":"0000003f","cause":"10000000","sr":"2400ff01","dp":"00000008","type":1,"locked":0,"sp_due":"00000000","rsp":"80045dd8","rs":"00000012","rdp":"00000000","next":"80045d78","qvalid":0,"qcapacity":8,"thread":"80068f90","tasks":2}
PDOBS {"n":1464,"ev":"sp_write_after","pc":"80035fd8","count":"93d1680a","frame":3,"a":"00000400","b":"ffffffff","sp":"000002c3","mi":"00000000","mask":"0000003f","cause":"10000000","sr":"2400ff01","dp":"00000008","type":1,"locked":0,"sp_due":"00000000","rsp":"80045dd8","rs":"00000012","rdp":"00000000","next":"80045d78","qvalid":0,"qcapacity":8,"thread":"80068f90","tasks":2}
PDOBS {"n":1465,"ev":"sp_write_before","pc":"80035fd8","count":"93ea28f0","frame":3,"a":"00000400","b":"ffffffff","sp":"000002c3","mi":"00000000","mask":"0000003f","cause":"10000000","sr":"2400ff01","dp":"00000008","type":1,"locked":0,"sp_due":"00000000","rsp":"80045dd8","rs":"00000012","rdp":"00000000","next":"80045d78","qvalid":0,"qcapacity":8,"thread":"80068f90","tasks":2}
PDOBS {"n":1466,"ev":"sp_write_after","pc":"80035fd8","count":"93ea28f0","frame":3,"a":"00000400","b":"ffffffff","sp":"000002c3","mi":"00000000","mask":"0000003f","cause":"10000000","sr":"2400ff01","dp":"00000008","type":1,"locked":0,"sp_due":"00000000","rsp":"80045dd8","rs":"00000012","rdp":"00000000","next":"80045d78","qvalid":0,"qcapacity":8,"thread":"80068f90","tasks":2}
PDOBS {"n":1467,"ev":"sp_write_before","pc":"80035fd8","count":"9402e9de","frame":3,"a":"00000400","b":"ffffffff","sp":"000002c3","mi":"00000000","mask":"0000003f","cause":"10000000","sr":"2400ff01","dp":"00000008","type":1,"locked":0,"sp_due":"00000000","rsp":"80045dd8","rs":"00000012","rdp":"00000000","next":"80045d78","qvalid":0,"qcapacity":8,"thread":"80068f90","tasks":2}
PDOBS {"n":1468,"ev":"sp_write_after","pc":"80035fd8","count":"9402e9de","frame":3,"a":"00000400","b":"ffffffff","sp":"000002c3","mi":"00000000","mask":"0000003f","cause":"10000000","sr":"2400ff01","dp":"00000008","type":1,"locked":0,"sp_due":"00000000","rsp":"80045dd8","rs":"00000012","rdp":"00000000","next":"80045d78","qvalid":0,"qcapacity":8,"thread":"80068f90","tasks":2}
PDOBS {"n":1469,"ev":"sp_write_before","pc":"80035fd8","count":"941baac4","frame":3,"a":"00000400","b":"ffffffff","sp":"000002c3","mi":"00000000","mask":"0000003f","cause":"10000000","sr":"2400ff01","dp":"00000008","type":1,"locked":0,"sp_due":"00000000","rsp":"80045dd8","rs":"00000012","rdp":"00000000","next":"80045d78","qvalid":0,"qcapacity":8,"thread":"80068f90","tasks":2}
PDOBS {"n":1470,"ev":"sp_write_after","pc":"80035fd8","count":"941baac4","frame":3,"a":"00000400","b":"ffffffff","sp":"000002c3","mi":"00000000","mask":"0000003f","cause":"10000000","sr":"2400ff01","dp":"00000008","type":1,"locked":0,"sp_due":"00000000","rsp":"80045dd8","rs":"00000012","rdp":"00000000","next":"80045d78","qvalid":0,"qcapacity":8,"thread":"80068f90","tasks":2}
PDOBS {"n":1471,"ev":"sp_write_before","pc":"80035fd8","count":"94346bae","frame":3,"a":"00000400","b":"ffffffff","sp":"000002c3","mi":"00000000","mask":"0000003f","cause":"10000000","sr":"2400ff01","dp":"00000008","type":1,"locked":0,"sp_due":"00000000","rsp":"80045dd8","rs":"00000012","rdp":"00000000","next":"80045d78","qvalid":0,"qcapacity":8,"thread":"80068f90","tasks":2}
PDOBS {"n":1472,"ev":"sp_write_after","pc":"80035fd8","count":"94346bae","frame":3,"a":"00000400","b":"ffffffff","sp":"000002c3","mi":"00000000","mask":"0000003f","cause":"10000000","sr":"2400ff01","dp":"00000008","type":1,"locked":0,"sp_due":"00000000","rsp":"80045dd8","rs":"00000012","rdp":"00000000","next":"80045d78","qvalid":0,"qcapacity":8,"thread":"80068f90","tasks":2}
PDOBS {"n":1473,"ev":"sp_write_before","pc":"80035fd8","count":"944d2c9c","frame":3,"a":"00000400","b":"ffffffff","sp":"000002c3","mi":"00000000","mask":"0000003f","cause":"10000000","sr":"2400ff01","dp":"00000008","type":1,"locked":0,"sp_due":"00000000","rsp":"80045dd8","rs":"00000012","rdp":"00000000","next":"80045d78","qvalid":0,"qcapacity":8,"thread":"80068f90","tasks":2}
PDOBS {"n":1474,"ev":"sp_write_after","pc":"80035fd8","count":"944d2c9c","frame":3,"a":"00000400","b":"ffffffff","sp":"000002c3","mi":"00000000","mask":"0000003f","cause":"10000000","sr":"2400ff01","dp":"00000008","type":1,"locked":0,"sp_due":"00000000","rsp":"80045dd8","rs":"00000012","rdp":"00000000","next":"80045d78","qvalid":0,"qcapacity":8,"thread":"80068f90","tasks":2}
PDOBS {"n":1475,"ev":"sp_write_before","pc":"80035fd8","count":"9465ed86","frame":3,"a":"00000400","b":"ffffffff","sp":"000002c3","mi":"00000000","mask":"0000003f","cause":"10000000","sr":"2400ff01","dp":"00000008","type":1,"locked":0,"sp_due":"00000000","rsp":"80045dd8","rs":"00000012","rdp":"00000000","next":"80045d78","qvalid":0,"qcapacity":8,"thread":"80068f90","tasks":2}
PDOBS {"n":1476,"ev":"sp_write_after","pc":"80035fd8","count":"9465ed86","frame":3,"a":"00000400","b":"ffffffff","sp":"000002c3","mi":"00000000","mask":"0000003f","cause":"10000000","sr":"2400ff01","dp":"00000008","type":1,"locked":0,"sp_due":"00000000","rsp":"80045dd8","rs":"00000012","rdp":"00000000","next":"80045d78","qvalid":0,"qcapacity":8,"thread":"80068f90","tasks":2}
PDOBS {"n":1477,"ev":"sp_write_before","pc":"80035fd8","count":"947eae6c","frame":3,"a":"00000400","b":"ffffffff","sp":"000002c3","mi":"00000000","mask":"0000003f","cause":"10000000","sr":"2400ff01","dp":"00000008","type":1,"locked":0,"sp_due":"00000000","rsp":"80045dd8","rs":"00000012","rdp":"00000000","next":"80045d78","qvalid":0,"qcapacity":8,"thread":"80068f90","tasks":2}
PDOBS {"n":1478,"ev":"sp_write_after","pc":"80035fd8","count":"947eae6c","frame":3,"a":"00000400","b":"ffffffff","sp":"000002c3","mi":"00000000","mask":"0000003f","cause":"10000000","sr":"2400ff01","dp":"00000008","type":1,"locked":0,"sp_due":"00000000","rsp":"80045dd8","rs":"00000012","rdp":"00000000","next":"80045d78","qvalid":0,"qcapacity":8,"thread":"80068f90","tasks":2}
PDOBS {"n":1479,"ev":"sp_write_before","pc":"80035fd8","count":"94976f56","frame":3,"a":"00000400","b":"ffffffff","sp":"000002c3","mi":"00000000","mask":"0000003f","cause":"10000000","sr":"2400ff01","dp":"00000008","type":1,"locked":0,"sp_due":"00000000","rsp":"80045dd8","rs":"00000012","rdp":"00000000","next":"80045d78","qvalid":0,"qcapacity":8,"thread":"80068f90","tasks":2}
PDOBS {"n":1480,"ev":"sp_write_after","pc":"80035fd8","count":"94976f56","frame":3,"a":"00000400","b":"ffffffff","sp":"000002c3","mi":"00000000","mask":"0000003f","cause":"10000000","sr":"2400ff01","dp":"00000008","type":1,"locked":0,"sp_due":"00000000","rsp":"80045dd8","rs":"00000012","rdp":"00000000","next":"80045d78","qvalid":0,"qcapacity":8,"thread":"80068f90","tasks":2}
PDOBS {"n":1481,"ev":"sp_write_before","pc":"80035fd8","count":"94b03040","frame":3,"a":"00000400","b":"ffffffff","sp":"000002c3","mi":"00000000","mask":"0000003f","cause":"10000000","sr":"2400ff01","dp":"00000008","type":1,"locked":0,"sp_due":"00000000","rsp":"80045dd8","rs":"00000012","rdp":"00000000","next":"80045d78","qvalid":0,"qcapacity":8,"thread":"80068f90","tasks":2}
PDOBS {"n":1482,"ev":"sp_write_after","pc":"80035fd8","count":"94b03040","frame":3,"a":"00000400","b":"ffffffff","sp":"000002c3","mi":"00000000","mask":"0000003f","cause":"10000000","sr":"2400ff01","dp":"00000008","type":1,"locked":0,"sp_due":"00000000","rsp":"80045dd8","rs":"00000012","rdp":"00000000","next":"80045d78","qvalid":0,"qcapacity":8,"thread":"80068f90","tasks":2}
PDOBS {"n":1483,"ev":"sp_write_before","pc":"80035fd8","count":"94c8f132","frame":3,"a":"00000400","b":"ffffffff","sp":"000002c3","mi":"00000000","mask":"0000003f","cause":"10000000","sr":"2400ff01","dp":"00000008","type":1,"locked":0,"sp_due":"00000000","rsp":"80045dd8","rs":"00000012","rdp":"00000000","next":"80045d78","qvalid":0,"qcapacity":8,"thread":"80068f90","tasks":2}
PDOBS {"n":1484,"ev":"sp_write_after","pc":"80035fd8","count":"94c8f132","frame":3,"a":"00000400","b":"ffffffff","sp":"000002c3","mi":"00000000","mask":"0000003f","cause":"10000000","sr":"2400ff01","dp":"00000008","type":1,"locked":0,"sp_due":"00000000","rsp":"80045dd8","rs":"00000012","rdp":"00000000","next":"80045d78","qvalid":0,"qcapacity":8,"thread":"80068f90","tasks":2}
PDOBS {"n":1485,"ev":"sp_write_before","pc":"80035fd8","count":"94e1b214","frame":3,"a":"00000400","b":"ffffffff","sp":"000002c3","mi":"00000000","mask":"0000003f","cause":"10000000","sr":"2400ff01","dp":"00000008","type":1,"locked":0,"sp_due":"00000000","rsp":"80045dd8","rs":"00000012","rdp":"00000000","next":"80045d78","qvalid":0,"qcapacity":8,"thread":"80068f90","tasks":2}
PDOBS {"n":1486,"ev":"sp_write_after","pc":"80035fd8","count":"94e1b214","frame":3,"a":"00000400","b":"ffffffff","sp":"000002c3","mi":"00000000","mask":"0000003f","cause":"10000000","sr":"2400ff01","dp":"00000008","type":1,"locked":0,"sp_due":"00000000","rsp":"80045dd8","rs":"00000012","rdp":"00000000","next":"80045d78","qvalid":0,"qcapacity":8,"thread":"80068f90","tasks":2}
PDOBS {"n":1487,"ev":"sp_write_before","pc":"80035fd8","count":"94fa72fe","frame":3,"a":"00000400","b":"ffffffff","sp":"000002c3","mi":"00000000","mask":"0000003f","cause":"10000000","sr":"2400ff01","dp":"00000008","type":1,"locked":0,"sp_due":"00000000","rsp":"80045dd8","rs":"00000012","rdp":"00000000","next":"80045d78","qvalid":0,"qcapacity":8,"thread":"80068f90","tasks":2}
PDOBS {"n":1488,"ev":"sp_write_after","pc":"80035fd8","count":"94fa72fe","frame":3,"a":"00000400","b":"ffffffff","sp":"000002c3","mi":"00000000","mask":"0000003f","cause":"10000000","sr":"2400ff01","dp":"00000008","type":1,"locked":0,"sp_due":"00000000","rsp":"80045dd8","rs":"00000012","rdp":"00000000","next":"80045d78","qvalid":0,"qcapacity":8,"thread":"80068f90","tasks":2}
PDOBS {"n":1489,"ev":"sp_write_before","pc":"80035fd8","count":"951333e8","frame":3,"a":"00000400","b":"ffffffff","sp":"000002c3","mi":"00000000","mask":"0000003f","cause":"10000000","sr":"2400ff01","dp":"00000008","type":1,"locked":0,"sp_due":"00000000","rsp":"80045dd8","rs":"00000012","rdp":"00000000","next":"80045d78","qvalid":0,"qcapacity":8,"thread":"80068f90","tasks":2}
PDOBS {"n":1490,"ev":"sp_write_after","pc":"80035fd8","count":"951333e8","frame":3,"a":"00000400","b":"ffffffff","sp":"000002c3","mi":"00000000","mask":"0000003f","cause":"10000000","sr":"2400ff01","dp":"00000008","type":1,"locked":0,"sp_due":"00000000","rsp":"80045dd8","rs":"00000012","rdp":"00000000","next":"80045d78","qvalid":0,"qcapacity":8,"thread":"80068f90","tasks":2}
PDOBS {"n":1491,"ev":"sp_write_before","pc":"80035fd8","count":"952bf4d6","frame":3,"a":"00000400","b":"ffffffff","sp":"000002c3","mi":"00000000","mask":"0000003f","cause":"10000000","sr":"2400ff01","dp":"00000008","type":1,"locked":0,"sp_due":"00000000","rsp":"80045dd8","rs":"00000012","rdp":"00000000","next":"80045d78","qvalid":0,"qcapacity":8,"thread":"80068f90","tasks":2}
PDOBS {"n":1492,"ev":"sp_write_after","pc":"80035fd8","count":"952bf4d6","frame":3,"a":"00000400","b":"ffffffff","sp":"000002c3","mi":"00000000","mask":"0000003f","cause":"10000000","sr":"2400ff01","dp":"00000008","type":1,"locked":0,"sp_due":"00000000","rsp":"80045dd8","rs":"00000012","rdp":"00000000","next":"80045d78","qvalid":0,"qcapacity":8,"thread":"80068f90","tasks":2}
PDOBS {"n":1493,"ev":"sp_write_before","pc":"80035fd8","count":"9544b5c0","frame":3,"a":"00000400","b":"ffffffff","sp":"000002c3","mi":"00000000","mask":"0000003f","cause":"10000000","sr":"2400ff01","dp":"00000008","type":1,"locked":0,"sp_due":"00000000","rsp":"80045dd8","rs":"00000012","rdp":"00000000","next":"80045d78","qvalid":0,"qcapacity":8,"thread":"80068f90","tasks":2}
PDOBS {"n":1494,"ev":"sp_write_after","pc":"80035fd8","count":"9544b5c0","frame":3,"a":"00000400","b":"ffffffff","sp":"000002c3","mi":"00000000","mask":"0000003f","cause":"10000000","sr":"2400ff01","dp":"00000008","type":1,"locked":0,"sp_due":"00000000","rsp":"80045dd8","rs":"00000012","rdp":"00000000","next":"80045d78","qvalid":0,"qcapacity":8,"thread":"80068f90","tasks":2}
PDOBS {"n":1495,"ev":"sp_write_before","pc":"80035fd8","count":"955d76a6","frame":3,"a":"00000400","b":"ffffffff","sp":"000002c3","mi":"00000000","mask":"0000003f","cause":"10000000","sr":"2400ff01","dp":"00000008","type":1,"locked":0,"sp_due":"00000000","rsp":"80045dd8","rs":"00000012","rdp":"00000000","next":"80045d78","qvalid":0,"qcapacity":8,"thread":"80068f90","tasks":2}
PDOBS {"n":1496,"ev":"sp_write_after","pc":"80035fd8","count":"955d76a6","frame":3,"a":"00000400","b":"ffffffff","sp":"000002c3","mi":"00000000","mask":"0000003f","cause":"10000000","sr":"2400ff01","dp":"00000008","type":1,"locked":0,"sp_due":"00000000","rsp":"80045dd8","rs":"00000012","rdp":"00000000","next":"80045d78","qvalid":0,"qcapacity":8,"thread":"80068f90","tasks":2}
PDOBS {"n":1497,"ev":"sp_write_before","pc":"80035fd8","count":"95763790","frame":3,"a":"00000400","b":"ffffffff","sp":"000002c3","mi":"00000000","mask":"0000003f","cause":"10000000","sr":"2400ff01","dp":"00000008","type":1,"locked":0,"sp_due":"00000000","rsp":"80045dd8","rs":"00000012","rdp":"00000000","next":"80045d78","qvalid":0,"qcapacity":8,"thread":"80068f90","tasks":2}
PDOBS {"n":1498,"ev":"sp_write_after","pc":"80035fd8","count":"95763790","frame":3,"a":"00000400","b":"ffffffff","sp":"000002c3","mi":"00000000","mask":"0000003f","cause":"10000000","sr":"2400ff01","dp":"00000008","type":1,"locked":0,"sp_due":"00000000","rsp":"80045dd8","rs":"00000012","rdp":"00000000","next":"80045d78","qvalid":0,"qcapacity":8,"thread":"80068f90","tasks":2}
PDOBS {"n":1499,"ev":"sp_write_before","pc":"80035fd8","count":"958ef87e","frame":3,"a":"00000400","b":"ffffffff","sp":"000002c3","mi":"00000000","mask":"0000003f","cause":"10000000","sr":"2400ff01","dp":"00000008","type":1,"locked":0,"sp_due":"00000000","rsp":"80045dd8","rs":"00000012","rdp":"00000000","next":"80045d78","qvalid":0,"qcapacity":8,"thread":"80068f90","tasks":2}
PDOBS {"n":1500,"ev":"sp_write_after","pc":"80035fd8","count":"958ef87e","frame":3,"a":"00000400","b":"ffffffff","sp":"000002c3","mi":"00000000","mask":"0000003f","cause":"10000000","sr":"2400ff01","dp":"00000008","type":1,"locked":0,"sp_due":"00000000","rsp":"80045dd8","rs":"00000012","rdp":"00000000","next":"80045d78","qvalid":0,"qcapacity":8,"thread":"80068f90","tasks":2}
PDOBS {"n":1501,"ev":"sp_write_before","pc":"80035fd8","count":"95a7b964","frame":3,"a":"00000400","b":"ffffffff","sp":"000002c3","mi":"00000000","mask":"0000003f","cause":"10000000","sr":"2400ff01","dp":"00000008","type":1,"locked":0,"sp_due":"00000000","rsp":"80045dd8","rs":"00000012","rdp":"00000000","next":"80045d78","qvalid":0,"qcapacity":8,"thread":"80068f90","tasks":2}
PDOBS {"n":1502,"ev":"sp_write_after","pc":"80035fd8","count":"95a7b964","frame":3,"a":"00000400","b":"ffffffff","sp":"000002c3","mi":"00000000","mask":"0000003f","cause":"10000000","sr":"2400ff01","dp":"00000008","type":1,"locked":0,"sp_due":"00000000","rsp":"80045dd8","rs":"00000012","rdp":"00000000","next":"80045d78","qvalid":0,"qcapacity":8,"thread":"80068f90","tasks":2}
PDOBS {"n":1503,"ev":"sp_write_before","pc":"80035fd8","count":"95c07a52","frame":3,"a":"00000400","b":"ffffffff","sp":"000002c3","mi":"00000000","mask":"0000003f","cause":"10000000","sr":"2400ff01","dp":"00000008","type":1,"locked":0,"sp_due":"00000000","rsp":"80045dd8","rs":"00000012","rdp":"00000000","next":"80045d78","qvalid":0,"qcapacity":8,"thread":"80068f90","tasks":2}
PDOBS {"n":1504,"ev":"sp_write_after","pc":"80035fd8","count":"95c07a52","frame":3,"a":"00000400","b":"ffffffff","sp":"000002c3","mi":"00000000","mask":"0000003f","cause":"10000000","sr":"2400ff01","dp":"00000008","type":1,"locked":0,"sp_due":"00000000","rsp":"80045dd8","rs":"00000012","rdp":"00000000","next":"80045d78","qvalid":0,"qcapacity":8,"thread":"80068f90","tasks":2}
PDOBS {"n":1505,"ev":"sp_write_before","pc":"80035fd8","count":"95d93b38","frame":3,"a":"00000400","b":"ffffffff","sp":"000002c3","mi":"00000000","mask":"0000003f","cause":"10000000","sr":"2400ff01","dp":"00000008","type":1,"locked":0,"sp_due":"00000000","rsp":"80045dd8","rs":"00000012","rdp":"00000000","next":"80045d78","qvalid":0,"qcapacity":8,"thread":"80068f90","tasks":2}
PDOBS {"n":1506,"ev":"sp_write_after","pc":"80035fd8","count":"95d93b38","frame":3,"a":"00000400","b":"ffffffff","sp":"000002c3","mi":"00000000","mask":"0000003f","cause":"10000000","sr":"2400ff01","dp":"00000008","type":1,"locked":0,"sp_due":"00000000","rsp":"80045dd8","rs":"00000012","rdp":"00000000","next":"80045d78","qvalid":0,"qcapacity":8,"thread":"80068f90","tasks":2}
PDOBS {"n":1507,"ev":"sp_write_before","pc":"80035fd8","count":"95f1fc26","frame":3,"a":"00000400","b":"ffffffff","sp":"000002c3","mi":"00000000","mask":"0000003f","cause":"10000000","sr":"2400ff01","dp":"00000008","type":1,"locked":0,"sp_due":"00000000","rsp":"80045dd8","rs":"00000012","rdp":"00000000","next":"80045d78","qvalid":0,"qcapacity":8,"thread":"80068f90","tasks":2}
PDOBS {"n":1508,"ev":"sp_write_after","pc":"80035fd8","count":"95f1fc26","frame":3,"a":"00000400","b":"ffffffff","sp":"000002c3","mi":"00000000","mask":"0000003f","cause":"10000000","sr":"2400ff01","dp":"00000008","type":1,"locked":0,"sp_due":"00000000","rsp":"80045dd8","rs":"00000012","rdp":"00000000","next":"80045d78","qvalid":0,"qcapacity":8,"thread":"80068f90","tasks":2}
PDOBS {"n":1509,"ev":"sp_write_before","pc":"80035fd8","count":"960abd0c","frame":3,"a":"00000400","b":"ffffffff","sp":"000002c3","mi":"00000000","mask":"0000003f","cause":"10000000","sr":"2400ff01","dp":"00000008","type":1,"locked":0,"sp_due":"00000000","rsp":"80045dd8","rs":"00000012","rdp":"00000000","next":"80045d78","qvalid":0,"qcapacity":8,"thread":"80068f90","tasks":2}
PDOBS {"n":1510,"ev":"sp_write_after","pc":"80035fd8","count":"960abd0c","frame":3,"a":"00000400","b":"ffffffff","sp":"000002c3","mi":"00000000","mask":"0000003f","cause":"10000000","sr":"2400ff01","dp":"00000008","type":1,"locked":0,"sp_due":"00000000","rsp":"80045dd8","rs":"00000012","rdp":"00000000","next":"80045d78","qvalid":0,"qcapacity":8,"thread":"80068f90","tasks":2}
PDOBS {"n":1511,"ev":"sp_write_before","pc":"80035fd8","count":"96237df6","frame":3,"a":"00000400","b":"ffffffff","sp":"000002c3","mi":"00000000","mask":"0000003f","cause":"10000000","sr":"2400ff01","dp":"00000008","type":1,"locked":0,"sp_due":"00000000","rsp":"80045dd8","rs":"00000012","rdp":"00000000","next":"80045d78","qvalid":0,"qcapacity":8,"thread":"80068f90","tasks":2}
PDOBS {"n":1512,"ev":"sp_write_after","pc":"80035fd8","count":"96237df6","frame":3,"a":"00000400","b":"ffffffff","sp":"000002c3","mi":"00000000","mask":"0000003f","cause":"10000000","sr":"2400ff01","dp":"00000008","type":1,"locked":0,"sp_due":"00000000","rsp":"80045dd8","rs":"00000012","rdp":"00000000","next":"80045d78","qvalid":0,"qcapacity":8,"thread":"80068f90","tasks":2}
PDOBS {"n":1513,"ev":"sp_write_before","pc":"80035fd8","count":"963c3ee4","frame":3,"a":"00000400","b":"ffffffff","sp":"000002c3","mi":"00000000","mask":"0000003f","cause":"10000000","sr":"2400ff01","dp":"00000008","type":1,"locked":0,"sp_due":"00000000","rsp":"80045dd8","rs":"00000012","rdp":"00000000","next":"80045d78","qvalid":0,"qcapacity":8,"thread":"80068f90","tasks":2}
PDOBS {"n":1514,"ev":"sp_write_after","pc":"80035fd8","count":"963c3ee4","frame":3,"a":"00000400","b":"ffffffff","sp":"000002c3","mi":"00000000","mask":"0000003f","cause":"10000000","sr":"2400ff01","dp":"00000008","type":1,"locked":0,"sp_due":"00000000","rsp":"80045dd8","rs":"00000012","rdp":"00000000","next":"80045d78","qvalid":0,"qcapacity":8,"thread":"80068f90","tasks":2}
PDOBS {"n":1515,"ev":"sp_write_before","pc":"80035fd8","count":"9654ffce","frame":3,"a":"00000400","b":"ffffffff","sp":"000002c3","mi":"00000000","mask":"0000003f","cause":"10000000","sr":"2400ff01","dp":"00000008","type":1,"locked":0,"sp_due":"00000000","rsp":"80045dd8","rs":"00000012","rdp":"00000000","next":"80045d78","qvalid":0,"qcapacity":8,"thread":"80068f90","tasks":2}
PDOBS {"n":1516,"ev":"sp_write_after","pc":"80035fd8","count":"9654ffce","frame":3,"a":"00000400","b":"ffffffff","sp":"000002c3","mi":"00000000","mask":"0000003f","cause":"10000000","sr":"2400ff01","dp":"00000008","type":1,"locked":0,"sp_due":"00000000","rsp":"80045dd8","rs":"00000012","rdp":"00000000","next":"80045d78","qvalid":0,"qcapacity":8,"thread":"80068f90","tasks":2}
PDOBS {"n":1517,"ev":"sp_write_before","pc":"80035fd8","count":"966dc0b4","frame":3,"a":"00000400","b":"ffffffff","sp":"000002c3","mi":"00000000","mask":"0000003f","cause":"10000000","sr":"2400ff01","dp":"00000008","type":1,"locked":0,"sp_due":"00000000","rsp":"80045dd8","rs":"00000012","rdp":"00000000","next":"80045d78","qvalid":0,"qcapacity":8,"thread":"80068f90","tasks":2}
PDOBS {"n":1518,"ev":"sp_write_after","pc":"80035fd8","count":"966dc0b4","frame":3,"a":"00000400","b":"ffffffff","sp":"000002c3","mi":"00000000","mask":"0000003f","cause":"10000000","sr":"2400ff01","dp":"00000008","type":1,"locked":0,"sp_due":"00000000","rsp":"80045dd8","rs":"00000012","rdp":"00000000","next":"80045d78","qvalid":0,"qcapacity":8,"thread":"80068f90","tasks":2}
PDOBS {"n":1519,"ev":"sp_write_before","pc":"80035fd8","count":"9686819e","frame":3,"a":"00000400","b":"ffffffff","sp":"000002c3","mi":"00000000","mask":"0000003f","cause":"10000000","sr":"2400ff01","dp":"00000008","type":1,"locked":0,"sp_due":"00000000","rsp":"80045dd8","rs":"00000012","rdp":"00000000","next":"80045d78","qvalid":0,"qcapacity":8,"thread":"80068f90","tasks":2}
PDOBS {"n":1520,"ev":"sp_write_after","pc":"80035fd8","count":"9686819e","frame":3,"a":"00000400","b":"ffffffff","sp":"000002c3","mi":"00000000","mask":"0000003f","cause":"10000000","sr":"2400ff01","dp":"00000008","type":1,"locked":0,"sp_due":"00000000","rsp":"80045dd8","rs":"00000012","rdp":"00000000","next":"80045d78","qvalid":0,"qcapacity":8,"thread":"80068f90","tasks":2}
PDOBS {"n":1521,"ev":"sp_write_before","pc":"80035fd8","count":"969f4288","frame":3,"a":"00000400","b":"ffffffff","sp":"000002c3","mi":"00000000","mask":"0000003f","cause":"10000000","sr":"2400ff01","dp":"00000008","type":1,"locked":0,"sp_due":"00000000","rsp":"80045dd8","rs":"00000012","rdp":"00000000","next":"80045d78","qvalid":0,"qcapacity":8,"thread":"80068f90","tasks":2}
PDOBS {"n":1522,"ev":"sp_write_after","pc":"80035fd8","count":"969f4288","frame":3,"a":"00000400","b":"ffffffff","sp":"000002c3","mi":"00000000","mask":"0000003f","cause":"10000000","sr":"2400ff01","dp":"00000008","type":1,"locked":0,"sp_due":"00000000","rsp":"80045dd8","rs":"00000012","rdp":"00000000","next":"80045d78","qvalid":0,"qcapacity":8,"thread":"80068f90","tasks":2}
PDOBS {"n":1523,"ev":"sp_write_before","pc":"80035fd8","count":"96b8037a","frame":3,"a":"00000400","b":"ffffffff","sp":"000002c3","mi":"00000000","mask":"0000003f","cause":"10000000","sr":"2400ff01","dp":"00000008","type":1,"locked":0,"sp_due":"00000000","rsp":"80045dd8","rs":"00000012","rdp":"00000000","next":"80045d78","qvalid":0,"qcapacity":8,"thread":"80068f90","tasks":2}
PDOBS {"n":1524,"ev":"sp_write_after","pc":"80035fd8","count":"96b8037a","frame":3,"a":"00000400","b":"ffffffff","sp":"000002c3","mi":"00000000","mask":"0000003f","cause":"10000000","sr":"2400ff01","dp":"00000008","type":1,"locked":0,"sp_due":"00000000","rsp":"80045dd8","rs":"00000012","rdp":"00000000","next":"80045d78","qvalid":0,"qcapacity":8,"thread":"80068f90","tasks":2}
PDOBS {"n":1525,"ev":"sp_write_before","pc":"80035fd8","count":"96d0c45c","frame":3,"a":"00000400","b":"ffffffff","sp":"000002c3","mi":"00000000","mask":"0000003f","cause":"10000000","sr":"2400ff01","dp":"00000008","type":1,"locked":0,"sp_due":"00000000","rsp":"80045dd8","rs":"00000012","rdp":"00000000","next":"80045d78","qvalid":0,"qcapacity":8,"thread":"80068f90","tasks":2}
PDOBS {"n":1526,"ev":"sp_write_after","pc":"80035fd8","count":"96d0c45c","frame":3,"a":"00000400","b":"ffffffff","sp":"000002c3","mi":"00000000","mask":"0000003f","cause":"10000000","sr":"2400ff01","dp":"00000008","type":1,"locked":0,"sp_due":"00000000","rsp":"80045dd8","rs":"00000012","rdp":"00000000","next":"80045d78","qvalid":0,"qcapacity":8,"thread":"80068f90","tasks":2}
PDOBS {"n":1527,"ev":"sp_write_before","pc":"80035fd8","count":"96e98546","frame":3,"a":"00000400","b":"ffffffff","sp":"000002c3","mi":"00000000","mask":"0000003f","cause":"10000000","sr":"2400ff01","dp":"00000008","type":1,"locked":0,"sp_due":"00000000","rsp":"80045dd8","rs":"00000012","rdp":"00000000","next":"80045d78","qvalid":0,"qcapacity":8,"thread":"80068f90","tasks":2}
PDOBS {"n":1528,"ev":"sp_write_after","pc":"80035fd8","count":"96e98546","frame":3,"a":"00000400","b":"ffffffff","sp":"000002c3","mi":"00000000","mask":"0000003f","cause":"10000000","sr":"2400ff01","dp":"00000008","type":1,"locked":0,"sp_due":"00000000","rsp":"80045dd8","rs":"00000012","rdp":"00000000","next":"80045d78","qvalid":0,"qcapacity":8,"thread":"80068f90","tasks":2}
PDOBS {"n":1529,"ev":"sp_write_before","pc":"80035fd8","count":"97024630","frame":3,"a":"00000400","b":"ffffffff","sp":"000002c3","mi":"00000000","mask":"0000003f","cause":"10000000","sr":"2400ff01","dp":"00000008","type":1,"locked":0,"sp_due":"00000000","rsp":"80045dd8","rs":"00000012","rdp":"00000000","next":"80045d78","qvalid":0,"qcapacity":8,"thread":"80068f90","tasks":2}
PDOBS {"n":1530,"ev":"sp_write_after","pc":"80035fd8","count":"97024630","frame":3,"a":"00000400","b":"ffffffff","sp":"000002c3","mi":"00000000","mask":"0000003f","cause":"10000000","sr":"2400ff01","dp":"00000008","type":1,"locked":0,"sp_due":"00000000","rsp":"80045dd8","rs":"00000012","rdp":"00000000","next":"80045d78","qvalid":0,"qcapacity":8,"thread":"80068f90","tasks":2}
PDOBS {"n":1531,"ev":"sp_write_before","pc":"80035fd8","count":"971b071e","frame":3,"a":"00000400","b":"ffffffff","sp":"000002c3","mi":"00000000","mask":"0000003f","cause":"10000000","sr":"2400ff01","dp":"00000008","type":1,"locked":0,"sp_due":"00000000","rsp":"80045dd8","rs":"00000012","rdp":"00000000","next":"80045d78","qvalid":0,"qcapacity":8,"thread":"80068f90","tasks":2}
PDOBS {"n":1532,"ev":"sp_write_after","pc":"80035fd8","count":"971b071e","frame":3,"a":"00000400","b":"ffffffff","sp":"000002c3","mi":"00000000","mask":"0000003f","cause":"10000000","sr":"2400ff01","dp":"00000008","type":1,"locked":0,"sp_due":"00000000","rsp":"80045dd8","rs":"00000012","rdp":"00000000","next":"80045d78","qvalid":0,"qcapacity":8,"thread":"80068f90","tasks":2}
PDOBS {"n":1533,"ev":"sp_write_before","pc":"80035fd8","count":"9733c808","frame":3,"a":"00000400","b":"ffffffff","sp":"000002c3","mi":"00000000","mask":"0000003f","cause":"10000000","sr":"2400ff01","dp":"00000008","type":1,"locked":0,"sp_due":"00000000","rsp":"80045dd8","rs":"00000012","rdp":"00000000","next":"80045d78","qvalid":0,"qcapacity":8,"thread":"80068f90","tasks":2}
PDOBS {"n":1534,"ev":"sp_write_after","pc":"80035fd8","count":"9733c808","frame":3,"a":"00000400","b":"ffffffff","sp":"000002c3","mi":"00000000","mask":"0000003f","cause":"10000000","sr":"2400ff01","dp":"00000008","type":1,"locked":0,"sp_due":"00000000","rsp":"80045dd8","rs":"00000012","rdp":"00000000","next":"80045d78","qvalid":0,"qcapacity":8,"thread":"80068f90","tasks":2}
PDOBS {"n":1535,"ev":"sp_write_before","pc":"80035fd8","count":"974c88ee","frame":3,"a":"00000400","b":"ffffffff","sp":"000002c3","mi":"00000000","mask":"0000003f","cause":"10000000","sr":"2400ff01","dp":"00000008","type":1,"locked":0,"sp_due":"00000000","rsp":"80045dd8","rs":"00000012","rdp":"00000000","next":"80045d78","qvalid":0,"qcapacity":8,"thread":"80068f90","tasks":2}
PDOBS {"n":1536,"ev":"sp_write_after","pc":"80035fd8","count":"974c88ee","frame":3,"a":"00000400","b":"ffffffff","sp":"000002c3","mi":"00000000","mask":"0000003f","cause":"10000000","sr":"2400ff01","dp":"00000008","type":1,"locked":0,"sp_due":"00000000","rsp":"80045dd8","rs":"00000012","rdp":"00000000","next":"80045d78","qvalid":0,"qcapacity":8,"thread":"80068f90","tasks":2}
PDOBS {"n":1537,"ev":"sp_write_before","pc":"80035fd8","count":"976549d8","frame":3,"a":"00000400","b":"ffffffff","sp":"000002c3","mi":"00000000","mask":"0000003f","cause":"10000000","sr":"2400ff01","dp":"00000008","type":1,"locked":0,"sp_due":"00000000","rsp":"80045dd8","rs":"00000012","rdp":"00000000","next":"80045d78","qvalid":0,"qcapacity":8,"thread":"80068f90","tasks":2}
PDOBS {"n":1538,"ev":"sp_write_after","pc":"80035fd8","count":"976549d8","frame":3,"a":"00000400","b":"ffffffff","sp":"000002c3","mi":"00000000","mask":"0000003f","cause":"10000000","sr":"2400ff01","dp":"00000008","type":1,"locked":0,"sp_due":"00000000","rsp":"80045dd8","rs":"00000012","rdp":"00000000","next":"80045d78","qvalid":0,"qcapacity":8,"thread":"80068f90","tasks":2}
PDOBS {"n":1539,"ev":"sp_write_before","pc":"80035fd8","count":"977e0ac6","frame":3,"a":"00000400","b":"ffffffff","sp":"000002c3","mi":"00000000","mask":"0000003f","cause":"10000000","sr":"2400ff01","dp":"00000008","type":1,"locked":0,"sp_due":"00000000","rsp":"80045dd8","rs":"00000012","rdp":"00000000","next":"80045d78","qvalid":0,"qcapacity":8,"thread":"80068f90","tasks":2}
PDOBS {"n":1540,"ev":"sp_write_after","pc":"80035fd8","count":"977e0ac6","frame":3,"a":"00000400","b":"ffffffff","sp":"000002c3","mi":"00000000","mask":"0000003f","cause":"10000000","sr":"2400ff01","dp":"00000008","type":1,"locked":0,"sp_due":"00000000","rsp":"80045dd8","rs":"00000012","rdp":"00000000","next":"80045d78","qvalid":0,"qcapacity":8,"thread":"80068f90","tasks":2}
PDOBS {"n":1541,"ev":"sp_write_before","pc":"80035fd8","count":"9796cbac","frame":3,"a":"00000400","b":"ffffffff","sp":"000002c3","mi":"00000000","mask":"0000003f","cause":"10000000","sr":"2400ff01","dp":"00000008","type":1,"locked":0,"sp_due":"00000000","rsp":"80045dd8","rs":"00000012","rdp":"00000000","next":"80045d78","qvalid":0,"qcapacity":8,"thread":"80068f90","tasks":2}
PDOBS {"n":1542,"ev":"sp_write_after","pc":"80035fd8","count":"9796cbac","frame":3,"a":"00000400","b":"ffffffff","sp":"000002c3","mi":"00000000","mask":"0000003f","cause":"10000000","sr":"2400ff01","dp":"00000008","type":1,"locked":0,"sp_due":"00000000","rsp":"80045dd8","rs":"00000012","rdp":"00000000","next":"80045d78","qvalid":0,"qcapacity":8,"thread":"80068f90","tasks":2}
PDOBS {"n":1543,"ev":"sp_write_before","pc":"80035fd8","count":"97af8c9a","frame":3,"a":"00000400","b":"ffffffff","sp":"000002c3","mi":"00000000","mask":"0000003f","cause":"10000000","sr":"2400ff01","dp":"00000008","type":1,"locked":0,"sp_due":"00000000","rsp":"80045dd8","rs":"00000012","rdp":"00000000","next":"80045d78","qvalid":0,"qcapacity":8,"thread":"80068f90","tasks":2}
PDOBS {"n":1544,"ev":"sp_write_after","pc":"80035fd8","count":"97af8c9a","frame":3,"a":"00000400","b":"ffffffff","sp":"000002c3","mi":"00000000","mask":"0000003f","cause":"10000000","sr":"2400ff01","dp":"00000008","type":1,"locked":0,"sp_due":"00000000","rsp":"80045dd8","rs":"00000012","rdp":"00000000","next":"80045d78","qvalid":0,"qcapacity":8,"thread":"80068f90","tasks":2}
PDOBS {"n":1545,"ev":"sp_write_before","pc":"80035fd8","count":"97c84d80","frame":3,"a":"00000400","b":"ffffffff","sp":"000002c3","mi":"00000000","mask":"0000003f","cause":"10000000","sr":"2400ff01","dp":"00000008","type":1,"locked":0,"sp_due":"00000000","rsp":"80045dd8","rs":"00000012","rdp":"00000000","next":"80045d78","qvalid":0,"qcapacity":8,"thread":"80068f90","tasks":2}
PDOBS {"n":1546,"ev":"sp_write_after","pc":"80035fd8","count":"97c84d80","frame":3,"a":"00000400","b":"ffffffff","sp":"000002c3","mi":"00000000","mask":"0000003f","cause":"10000000","sr":"2400ff01","dp":"00000008","type":1,"locked":0,"sp_due":"00000000","rsp":"80045dd8","rs":"00000012","rdp":"00000000","next":"80045d78","qvalid":0,"qcapacity":8,"thread":"80068f90","tasks":2}
PDOBS {"n":1547,"ev":"sp_write_before","pc":"80035fd8","count":"97e10e6e","frame":3,"a":"00000400","b":"ffffffff","sp":"000002c3","mi":"00000000","mask":"0000003f","cause":"10000000","sr":"2400ff01","dp":"00000008","type":1,"locked":0,"sp_due":"00000000","rsp":"80045dd8","rs":"00000012","rdp":"00000000","next":"80045d78","qvalid":0,"qcapacity":8,"thread":"80068f90","tasks":2}
PDOBS {"n":1548,"ev":"sp_write_after","pc":"80035fd8","count":"97e10e6e","frame":3,"a":"00000400","b":"ffffffff","sp":"000002c3","mi":"00000000","mask":"0000003f","cause":"10000000","sr":"2400ff01","dp":"00000008","type":1,"locked":0,"sp_due":"00000000","rsp":"80045dd8","rs":"00000012","rdp":"00000000","next":"80045d78","qvalid":0,"qcapacity":8,"thread":"80068f90","tasks":2}
PDOBS {"n":1549,"ev":"sp_write_before","pc":"80035fd8","count":"97f9cf54","frame":3,"a":"00000400","b":"ffffffff","sp":"000002c3","mi":"00000000","mask":"0000003f","cause":"10000000","sr":"2400ff01","dp":"00000008","type":1,"locked":0,"sp_due":"00000000","rsp":"80045dd8","rs":"00000012","rdp":"00000000","next":"80045d78","qvalid":0,"qcapacity":8,"thread":"80068f90","tasks":2}
PDOBS {"n":1550,"ev":"sp_write_after","pc":"80035fd8","count":"97f9cf54","frame":3,"a":"00000400","b":"ffffffff","sp":"000002c3","mi":"00000000","mask":"0000003f","cause":"10000000","sr":"2400ff01","dp":"00000008","type":1,"locked":0,"sp_due":"00000000","rsp":"80045dd8","rs":"00000012","rdp":"00000000","next":"80045d78","qvalid":0,"qcapacity":8,"thread":"80068f90","tasks":2}
PDOBS {"n":1551,"ev":"sp_write_before","pc":"80035fd8","count":"9812903e","frame":3,"a":"00000400","b":"ffffffff","sp":"000002c3","mi":"00000000","mask":"0000003f","cause":"10000000","sr":"2400ff01","dp":"00000008","type":1,"locked":0,"sp_due":"00000000","rsp":"80045dd8","rs":"00000012","rdp":"00000000","next":"80045d78","qvalid":0,"qcapacity":8,"thread":"80068f90","tasks":2}
PDOBS {"n":1552,"ev":"sp_write_after","pc":"80035fd8","count":"9812903e","frame":3,"a":"00000400","b":"ffffffff","sp":"000002c3","mi":"00000000","mask":"0000003f","cause":"10000000","sr":"2400ff01","dp":"00000008","type":1,"locked":0,"sp_due":"00000000","rsp":"80045dd8","rs":"00000012","rdp":"00000000","next":"80045d78","qvalid":0,"qcapacity":8,"thread":"80068f90","tasks":2}
PDOBS {"n":1553,"ev":"sp_write_before","pc":"80035fd8","count":"982b512c","frame":3,"a":"00000400","b":"ffffffff","sp":"000002c3","mi":"00000000","mask":"0000003f","cause":"10000000","sr":"2400ff01","dp":"00000008","type":1,"locked":0,"sp_due":"00000000","rsp":"80045dd8","rs":"00000012","rdp":"00000000","next":"80045d78","qvalid":0,"qcapacity":8,"thread":"80068f90","tasks":2}
PDOBS {"n":1554,"ev":"sp_write_after","pc":"80035fd8","count":"982b512c","frame":3,"a":"00000400","b":"ffffffff","sp":"000002c3","mi":"00000000","mask":"0000003f","cause":"10000000","sr":"2400ff01","dp":"00000008","type":1,"locked":0,"sp_due":"00000000","rsp":"80045dd8","rs":"00000012","rdp":"00000000","next":"80045d78","qvalid":0,"qcapacity":8,"thread":"80068f90","tasks":2}
PDOBS {"n":1555,"ev":"sp_write_before","pc":"80035fd8","count":"98441216","frame":3,"a":"00000400","b":"ffffffff","sp":"000002c3","mi":"00000000","mask":"0000003f","cause":"10000000","sr":"2400ff01","dp":"00000008","type":1,"locked":0,"sp_due":"00000000","rsp":"80045dd8","rs":"00000012","rdp":"00000000","next":"80045d78","qvalid":0,"qcapacity":8,"thread":"80068f90","tasks":2}
PDOBS {"n":1556,"ev":"sp_write_after","pc":"80035fd8","count":"98441216","frame":3,"a":"00000400","b":"ffffffff","sp":"000002c3","mi":"00000000","mask":"0000003f","cause":"10000000","sr":"2400ff01","dp":"00000008","type":1,"locked":0,"sp_due":"00000000","rsp":"80045dd8","rs":"00000012","rdp":"00000000","next":"80045d78","qvalid":0,"qcapacity":8,"thread":"80068f90","tasks":2}
PDOBS {"n":1557,"ev":"sp_write_before","pc":"80035fd8","count":"985cd2fc","frame":3,"a":"00000400","b":"ffffffff","sp":"000002c3","mi":"00000000","mask":"0000003f","cause":"10000000","sr":"2400ff01","dp":"00000008","type":1,"locked":0,"sp_due":"00000000","rsp":"80045dd8","rs":"00000012","rdp":"00000000","next":"80045d78","qvalid":0,"qcapacity":8,"thread":"80068f90","tasks":2}
PDOBS {"n":1558,"ev":"sp_write_after","pc":"80035fd8","count":"985cd2fc","frame":3,"a":"00000400","b":"ffffffff","sp":"000002c3","mi":"00000000","mask":"0000003f","cause":"10000000","sr":"2400ff01","dp":"00000008","type":1,"locked":0,"sp_due":"00000000","rsp":"80045dd8","rs":"00000012","rdp":"00000000","next":"80045d78","qvalid":0,"qcapacity":8,"thread":"80068f90","tasks":2}
PDOBS {"n":1559,"ev":"sp_write_before","pc":"80035fd8","count":"987593e6","frame":3,"a":"00000400","b":"ffffffff","sp":"000002c3","mi":"00000000","mask":"0000003f","cause":"10000000","sr":"2400ff01","dp":"00000008","type":1,"locked":0,"sp_due":"00000000","rsp":"80045dd8","rs":"00000012","rdp":"00000000","next":"80045d78","qvalid":0,"qcapacity":8,"thread":"80068f90","tasks":2}
PDOBS {"n":1560,"ev":"sp_write_after","pc":"80035fd8","count":"987593e6","frame":3,"a":"00000400","b":"ffffffff","sp":"000002c3","mi":"00000000","mask":"0000003f","cause":"10000000","sr":"2400ff01","dp":"00000008","type":1,"locked":0,"sp_due":"00000000","rsp":"80045dd8","rs":"00000012","rdp":"00000000","next":"80045d78","qvalid":0,"qcapacity":8,"thread":"80068f90","tasks":2}
PDOBS {"n":1561,"ev":"sp_write_before","pc":"80035fd8","count":"988e54d0","frame":3,"a":"00000400","b":"ffffffff","sp":"000002c3","mi":"00000000","mask":"0000003f","cause":"10000000","sr":"2400ff01","dp":"00000008","type":1,"locked":0,"sp_due":"00000000","rsp":"80045dd8","rs":"00000012","rdp":"00000000","next":"80045d78","qvalid":0,"qcapacity":8,"thread":"80068f90","tasks":2}
PDOBS {"n":1562,"ev":"sp_write_after","pc":"80035fd8","count":"988e54d0","frame":3,"a":"00000400","b":"ffffffff","sp":"000002c3","mi":"00000000","mask":"0000003f","cause":"10000000","sr":"2400ff01","dp":"00000008","type":1,"locked":0,"sp_due":"00000000","rsp":"80045dd8","rs":"00000012","rdp":"00000000","next":"80045d78","qvalid":0,"qcapacity":8,"thread":"80068f90","tasks":2}
PDOBS {"n":1563,"ev":"sp_write_before","pc":"80035fd8","count":"98a715c2","frame":3,"a":"00000400","b":"ffffffff","sp":"000002c3","mi":"00000000","mask":"0000003f","cause":"10000000","sr":"2400ff01","dp":"00000008","type":1,"locked":0,"sp_due":"00000000","rsp":"80045dd8","rs":"00000012","rdp":"00000000","next":"80045d78","qvalid":0,"qcapacity":8,"thread":"80068f90","tasks":2}
PDOBS {"n":1564,"ev":"sp_write_after","pc":"80035fd8","count":"98a715c2","frame":3,"a":"00000400","b":"ffffffff","sp":"000002c3","mi":"00000000","mask":"0000003f","cause":"10000000","sr":"2400ff01","dp":"00000008","type":1,"locked":0,"sp_due":"00000000","rsp":"80045dd8","rs":"00000012","rdp":"00000000","next":"80045d78","qvalid":0,"qcapacity":8,"thread":"80068f90","tasks":2}
PDOBS {"n":1565,"ev":"sp_write_before","pc":"80035fd8","count":"98bfd6a4","frame":3,"a":"00000400","b":"ffffffff","sp":"000002c3","mi":"00000000","mask":"0000003f","cause":"10000000","sr":"2400ff01","dp":"00000008","type":1,"locked":0,"sp_due":"00000000","rsp":"80045dd8","rs":"00000012","rdp":"00000000","next":"80045d78","qvalid":0,"qcapacity":8,"thread":"80068f90","tasks":2}
PDOBS {"n":1566,"ev":"sp_write_after","pc":"80035fd8","count":"98bfd6a4","frame":3,"a":"00000400","b":"ffffffff","sp":"000002c3","mi":"00000000","mask":"0000003f","cause":"10000000","sr":"2400ff01","dp":"00000008","type":1,"locked":0,"sp_due":"00000000","rsp":"80045dd8","rs":"00000012","rdp":"00000000","next":"80045d78","qvalid":0,"qcapacity":8,"thread":"80068f90","tasks":2}
PDOBS {"n":1567,"ev":"sp_write_before","pc":"80035fd8","count":"98d8978e","frame":3,"a":"00000400","b":"ffffffff","sp":"000002c3","mi":"00000000","mask":"0000003f","cause":"10000000","sr":"2400ff01","dp":"00000008","type":1,"locked":0,"sp_due":"00000000","rsp":"80045dd8","rs":"00000012","rdp":"00000000","next":"80045d78","qvalid":0,"qcapacity":8,"thread":"80068f90","tasks":2}
PDOBS {"n":1568,"ev":"sp_write_after","pc":"80035fd8","count":"98d8978e","frame":3,"a":"00000400","b":"ffffffff","sp":"000002c3","mi":"00000000","mask":"0000003f","cause":"10000000","sr":"2400ff01","dp":"00000008","type":1,"locked":0,"sp_due":"00000000","rsp":"80045dd8","rs":"00000012","rdp":"00000000","next":"80045d78","qvalid":0,"qcapacity":8,"thread":"80068f90","tasks":2}
PDOBS {"n":1569,"ev":"sp_write_before","pc":"80035fd8","count":"98f15878","frame":3,"a":"00000400","b":"ffffffff","sp":"000002c3","mi":"00000000","mask":"0000003f","cause":"10000000","sr":"2400ff01","dp":"00000008","type":1,"locked":0,"sp_due":"00000000","rsp":"80045dd8","rs":"00000012","rdp":"00000000","next":"80045d78","qvalid":0,"qcapacity":8,"thread":"80068f90","tasks":2}
PDOBS {"n":1570,"ev":"sp_write_after","pc":"80035fd8","count":"98f15878","frame":3,"a":"00000400","b":"ffffffff","sp":"000002c3","mi":"00000000","mask":"0000003f","cause":"10000000","sr":"2400ff01","dp":"00000008","type":1,"locked":0,"sp_due":"00000000","rsp":"80045dd8","rs":"00000012","rdp":"00000000","next":"80045d78","qvalid":0,"qcapacity":8,"thread":"80068f90","tasks":2}
PDOBS {"n":1571,"ev":"sp_write_before","pc":"80035fd8","count":"990a1966","frame":3,"a":"00000400","b":"ffffffff","sp":"000002c3","mi":"00000000","mask":"0000003f","cause":"10000000","sr":"2400ff01","dp":"00000008","type":1,"locked":0,"sp_due":"00000000","rsp":"80045dd8","rs":"00000012","rdp":"00000000","next":"80045d78","qvalid":0,"qcapacity":8,"thread":"80068f90","tasks":2}
PDOBS {"n":1572,"ev":"sp_write_after","pc":"80035fd8","count":"990a1966","frame":3,"a":"00000400","b":"ffffffff","sp":"000002c3","mi":"00000000","mask":"0000003f","cause":"10000000","sr":"2400ff01","dp":"00000008","type":1,"locked":0,"sp_due":"00000000","rsp":"80045dd8","rs":"00000012","rdp":"00000000","next":"80045d78","qvalid":0,"qcapacity":8,"thread":"80068f90","tasks":2}
PDOBS {"n":1573,"ev":"sp_write_before","pc":"80035fd8","count":"9922da50","frame":3,"a":"00000400","b":"ffffffff","sp":"000002c3","mi":"00000000","mask":"0000003f","cause":"10000000","sr":"2400ff01","dp":"00000008","type":1,"locked":0,"sp_due":"00000000","rsp":"80045dd8","rs":"00000012","rdp":"00000000","next":"80045d78","qvalid":0,"qcapacity":8,"thread":"80068f90","tasks":2}
PDOBS {"n":1574,"ev":"sp_write_after","pc":"80035fd8","count":"9922da50","frame":3,"a":"00000400","b":"ffffffff","sp":"000002c3","mi":"00000000","mask":"0000003f","cause":"10000000","sr":"2400ff01","dp":"00000008","type":1,"locked":0,"sp_due":"00000000","rsp":"80045dd8","rs":"00000012","rdp":"00000000","next":"80045d78","qvalid":0,"qcapacity":8,"thread":"80068f90","tasks":2}
PDOBS {"n":1575,"ev":"sp_write_before","pc":"80035fd8","count":"993b9b36","frame":3,"a":"00000400","b":"ffffffff","sp":"000002c3","mi":"00000000","mask":"0000003f","cause":"10000000","sr":"2400ff01","dp":"00000008","type":1,"locked":0,"sp_due":"00000000","rsp":"80045dd8","rs":"00000012","rdp":"00000000","next":"80045d78","qvalid":0,"qcapacity":8,"thread":"80068f90","tasks":2}
PDOBS {"n":1576,"ev":"sp_write_after","pc":"80035fd8","count":"993b9b36","frame":3,"a":"00000400","b":"ffffffff","sp":"000002c3","mi":"00000000","mask":"0000003f","cause":"10000000","sr":"2400ff01","dp":"00000008","type":1,"locked":0,"sp_due":"00000000","rsp":"80045dd8","rs":"00000012","rdp":"00000000","next":"80045d78","qvalid":0,"qcapacity":8,"thread":"80068f90","tasks":2}
PDOBS {"n":1577,"ev":"sp_write_before","pc":"80035fd8","count":"99545c20","frame":3,"a":"00000400","b":"ffffffff","sp":"000002c3","mi":"00000000","mask":"0000003f","cause":"10000000","sr":"2400ff01","dp":"00000008","type":1,"locked":0,"sp_due":"00000000","rsp":"80045dd8","rs":"00000012","rdp":"00000000","next":"80045d78","qvalid":0,"qcapacity":8,"thread":"80068f90","tasks":2}
PDOBS {"n":1578,"ev":"sp_write_after","pc":"80035fd8","count":"99545c20","frame":3,"a":"00000400","b":"ffffffff","sp":"000002c3","mi":"00000000","mask":"0000003f","cause":"10000000","sr":"2400ff01","dp":"00000008","type":1,"locked":0,"sp_due":"00000000","rsp":"80045dd8","rs":"00000012","rdp":"00000000","next":"80045d78","qvalid":0,"qcapacity":8,"thread":"80068f90","tasks":2}
PDOBS {"n":1579,"ev":"sp_write_before","pc":"80035fd8","count":"996d1d0e","frame":3,"a":"00000400","b":"ffffffff","sp":"000002c3","mi":"00000000","mask":"0000003f","cause":"10000000","sr":"2400ff01","dp":"00000008","type":1,"locked":0,"sp_due":"00000000","rsp":"80045dd8","rs":"00000012","rdp":"00000000","next":"80045d78","qvalid":0,"qcapacity":8,"thread":"80068f90","tasks":2}
PDOBS {"n":1580,"ev":"sp_write_after","pc":"80035fd8","count":"996d1d0e","frame":3,"a":"00000400","b":"ffffffff","sp":"000002c3","mi":"00000000","mask":"0000003f","cause":"10000000","sr":"2400ff01","dp":"00000008","type":1,"locked":0,"sp_due":"00000000","rsp":"80045dd8","rs":"00000012","rdp":"00000000","next":"80045d78","qvalid":0,"qcapacity":8,"thread":"80068f90","tasks":2}
PDOBS {"n":1581,"ev":"sp_write_before","pc":"80035fd8","count":"9985ddf4","frame":3,"a":"00000400","b":"ffffffff","sp":"000002c3","mi":"00000000","mask":"0000003f","cause":"10000000","sr":"2400ff01","dp":"00000008","type":1,"locked":0,"sp_due":"00000000","rsp":"80045dd8","rs":"00000012","rdp":"00000000","next":"80045d78","qvalid":0,"qcapacity":8,"thread":"80068f90","tasks":2}
PDOBS {"n":1582,"ev":"sp_write_after","pc":"80035fd8","count":"9985ddf4","frame":3,"a":"00000400","b":"ffffffff","sp":"000002c3","mi":"00000000","mask":"0000003f","cause":"10000000","sr":"2400ff01","dp":"00000008","type":1,"locked":0,"sp_due":"00000000","rsp":"80045dd8","rs":"00000012","rdp":"00000000","next":"80045d78","qvalid":0,"qcapacity":8,"thread":"80068f90","tasks":2}
PDOBS {"n":1583,"ev":"sp_write_before","pc":"80035fd8","count":"999e9ee2","frame":3,"a":"00000400","b":"ffffffff","sp":"000002c3","mi":"00000000","mask":"0000003f","cause":"10000000","sr":"2400ff01","dp":"00000008","type":1,"locked":0,"sp_due":"00000000","rsp":"80045dd8","rs":"00000012","rdp":"00000000","next":"80045d78","qvalid":0,"qcapacity":8,"thread":"80068f90","tasks":2}
PDOBS {"n":1584,"ev":"sp_write_after","pc":"80035fd8","count":"999e9ee2","frame":3,"a":"00000400","b":"ffffffff","sp":"000002c3","mi":"00000000","mask":"0000003f","cause":"10000000","sr":"2400ff01","dp":"00000008","type":1,"locked":0,"sp_due":"00000000","rsp":"80045dd8","rs":"00000012","rdp":"00000000","next":"80045d78","qvalid":0,"qcapacity":8,"thread":"80068f90","tasks":2}
PDOBS {"n":1585,"ev":"sp_write_before","pc":"80035fd8","count":"99b75fc8","frame":3,"a":"00000400","b":"ffffffff","sp":"000002c3","mi":"00000000","mask":"0000003f","cause":"10000000","sr":"2400ff01","dp":"00000008","type":1,"locked":0,"sp_due":"00000000","rsp":"80045dd8","rs":"00000012","rdp":"00000000","next":"80045d78","qvalid":0,"qcapacity":8,"thread":"80068f90","tasks":2}
PDOBS {"n":1586,"ev":"sp_write_after","pc":"80035fd8","count":"99b75fc8","frame":3,"a":"00000400","b":"ffffffff","sp":"000002c3","mi":"00000000","mask":"0000003f","cause":"10000000","sr":"2400ff01","dp":"00000008","type":1,"locked":0,"sp_due":"00000000","rsp":"80045dd8","rs":"00000012","rdp":"00000000","next":"80045d78","qvalid":0,"qcapacity":8,"thread":"80068f90","tasks":2}
PDOBS {"n":1587,"ev":"sp_write_before","pc":"80035fd8","count":"99d020b6","frame":3,"a":"00000400","b":"ffffffff","sp":"000002c3","mi":"00000000","mask":"0000003f","cause":"10000000","sr":"2400ff01","dp":"00000008","type":1,"locked":0,"sp_due":"00000000","rsp":"80045dd8","rs":"00000012","rdp":"00000000","next":"80045d78","qvalid":0,"qcapacity":8,"thread":"80068f90","tasks":2}
PDOBS {"n":1588,"ev":"sp_write_after","pc":"80035fd8","count":"99d020b6","frame":3,"a":"00000400","b":"ffffffff","sp":"000002c3","mi":"00000000","mask":"0000003f","cause":"10000000","sr":"2400ff01","dp":"00000008","type":1,"locked":0,"sp_due":"00000000","rsp":"80045dd8","rs":"00000012","rdp":"00000000","next":"80045d78","qvalid":0,"qcapacity":8,"thread":"80068f90","tasks":2}
PDOBS {"n":1589,"ev":"sp_write_before","pc":"80035fd8","count":"99e8e19c","frame":3,"a":"00000400","b":"ffffffff","sp":"000002c3","mi":"00000000","mask":"0000003f","cause":"10000000","sr":"2400ff01","dp":"00000008","type":1,"locked":0,"sp_due":"00000000","rsp":"80045dd8","rs":"00000012","rdp":"00000000","next":"80045d78","qvalid":0,"qcapacity":8,"thread":"80068f90","tasks":2}
PDOBS {"n":1590,"ev":"sp_write_after","pc":"80035fd8","count":"99e8e19c","frame":3,"a":"00000400","b":"ffffffff","sp":"000002c3","mi":"00000000","mask":"0000003f","cause":"10000000","sr":"2400ff01","dp":"00000008","type":1,"locked":0,"sp_due":"00000000","rsp":"80045dd8","rs":"00000012","rdp":"00000000","next":"80045d78","qvalid":0,"qcapacity":8,"thread":"80068f90","tasks":2}
PDOBS {"n":1591,"ev":"sp_write_before","pc":"80035fd8","count":"9a01a286","frame":3,"a":"00000400","b":"ffffffff","sp":"000002c3","mi":"00000000","mask":"0000003f","cause":"10000000","sr":"2400ff01","dp":"00000008","type":1,"locked":0,"sp_due":"00000000","rsp":"80045dd8","rs":"00000012","rdp":"00000000","next":"80045d78","qvalid":0,"qcapacity":8,"thread":"80068f90","tasks":2}
PDOBS {"n":1592,"ev":"sp_write_after","pc":"80035fd8","count":"9a01a286","frame":3,"a":"00000400","b":"ffffffff","sp":"000002c3","mi":"00000000","mask":"0000003f","cause":"10000000","sr":"2400ff01","dp":"00000008","type":1,"locked":0,"sp_due":"00000000","rsp":"80045dd8","rs":"00000012","rdp":"00000000","next":"80045d78","qvalid":0,"qcapacity":8,"thread":"80068f90","tasks":2}
PDOBS {"n":1593,"ev":"sp_write_before","pc":"80035fd8","count":"9a1a6374","frame":3,"a":"00000400","b":"ffffffff","sp":"000002c3","mi":"00000000","mask":"0000003f","cause":"10000000","sr":"2400ff01","dp":"00000008","type":1,"locked":0,"sp_due":"00000000","rsp":"80045dd8","rs":"00000012","rdp":"00000000","next":"80045d78","qvalid":0,"qcapacity":8,"thread":"80068f90","tasks":2}
PDOBS {"n":1594,"ev":"sp_write_after","pc":"80035fd8","count":"9a1a6374","frame":3,"a":"00000400","b":"ffffffff","sp":"000002c3","mi":"00000000","mask":"0000003f","cause":"10000000","sr":"2400ff01","dp":"00000008","type":1,"locked":0,"sp_due":"00000000","rsp":"80045dd8","rs":"00000012","rdp":"00000000","next":"80045d78","qvalid":0,"qcapacity":8,"thread":"80068f90","tasks":2}
PDOBS {"n":1595,"ev":"sp_write_before","pc":"80035fd8","count":"9a33245e","frame":3,"a":"00000400","b":"ffffffff","sp":"000002c3","mi":"00000000","mask":"0000003f","cause":"10000000","sr":"2400ff01","dp":"00000008","type":1,"locked":0,"sp_due":"00000000","rsp":"80045dd8","rs":"00000012","rdp":"00000000","next":"80045d78","qvalid":0,"qcapacity":8,"thread":"80068f90","tasks":2}
PDOBS {"n":1596,"ev":"sp_write_after","pc":"80035fd8","count":"9a33245e","frame":3,"a":"00000400","b":"ffffffff","sp":"000002c3","mi":"00000000","mask":"0000003f","cause":"10000000","sr":"2400ff01","dp":"00000008","type":1,"locked":0,"sp_due":"00000000","rsp":"80045dd8","rs":"00000012","rdp":"00000000","next":"80045d78","qvalid":0,"qcapacity":8,"thread":"80068f90","tasks":2}
PDOBS {"n":1597,"ev":"sp_write_before","pc":"80035fd8","count":"9a4be544","frame":3,"a":"00000400","b":"ffffffff","sp":"000002c3","mi":"00000000","mask":"0000003f","cause":"10000000","sr":"2400ff01","dp":"00000008","type":1,"locked":0,"sp_due":"00000000","rsp":"80045dd8","rs":"00000012","rdp":"00000000","next":"80045d78","qvalid":0,"qcapacity":8,"thread":"80068f90","tasks":2}
PDOBS {"n":1598,"ev":"sp_write_after","pc":"80035fd8","count":"9a4be544","frame":3,"a":"00000400","b":"ffffffff","sp":"000002c3","mi":"00000000","mask":"0000003f","cause":"10000000","sr":"2400ff01","dp":"00000008","type":1,"locked":0,"sp_due":"00000000","rsp":"80045dd8","rs":"00000012","rdp":"00000000","next":"80045d78","qvalid":0,"qcapacity":8,"thread":"80068f90","tasks":2}
PDOBS {"n":1599,"ev":"sp_write_before","pc":"80035fd8","count":"9a64a62e","frame":3,"a":"00000400","b":"ffffffff","sp":"000002c3","mi":"00000000","mask":"0000003f","cause":"10000000","sr":"2400ff01","dp":"00000008","type":1,"locked":0,"sp_due":"00000000","rsp":"80045dd8","rs":"00000012","rdp":"00000000","next":"80045d78","qvalid":0,"qcapacity":8,"thread":"80068f90","tasks":2}
PDOBS {"n":1600,"ev":"sp_write_after","pc":"80035fd8","count":"9a64a62e","frame":3,"a":"00000400","b":"ffffffff","sp":"000002c3","mi":"00000000","mask":"0000003f","cause":"10000000","sr":"2400ff01","dp":"00000008","type":1,"locked":0,"sp_due":"00000000","rsp":"80045dd8","rs":"00000012","rdp":"00000000","next":"80045d78","qvalid":0,"qcapacity":8,"thread":"80068f90","tasks":2}
PDOBS {"n":1601,"ev":"sp_write_before","pc":"80035fd8","count":"9a7d6718","frame":3,"a":"00000400","b":"ffffffff","sp":"000002c3","mi":"00000000","mask":"0000003f","cause":"10000000","sr":"2400ff01","dp":"00000008","type":1,"locked":0,"sp_due":"00000000","rsp":"80045dd8","rs":"00000012","rdp":"00000000","next":"80045d78","qvalid":0,"qcapacity":8,"thread":"80068f90","tasks":2}
PDOBS {"n":1602,"ev":"sp_write_after","pc":"80035fd8","count":"9a7d6718","frame":3,"a":"00000400","b":"ffffffff","sp":"000002c3","mi":"00000000","mask":"0000003f","cause":"10000000","sr":"2400ff01","dp":"00000008","type":1,"locked":0,"sp_due":"00000000","rsp":"80045dd8","rs":"00000012","rdp":"00000000","next":"80045d78","qvalid":0,"qcapacity":8,"thread":"80068f90","tasks":2}
PDOBS {"n":1603,"ev":"sp_write_before","pc":"80035fd8","count":"9a96280a","frame":3,"a":"00000400","b":"ffffffff","sp":"000002c3","mi":"00000000","mask":"0000003f","cause":"10000000","sr":"2400ff01","dp":"00000008","type":1,"locked":0,"sp_due":"00000000","rsp":"80045dd8","rs":"00000012","rdp":"00000000","next":"80045d78","qvalid":0,"qcapacity":8,"thread":"80068f90","tasks":2}
PDOBS {"n":1604,"ev":"sp_write_after","pc":"80035fd8","count":"9a96280a","frame":3,"a":"00000400","b":"ffffffff","sp":"000002c3","mi":"00000000","mask":"0000003f","cause":"10000000","sr":"2400ff01","dp":"00000008","type":1,"locked":0,"sp_due":"00000000","rsp":"80045dd8","rs":"00000012","rdp":"00000000","next":"80045d78","qvalid":0,"qcapacity":8,"thread":"80068f90","tasks":2}
PDOBS {"n":1605,"ev":"sp_write_before","pc":"80035fd8","count":"9aaee8ec","frame":3,"a":"00000400","b":"ffffffff","sp":"000002c3","mi":"00000000","mask":"0000003f","cause":"10000000","sr":"2400ff01","dp":"00000008","type":1,"locked":0,"sp_due":"00000000","rsp":"80045dd8","rs":"00000012","rdp":"00000000","next":"80045d78","qvalid":0,"qcapacity":8,"thread":"80068f90","tasks":2}
PDOBS {"n":1606,"ev":"sp_write_after","pc":"80035fd8","count":"9aaee8ec","frame":3,"a":"00000400","b":"ffffffff","sp":"000002c3","mi":"00000000","mask":"0000003f","cause":"10000000","sr":"2400ff01","dp":"00000008","type":1,"locked":0,"sp_due":"00000000","rsp":"80045dd8","rs":"00000012","rdp":"00000000","next":"80045d78","qvalid":0,"qcapacity":8,"thread":"80068f90","tasks":2}
PDOBS {"n":1607,"ev":"sp_write_before","pc":"80035fd8","count":"9ac7a9d6","frame":3,"a":"00000400","b":"ffffffff","sp":"000002c3","mi":"00000000","mask":"0000003f","cause":"10000000","sr":"2400ff01","dp":"00000008","type":1,"locked":0,"sp_due":"00000000","rsp":"80045dd8","rs":"00000012","rdp":"00000000","next":"80045d78","qvalid":0,"qcapacity":8,"thread":"80068f90","tasks":2}
PDOBS {"n":1608,"ev":"sp_write_after","pc":"80035fd8","count":"9ac7a9d6","frame":3,"a":"00000400","b":"ffffffff","sp":"000002c3","mi":"00000000","mask":"0000003f","cause":"10000000","sr":"2400ff01","dp":"00000008","type":1,"locked":0,"sp_due":"00000000","rsp":"80045dd8","rs":"00000012","rdp":"00000000","next":"80045d78","qvalid":0,"qcapacity":8,"thread":"80068f90","tasks":2}
PDOBS {"n":1609,"ev":"sp_write_before","pc":"80035fd8","count":"9ae06ac0","frame":3,"a":"00000400","b":"ffffffff","sp":"000002c3","mi":"00000000","mask":"0000003f","cause":"10000000","sr":"2400ff01","dp":"00000008","type":1,"locked":0,"sp_due":"00000000","rsp":"80045dd8","rs":"00000012","rdp":"00000000","next":"80045d78","qvalid":0,"qcapacity":8,"thread":"80068f90","tasks":2}
PDOBS {"n":1610,"ev":"sp_write_after","pc":"80035fd8","count":"9ae06ac0","frame":3,"a":"00000400","b":"ffffffff","sp":"000002c3","mi":"00000000","mask":"0000003f","cause":"10000000","sr":"2400ff01","dp":"00000008","type":1,"locked":0,"sp_due":"00000000","rsp":"80045dd8","rs":"00000012","rdp":"00000000","next":"80045d78","qvalid":0,"qcapacity":8,"thread":"80068f90","tasks":2}
PDOBS {"n":1611,"ev":"sp_write_before","pc":"80035fd8","count":"9af92bae","frame":3,"a":"00000400","b":"ffffffff","sp":"000002c3","mi":"00000000","mask":"0000003f","cause":"10000000","sr":"2400ff01","dp":"00000008","type":1,"locked":0,"sp_due":"00000000","rsp":"80045dd8","rs":"00000012","rdp":"00000000","next":"80045d78","qvalid":0,"qcapacity":8,"thread":"80068f90","tasks":2}
PDOBS {"n":1612,"ev":"sp_write_after","pc":"80035fd8","count":"9af92bae","frame":3,"a":"00000400","b":"ffffffff","sp":"000002c3","mi":"00000000","mask":"0000003f","cause":"10000000","sr":"2400ff01","dp":"00000008","type":1,"locked":0,"sp_due":"00000000","rsp":"80045dd8","rs":"00000012","rdp":"00000000","next":"80045d78","qvalid":0,"qcapacity":8,"thread":"80068f90","tasks":2}
PDOBS {"n":1613,"ev":"sp_write_before","pc":"80035fd8","count":"9b11ec98","frame":3,"a":"00000400","b":"ffffffff","sp":"000002c3","mi":"00000000","mask":"0000003f","cause":"10000000","sr":"2400ff01","dp":"00000008","type":1,"locked":0,"sp_due":"00000000","rsp":"80045dd8","rs":"00000012","rdp":"00000000","next":"80045d78","qvalid":0,"qcapacity":8,"thread":"80068f90","tasks":2}
PDOBS {"n":1614,"ev":"sp_write_after","pc":"80035fd8","count":"9b11ec98","frame":3,"a":"00000400","b":"ffffffff","sp":"000002c3","mi":"00000000","mask":"0000003f","cause":"10000000","sr":"2400ff01","dp":"00000008","type":1,"locked":0,"sp_due":"00000000","rsp":"80045dd8","rs":"00000012","rdp":"00000000","next":"80045d78","qvalid":0,"qcapacity":8,"thread":"80068f90","tasks":2}
PDOBS {"n":1615,"ev":"sp_write_before","pc":"80035fd8","count":"9b2aad7e","frame":3,"a":"00000400","b":"ffffffff","sp":"000002c3","mi":"00000000","mask":"0000003f","cause":"10000000","sr":"2400ff01","dp":"00000008","type":1,"locked":0,"sp_due":"00000000","rsp":"80045dd8","rs":"00000012","rdp":"00000000","next":"80045d78","qvalid":0,"qcapacity":8,"thread":"80068f90","tasks":2}
PDOBS {"n":1616,"ev":"sp_write_after","pc":"80035fd8","count":"9b2aad7e","frame":3,"a":"00000400","b":"ffffffff","sp":"000002c3","mi":"00000000","mask":"0000003f","cause":"10000000","sr":"2400ff01","dp":"00000008","type":1,"locked":0,"sp_due":"00000000","rsp":"80045dd8","rs":"00000012","rdp":"00000000","next":"80045d78","qvalid":0,"qcapacity":8,"thread":"80068f90","tasks":2}
PDOBS {"n":1617,"ev":"sp_write_before","pc":"80035fd8","count":"9b436e68","frame":3,"a":"00000400","b":"ffffffff","sp":"000002c3","mi":"00000000","mask":"0000003f","cause":"10000000","sr":"2400ff01","dp":"00000008","type":1,"locked":0,"sp_due":"00000000","rsp":"80045dd8","rs":"00000012","rdp":"00000000","next":"80045d78","qvalid":0,"qcapacity":8,"thread":"80068f90","tasks":2}
PDOBS {"n":1618,"ev":"sp_write_after","pc":"80035fd8","count":"9b436e68","frame":3,"a":"00000400","b":"ffffffff","sp":"000002c3","mi":"00000000","mask":"0000003f","cause":"10000000","sr":"2400ff01","dp":"00000008","type":1,"locked":0,"sp_due":"00000000","rsp":"80045dd8","rs":"00000012","rdp":"00000000","next":"80045d78","qvalid":0,"qcapacity":8,"thread":"80068f90","tasks":2}
PDOBS {"n":1619,"ev":"sp_write_before","pc":"80035fd8","count":"9b5c2f56","frame":3,"a":"00000400","b":"ffffffff","sp":"000002c3","mi":"00000000","mask":"0000003f","cause":"10000000","sr":"2400ff01","dp":"00000008","type":1,"locked":0,"sp_due":"00000000","rsp":"80045dd8","rs":"00000012","rdp":"00000000","next":"80045d78","qvalid":0,"qcapacity":8,"thread":"80068f90","tasks":2}
PDOBS {"n":1620,"ev":"sp_write_after","pc":"80035fd8","count":"9b5c2f56","frame":3,"a":"00000400","b":"ffffffff","sp":"000002c3","mi":"00000000","mask":"0000003f","cause":"10000000","sr":"2400ff01","dp":"00000008","type":1,"locked":0,"sp_due":"00000000","rsp":"80045dd8","rs":"00000012","rdp":"00000000","next":"80045d78","qvalid":0,"qcapacity":8,"thread":"80068f90","tasks":2}
PDOBS {"n":1621,"ev":"sp_write_before","pc":"80035fd8","count":"9b74f03c","frame":3,"a":"00000400","b":"ffffffff","sp":"000002c3","mi":"00000000","mask":"0000003f","cause":"10000000","sr":"2400ff01","dp":"00000008","type":1,"locked":0,"sp_due":"00000000","rsp":"80045dd8","rs":"00000012","rdp":"00000000","next":"80045d78","qvalid":0,"qcapacity":8,"thread":"80068f90","tasks":2}
PDOBS {"n":1622,"ev":"sp_write_after","pc":"80035fd8","count":"9b74f03c","frame":3,"a":"00000400","b":"ffffffff","sp":"000002c3","mi":"00000000","mask":"0000003f","cause":"10000000","sr":"2400ff01","dp":"00000008","type":1,"locked":0,"sp_due":"00000000","rsp":"80045dd8","rs":"00000012","rdp":"00000000","next":"80045d78","qvalid":0,"qcapacity":8,"thread":"80068f90","tasks":2}
PDOBS {"n":1623,"ev":"sp_write_before","pc":"80035fd8","count":"9b8db12a","frame":3,"a":"00000400","b":"ffffffff","sp":"000002c3","mi":"00000000","mask":"0000003f","cause":"10000000","sr":"2400ff01","dp":"00000008","type":1,"locked":0,"sp_due":"00000000","rsp":"80045dd8","rs":"00000012","rdp":"00000000","next":"80045d78","qvalid":0,"qcapacity":8,"thread":"80068f90","tasks":2}
PDOBS {"n":1624,"ev":"sp_write_after","pc":"80035fd8","count":"9b8db12a","frame":3,"a":"00000400","b":"ffffffff","sp":"000002c3","mi":"00000000","mask":"0000003f","cause":"10000000","sr":"2400ff01","dp":"00000008","type":1,"locked":0,"sp_due":"00000000","rsp":"80045dd8","rs":"00000012","rdp":"00000000","next":"80045d78","qvalid":0,"qcapacity":8,"thread":"80068f90","tasks":2}
PDOBS {"n":1625,"ev":"sp_write_before","pc":"80035fd8","count":"9ba67210","frame":3,"a":"00000400","b":"ffffffff","sp":"000002c3","mi":"00000000","mask":"0000003f","cause":"10000000","sr":"2400ff01","dp":"00000008","type":1,"locked":0,"sp_due":"00000000","rsp":"80045dd8","rs":"00000012","rdp":"00000000","next":"80045d78","qvalid":0,"qcapacity":8,"thread":"80068f90","tasks":2}
PDOBS {"n":1626,"ev":"sp_write_after","pc":"80035fd8","count":"9ba67210","frame":3,"a":"00000400","b":"ffffffff","sp":"000002c3","mi":"00000000","mask":"0000003f","cause":"10000000","sr":"2400ff01","dp":"00000008","type":1,"locked":0,"sp_due":"00000000","rsp":"80045dd8","rs":"00000012","rdp":"00000000","next":"80045d78","qvalid":0,"qcapacity":8,"thread":"80068f90","tasks":2}
PDOBS {"n":1627,"ev":"sp_write_before","pc":"80035fd8","count":"9bbf32fe","frame":3,"a":"00000400","b":"ffffffff","sp":"000002c3","mi":"00000000","mask":"0000003f","cause":"10000000","sr":"2400ff01","dp":"00000008","type":1,"locked":0,"sp_due":"00000000","rsp":"80045dd8","rs":"00000012","rdp":"00000000","next":"80045d78","qvalid":0,"qcapacity":8,"thread":"80068f90","tasks":2}
PDOBS {"n":1628,"ev":"sp_write_after","pc":"80035fd8","count":"9bbf32fe","frame":3,"a":"00000400","b":"ffffffff","sp":"000002c3","mi":"00000000","mask":"0000003f","cause":"10000000","sr":"2400ff01","dp":"00000008","type":1,"locked":0,"sp_due":"00000000","rsp":"80045dd8","rs":"00000012","rdp":"00000000","next":"80045d78","qvalid":0,"qcapacity":8,"thread":"80068f90","tasks":2}
PDOBS {"n":1629,"ev":"sp_write_before","pc":"80035fd8","count":"9bd7f3e4","frame":3,"a":"00000400","b":"ffffffff","sp":"000002c3","mi":"00000000","mask":"0000003f","cause":"10000000","sr":"2400ff01","dp":"00000008","type":1,"locked":0,"sp_due":"00000000","rsp":"80045dd8","rs":"00000012","rdp":"00000000","next":"80045d78","qvalid":0,"qcapacity":8,"thread":"80068f90","tasks":2}
PDOBS {"n":1630,"ev":"sp_write_after","pc":"80035fd8","count":"9bd7f3e4","frame":3,"a":"00000400","b":"ffffffff","sp":"000002c3","mi":"00000000","mask":"0000003f","cause":"10000000","sr":"2400ff01","dp":"00000008","type":1,"locked":0,"sp_due":"00000000","rsp":"80045dd8","rs":"00000012","rdp":"00000000","next":"80045d78","qvalid":0,"qcapacity":8,"thread":"80068f90","tasks":2}
PDOBS {"n":1631,"ev":"sp_write_before","pc":"80035fd8","count":"9bf0b4ce","frame":3,"a":"00000400","b":"ffffffff","sp":"000002c3","mi":"00000000","mask":"0000003f","cause":"10000000","sr":"2400ff01","dp":"00000008","type":1,"locked":0,"sp_due":"00000000","rsp":"80045dd8","rs":"00000012","rdp":"00000000","next":"80045d78","qvalid":0,"qcapacity":8,"thread":"80068f90","tasks":2}
PDOBS {"n":1632,"ev":"sp_write_after","pc":"80035fd8","count":"9bf0b4ce","frame":3,"a":"00000400","b":"ffffffff","sp":"000002c3","mi":"00000000","mask":"0000003f","cause":"10000000","sr":"2400ff01","dp":"00000008","type":1,"locked":0,"sp_due":"00000000","rsp":"80045dd8","rs":"00000012","rdp":"00000000","next":"80045d78","qvalid":0,"qcapacity":8,"thread":"80068f90","tasks":2}
PDOBS {"n":1633,"ev":"sp_write_before","pc":"80035fd8","count":"9c0975bc","frame":3,"a":"00000400","b":"ffffffff","sp":"000002c3","mi":"00000000","mask":"0000003f","cause":"10000000","sr":"2400ff01","dp":"00000008","type":1,"locked":0,"sp_due":"00000000","rsp":"80045dd8","rs":"00000012","rdp":"00000000","next":"80045d78","qvalid":0,"qcapacity":8,"thread":"80068f90","tasks":2}
PDOBS {"n":1634,"ev":"sp_write_after","pc":"80035fd8","count":"9c0975bc","frame":3,"a":"00000400","b":"ffffffff","sp":"000002c3","mi":"00000000","mask":"0000003f","cause":"10000000","sr":"2400ff01","dp":"00000008","type":1,"locked":0,"sp_due":"00000000","rsp":"80045dd8","rs":"00000012","rdp":"00000000","next":"80045d78","qvalid":0,"qcapacity":8,"thread":"80068f90","tasks":2}
PDOBS {"n":1635,"ev":"sp_write_before","pc":"80035fd8","count":"9c2236a6","frame":3,"a":"00000400","b":"ffffffff","sp":"000002c3","mi":"00000000","mask":"0000003f","cause":"10000000","sr":"2400ff01","dp":"00000008","type":1,"locked":0,"sp_due":"00000000","rsp":"80045dd8","rs":"00000012","rdp":"00000000","next":"80045d78","qvalid":0,"qcapacity":8,"thread":"80068f90","tasks":2}
PDOBS {"n":1636,"ev":"sp_write_after","pc":"80035fd8","count":"9c2236a6","frame":3,"a":"00000400","b":"ffffffff","sp":"000002c3","mi":"00000000","mask":"0000003f","cause":"10000000","sr":"2400ff01","dp":"00000008","type":1,"locked":0,"sp_due":"00000000","rsp":"80045dd8","rs":"00000012","rdp":"00000000","next":"80045d78","qvalid":0,"qcapacity":8,"thread":"80068f90","tasks":2}
PDOBS {"n":1637,"ev":"sp_write_before","pc":"80035fd8","count":"9c3af78c","frame":3,"a":"00000400","b":"ffffffff","sp":"000002c3","mi":"00000000","mask":"0000003f","cause":"10000000","sr":"2400ff01","dp":"00000008","type":1,"locked":0,"sp_due":"00000000","rsp":"80045dd8","rs":"00000012","rdp":"00000000","next":"80045d78","qvalid":0,"qcapacity":8,"thread":"80068f90","tasks":2}
PDOBS {"n":1638,"ev":"sp_write_after","pc":"80035fd8","count":"9c3af78c","frame":3,"a":"00000400","b":"ffffffff","sp":"000002c3","mi":"00000000","mask":"0000003f","cause":"10000000","sr":"2400ff01","dp":"00000008","type":1,"locked":0,"sp_due":"00000000","rsp":"80045dd8","rs":"00000012","rdp":"00000000","next":"80045d78","qvalid":0,"qcapacity":8,"thread":"80068f90","tasks":2}
PDOBS {"n":1639,"ev":"sp_write_before","pc":"80035fd8","count":"9c53b876","frame":3,"a":"00000400","b":"ffffffff","sp":"000002c3","mi":"00000000","mask":"0000003f","cause":"10000000","sr":"2400ff01","dp":"00000008","type":1,"locked":0,"sp_due":"00000000","rsp":"80045dd8","rs":"00000012","rdp":"00000000","next":"80045d78","qvalid":0,"qcapacity":8,"thread":"80068f90","tasks":2}
PDOBS {"n":1640,"ev":"sp_write_after","pc":"80035fd8","count":"9c53b876","frame":3,"a":"00000400","b":"ffffffff","sp":"000002c3","mi":"00000000","mask":"0000003f","cause":"10000000","sr":"2400ff01","dp":"00000008","type":1,"locked":0,"sp_due":"00000000","rsp":"80045dd8","rs":"00000012","rdp":"00000000","next":"80045d78","qvalid":0,"qcapacity":8,"thread":"80068f90","tasks":2}
PDOBS {"n":1641,"ev":"sp_write_before","pc":"80035fd8","count":"9c6c7960","frame":3,"a":"00000400","b":"ffffffff","sp":"000002c3","mi":"00000000","mask":"0000003f","cause":"10000000","sr":"2400ff01","dp":"00000008","type":1,"locked":0,"sp_due":"00000000","rsp":"80045dd8","rs":"00000012","rdp":"00000000","next":"80045d78","qvalid":0,"qcapacity":8,"thread":"80068f90","tasks":2}
PDOBS {"n":1642,"ev":"sp_write_after","pc":"80035fd8","count":"9c6c7960","frame":3,"a":"00000400","b":"ffffffff","sp":"000002c3","mi":"00000000","mask":"0000003f","cause":"10000000","sr":"2400ff01","dp":"00000008","type":1,"locked":0,"sp_due":"00000000","rsp":"80045dd8","rs":"00000012","rdp":"00000000","next":"80045d78","qvalid":0,"qcapacity":8,"thread":"80068f90","tasks":2}
PDOBS {"n":1643,"ev":"sp_write_before","pc":"80035fd8","count":"9c853a52","frame":3,"a":"00000400","b":"ffffffff","sp":"000002c3","mi":"00000000","mask":"0000003f","cause":"10000000","sr":"2400ff01","dp":"00000008","type":1,"locked":0,"sp_due":"00000000","rsp":"80045dd8","rs":"00000012","rdp":"00000000","next":"80045d78","qvalid":0,"qcapacity":8,"thread":"80068f90","tasks":2}
PDOBS {"n":1644,"ev":"sp_write_after","pc":"80035fd8","count":"9c853a52","frame":3,"a":"00000400","b":"ffffffff","sp":"000002c3","mi":"00000000","mask":"0000003f","cause":"10000000","sr":"2400ff01","dp":"00000008","type":1,"locked":0,"sp_due":"00000000","rsp":"80045dd8","rs":"00000012","rdp":"00000000","next":"80045d78","qvalid":0,"qcapacity":8,"thread":"80068f90","tasks":2}
PDOBS {"n":1645,"ev":"sp_write_before","pc":"80035fd8","count":"9c9dfb34","frame":3,"a":"00000400","b":"ffffffff","sp":"000002c3","mi":"00000000","mask":"0000003f","cause":"10000000","sr":"2400ff01","dp":"00000008","type":1,"locked":0,"sp_due":"00000000","rsp":"80045dd8","rs":"00000012","rdp":"00000000","next":"80045d78","qvalid":0,"qcapacity":8,"thread":"80068f90","tasks":2}
PDOBS {"n":1646,"ev":"sp_write_after","pc":"80035fd8","count":"9c9dfb34","frame":3,"a":"00000400","b":"ffffffff","sp":"000002c3","mi":"00000000","mask":"0000003f","cause":"10000000","sr":"2400ff01","dp":"00000008","type":1,"locked":0,"sp_due":"00000000","rsp":"80045dd8","rs":"00000012","rdp":"00000000","next":"80045d78","qvalid":0,"qcapacity":8,"thread":"80068f90","tasks":2}
PDOBS {"n":1647,"ev":"sp_write_before","pc":"80035fd8","count":"9cb6bc1e","frame":3,"a":"00000400","b":"ffffffff","sp":"000002c3","mi":"00000000","mask":"0000003f","cause":"10000000","sr":"2400ff01","dp":"00000008","type":1,"locked":0,"sp_due":"00000000","rsp":"80045dd8","rs":"00000012","rdp":"00000000","next":"80045d78","qvalid":0,"qcapacity":8,"thread":"80068f90","tasks":2}
PDOBS {"n":1648,"ev":"sp_write_after","pc":"80035fd8","count":"9cb6bc1e","frame":3,"a":"00000400","b":"ffffffff","sp":"000002c3","mi":"00000000","mask":"0000003f","cause":"10000000","sr":"2400ff01","dp":"00000008","type":1,"locked":0,"sp_due":"00000000","rsp":"80045dd8","rs":"00000012","rdp":"00000000","next":"80045d78","qvalid":0,"qcapacity":8,"thread":"80068f90","tasks":2}
PDOBS {"n":1649,"ev":"sp_write_before","pc":"80035fd8","count":"9ccf7d08","frame":3,"a":"00000400","b":"ffffffff","sp":"000002c3","mi":"00000000","mask":"0000003f","cause":"10000000","sr":"2400ff01","dp":"00000008","type":1,"locked":0,"sp_due":"00000000","rsp":"80045dd8","rs":"00000012","rdp":"00000000","next":"80045d78","qvalid":0,"qcapacity":8,"thread":"80068f90","tasks":2}
PDOBS {"n":1650,"ev":"sp_write_after","pc":"80035fd8","count":"9ccf7d08","frame":3,"a":"00000400","b":"ffffffff","sp":"000002c3","mi":"00000000","mask":"0000003f","cause":"10000000","sr":"2400ff01","dp":"00000008","type":1,"locked":0,"sp_due":"00000000","rsp":"80045dd8","rs":"00000012","rdp":"00000000","next":"80045d78","qvalid":0,"qcapacity":8,"thread":"80068f90","tasks":2}
PDOBS {"n":1651,"ev":"sp_write_before","pc":"80035fd8","count":"9ce83df6","frame":3,"a":"00000400","b":"ffffffff","sp":"000002c3","mi":"00000000","mask":"0000003f","cause":"10000000","sr":"2400ff01","dp":"00000008","type":1,"locked":0,"sp_due":"00000000","rsp":"80045dd8","rs":"00000012","rdp":"00000000","next":"80045d78","qvalid":0,"qcapacity":8,"thread":"80068f90","tasks":2}
PDOBS {"n":1652,"ev":"sp_write_after","pc":"80035fd8","count":"9ce83df6","frame":3,"a":"00000400","b":"ffffffff","sp":"000002c3","mi":"00000000","mask":"0000003f","cause":"10000000","sr":"2400ff01","dp":"00000008","type":1,"locked":0,"sp_due":"00000000","rsp":"80045dd8","rs":"00000012","rdp":"00000000","next":"80045d78","qvalid":0,"qcapacity":8,"thread":"80068f90","tasks":2}
PDOBS {"n":1653,"ev":"sp_write_before","pc":"80035fd8","count":"9d00fee0","frame":3,"a":"00000400","b":"ffffffff","sp":"000002c3","mi":"00000000","mask":"0000003f","cause":"10000000","sr":"2400ff01","dp":"00000008","type":1,"locked":0,"sp_due":"00000000","rsp":"80045dd8","rs":"00000012","rdp":"00000000","next":"80045d78","qvalid":0,"qcapacity":8,"thread":"80068f90","tasks":2}
PDOBS {"n":1654,"ev":"sp_write_after","pc":"80035fd8","count":"9d00fee0","frame":3,"a":"00000400","b":"ffffffff","sp":"000002c3","mi":"00000000","mask":"0000003f","cause":"10000000","sr":"2400ff01","dp":"00000008","type":1,"locked":0,"sp_due":"00000000","rsp":"80045dd8","rs":"00000012","rdp":"00000000","next":"80045d78","qvalid":0,"qcapacity":8,"thread":"80068f90","tasks":2}
PDOBS {"n":1655,"ev":"sp_write_before","pc":"80035fd8","count":"9d19bfc6","frame":3,"a":"00000400","b":"ffffffff","sp":"000002c3","mi":"00000000","mask":"0000003f","cause":"10000000","sr":"2400ff01","dp":"00000008","type":1,"locked":0,"sp_due":"00000000","rsp":"80045dd8","rs":"00000012","rdp":"00000000","next":"80045d78","qvalid":0,"qcapacity":8,"thread":"80068f90","tasks":2}
PDOBS {"n":1656,"ev":"sp_write_after","pc":"80035fd8","count":"9d19bfc6","frame":3,"a":"00000400","b":"ffffffff","sp":"000002c3","mi":"00000000","mask":"0000003f","cause":"10000000","sr":"2400ff01","dp":"00000008","type":1,"locked":0,"sp_due":"00000000","rsp":"80045dd8","rs":"00000012","rdp":"00000000","next":"80045d78","qvalid":0,"qcapacity":8,"thread":"80068f90","tasks":2}
PDOBS {"n":1657,"ev":"sp_write_before","pc":"80035fd8","count":"9d3280b0","frame":3,"a":"00000400","b":"ffffffff","sp":"000002c3","mi":"00000000","mask":"0000003f","cause":"10000000","sr":"2400ff01","dp":"00000008","type":1,"locked":0,"sp_due":"00000000","rsp":"80045dd8","rs":"00000012","rdp":"00000000","next":"80045d78","qvalid":0,"qcapacity":8,"thread":"80068f90","tasks":2}
PDOBS {"n":1658,"ev":"sp_write_after","pc":"80035fd8","count":"9d3280b0","frame":3,"a":"00000400","b":"ffffffff","sp":"000002c3","mi":"00000000","mask":"0000003f","cause":"10000000","sr":"2400ff01","dp":"00000008","type":1,"locked":0,"sp_due":"00000000","rsp":"80045dd8","rs":"00000012","rdp":"00000000","next":"80045d78","qvalid":0,"qcapacity":8,"thread":"80068f90","tasks":2}
PDOBS {"n":1659,"ev":"sp_write_before","pc":"80035fd8","count":"9d4b419e","frame":3,"a":"00000400","b":"ffffffff","sp":"000002c3","mi":"00000000","mask":"0000003f","cause":"10000000","sr":"2400ff01","dp":"00000008","type":1,"locked":0,"sp_due":"00000000","rsp":"80045dd8","rs":"00000012","rdp":"00000000","next":"80045d78","qvalid":0,"qcapacity":8,"thread":"80068f90","tasks":2}
PDOBS {"n":1660,"ev":"sp_write_after","pc":"80035fd8","count":"9d4b419e","frame":3,"a":"00000400","b":"ffffffff","sp":"000002c3","mi":"00000000","mask":"0000003f","cause":"10000000","sr":"2400ff01","dp":"00000008","type":1,"locked":0,"sp_due":"00000000","rsp":"80045dd8","rs":"00000012","rdp":"00000000","next":"80045d78","qvalid":0,"qcapacity":8,"thread":"80068f90","tasks":2}
PDOBS {"n":1661,"ev":"sp_write_before","pc":"80035fd8","count":"9d640284","frame":3,"a":"00000400","b":"ffffffff","sp":"000002c3","mi":"00000000","mask":"0000003f","cause":"10000000","sr":"2400ff01","dp":"00000008","type":1,"locked":0,"sp_due":"00000000","rsp":"80045dd8","rs":"00000012","rdp":"00000000","next":"80045d78","qvalid":0,"qcapacity":8,"thread":"80068f90","tasks":2}
PDOBS {"n":1662,"ev":"sp_write_after","pc":"80035fd8","count":"9d640284","frame":3,"a":"00000400","b":"ffffffff","sp":"000002c3","mi":"00000000","mask":"0000003f","cause":"10000000","sr":"2400ff01","dp":"00000008","type":1,"locked":0,"sp_due":"00000000","rsp":"80045dd8","rs":"00000012","rdp":"00000000","next":"80045d78","qvalid":0,"qcapacity":8,"thread":"80068f90","tasks":2}
PDOBS {"n":1663,"ev":"sp_write_before","pc":"80035fd8","count":"9d7cc372","frame":3,"a":"00000400","b":"ffffffff","sp":"000002c3","mi":"00000000","mask":"0000003f","cause":"10000000","sr":"2400ff01","dp":"00000008","type":1,"locked":0,"sp_due":"00000000","rsp":"80045dd8","rs":"00000012","rdp":"00000000","next":"80045d78","qvalid":0,"qcapacity":8,"thread":"80068f90","tasks":2}
PDOBS {"n":1664,"ev":"sp_write_after","pc":"80035fd8","count":"9d7cc372","frame":3,"a":"00000400","b":"ffffffff","sp":"000002c3","mi":"00000000","mask":"0000003f","cause":"10000000","sr":"2400ff01","dp":"00000008","type":1,"locked":0,"sp_due":"00000000","rsp":"80045dd8","rs":"00000012","rdp":"00000000","next":"80045d78","qvalid":0,"qcapacity":8,"thread":"80068f90","tasks":2}
PDOBS {"n":1665,"ev":"sp_write_before","pc":"80035fd8","count":"9d958458","frame":3,"a":"00000400","b":"ffffffff","sp":"000002c3","mi":"00000000","mask":"0000003f","cause":"10000000","sr":"2400ff01","dp":"00000008","type":1,"locked":0,"sp_due":"00000000","rsp":"80045dd8","rs":"00000012","rdp":"00000000","next":"80045d78","qvalid":0,"qcapacity":8,"thread":"80068f90","tasks":2}
PDOBS {"n":1666,"ev":"sp_write_after","pc":"80035fd8","count":"9d958458","frame":3,"a":"00000400","b":"ffffffff","sp":"000002c3","mi":"00000000","mask":"0000003f","cause":"10000000","sr":"2400ff01","dp":"00000008","type":1,"locked":0,"sp_due":"00000000","rsp":"80045dd8","rs":"00000012","rdp":"00000000","next":"80045d78","qvalid":0,"qcapacity":8,"thread":"80068f90","tasks":2}
PDOBS {"n":1667,"ev":"sp_write_before","pc":"80035fd8","count":"9dae4546","frame":3,"a":"00000400","b":"ffffffff","sp":"000002c3","mi":"00000000","mask":"0000003f","cause":"10000000","sr":"2400ff01","dp":"00000008","type":1,"locked":0,"sp_due":"00000000","rsp":"80045dd8","rs":"00000012","rdp":"00000000","next":"80045d78","qvalid":0,"qcapacity":8,"thread":"80068f90","tasks":2}
PDOBS {"n":1668,"ev":"sp_write_after","pc":"80035fd8","count":"9dae4546","frame":3,"a":"00000400","b":"ffffffff","sp":"000002c3","mi":"00000000","mask":"0000003f","cause":"10000000","sr":"2400ff01","dp":"00000008","type":1,"locked":0,"sp_due":"00000000","rsp":"80045dd8","rs":"00000012","rdp":"00000000","next":"80045d78","qvalid":0,"qcapacity":8,"thread":"80068f90","tasks":2}
PDOBS {"n":1669,"ev":"sp_write_before","pc":"80035fd8","count":"9dc7062c","frame":3,"a":"00000400","b":"ffffffff","sp":"000002c3","mi":"00000000","mask":"0000003f","cause":"10000000","sr":"2400ff01","dp":"00000008","type":1,"locked":0,"sp_due":"00000000","rsp":"80045dd8","rs":"00000012","rdp":"00000000","next":"80045d78","qvalid":0,"qcapacity":8,"thread":"80068f90","tasks":2}
PDOBS {"n":1670,"ev":"sp_write_after","pc":"80035fd8","count":"9dc7062c","frame":3,"a":"00000400","b":"ffffffff","sp":"000002c3","mi":"00000000","mask":"0000003f","cause":"10000000","sr":"2400ff01","dp":"00000008","type":1,"locked":0,"sp_due":"00000000","rsp":"80045dd8","rs":"00000012","rdp":"00000000","next":"80045d78","qvalid":0,"qcapacity":8,"thread":"80068f90","tasks":2}
PDOBS {"n":1671,"ev":"sp_write_before","pc":"80035fd8","count":"9ddfc716","frame":3,"a":"00000400","b":"ffffffff","sp":"000002c3","mi":"00000000","mask":"0000003f","cause":"10000000","sr":"2400ff01","dp":"00000008","type":1,"locked":0,"sp_due":"00000000","rsp":"80045dd8","rs":"00000012","rdp":"00000000","next":"80045d78","qvalid":0,"qcapacity":8,"thread":"80068f90","tasks":2}
PDOBS {"n":1672,"ev":"sp_write_after","pc":"80035fd8","count":"9ddfc716","frame":3,"a":"00000400","b":"ffffffff","sp":"000002c3","mi":"00000000","mask":"0000003f","cause":"10000000","sr":"2400ff01","dp":"00000008","type":1,"locked":0,"sp_due":"00000000","rsp":"80045dd8","rs":"00000012","rdp":"00000000","next":"80045d78","qvalid":0,"qcapacity":8,"thread":"80068f90","tasks":2}
PDOBS {"n":1673,"ev":"sp_write_before","pc":"80035fd8","count":"9df88804","frame":3,"a":"00000400","b":"ffffffff","sp":"000002c3","mi":"00000000","mask":"0000003f","cause":"10000000","sr":"2400ff01","dp":"00000008","type":1,"locked":0,"sp_due":"00000000","rsp":"80045dd8","rs":"00000012","rdp":"00000000","next":"80045d78","qvalid":0,"qcapacity":8,"thread":"80068f90","tasks":2}
PDOBS {"n":1674,"ev":"sp_write_after","pc":"80035fd8","count":"9df88804","frame":3,"a":"00000400","b":"ffffffff","sp":"000002c3","mi":"00000000","mask":"0000003f","cause":"10000000","sr":"2400ff01","dp":"00000008","type":1,"locked":0,"sp_due":"00000000","rsp":"80045dd8","rs":"00000012","rdp":"00000000","next":"80045d78","qvalid":0,"qcapacity":8,"thread":"80068f90","tasks":2}
PDOBS {"n":1675,"ev":"sp_write_before","pc":"80035fd8","count":"9e1148ee","frame":3,"a":"00000400","b":"ffffffff","sp":"000002c3","mi":"00000000","mask":"0000003f","cause":"10000000","sr":"2400ff01","dp":"00000008","type":1,"locked":0,"sp_due":"00000000","rsp":"80045dd8","rs":"00000012","rdp":"00000000","next":"80045d78","qvalid":0,"qcapacity":8,"thread":"80068f90","tasks":2}
PDOBS {"n":1676,"ev":"sp_write_after","pc":"80035fd8","count":"9e1148ee","frame":3,"a":"00000400","b":"ffffffff","sp":"000002c3","mi":"00000000","mask":"0000003f","cause":"10000000","sr":"2400ff01","dp":"00000008","type":1,"locked":0,"sp_due":"00000000","rsp":"80045dd8","rs":"00000012","rdp":"00000000","next":"80045d78","qvalid":0,"qcapacity":8,"thread":"80068f90","tasks":2}
PDOBS {"n":1677,"ev":"sp_write_before","pc":"80035fd8","count":"9e2a09d4","frame":3,"a":"00000400","b":"ffffffff","sp":"000002c3","mi":"00000000","mask":"0000003f","cause":"10000000","sr":"2400ff01","dp":"00000008","type":1,"locked":0,"sp_due":"00000000","rsp":"80045dd8","rs":"00000012","rdp":"00000000","next":"80045d78","qvalid":0,"qcapacity":8,"thread":"80068f90","tasks":2}
PDOBS {"n":1678,"ev":"sp_write_after","pc":"80035fd8","count":"9e2a09d4","frame":3,"a":"00000400","b":"ffffffff","sp":"000002c3","mi":"00000000","mask":"0000003f","cause":"10000000","sr":"2400ff01","dp":"00000008","type":1,"locked":0,"sp_due":"00000000","rsp":"80045dd8","rs":"00000012","rdp":"00000000","next":"80045d78","qvalid":0,"qcapacity":8,"thread":"80068f90","tasks":2}
PDOBS {"n":1679,"ev":"sp_write_before","pc":"80035fd8","count":"9e42cabe","frame":3,"a":"00000400","b":"ffffffff","sp":"000002c3","mi":"00000000","mask":"0000003f","cause":"10000000","sr":"2400ff01","dp":"00000008","type":1,"locked":0,"sp_due":"00000000","rsp":"80045dd8","rs":"00000012","rdp":"00000000","next":"80045d78","qvalid":0,"qcapacity":8,"thread":"80068f90","tasks":2}
PDOBS {"n":1680,"ev":"sp_write_after","pc":"80035fd8","count":"9e42cabe","frame":3,"a":"00000400","b":"ffffffff","sp":"000002c3","mi":"00000000","mask":"0000003f","cause":"10000000","sr":"2400ff01","dp":"00000008","type":1,"locked":0,"sp_due":"00000000","rsp":"80045dd8","rs":"00000012","rdp":"00000000","next":"80045d78","qvalid":0,"qcapacity":8,"thread":"80068f90","tasks":2}
PDOBS {"n":1681,"ev":"sp_write_before","pc":"80035fd8","count":"9e5b8ba8","frame":3,"a":"00000400","b":"ffffffff","sp":"000002c3","mi":"00000000","mask":"0000003f","cause":"10000000","sr":"2400ff01","dp":"00000008","type":1,"locked":0,"sp_due":"00000000","rsp":"80045dd8","rs":"00000012","rdp":"00000000","next":"80045d78","qvalid":0,"qcapacity":8,"thread":"80068f90","tasks":2}
PDOBS {"n":1682,"ev":"sp_write_after","pc":"80035fd8","count":"9e5b8ba8","frame":3,"a":"00000400","b":"ffffffff","sp":"000002c3","mi":"00000000","mask":"0000003f","cause":"10000000","sr":"2400ff01","dp":"00000008","type":1,"locked":0,"sp_due":"00000000","rsp":"80045dd8","rs":"00000012","rdp":"00000000","next":"80045d78","qvalid":0,"qcapacity":8,"thread":"80068f90","tasks":2}
PDOBS {"n":1683,"ev":"sp_write_before","pc":"80035fd8","count":"9e744c9a","frame":3,"a":"00000400","b":"ffffffff","sp":"000002c3","mi":"00000000","mask":"0000003f","cause":"10000000","sr":"2400ff01","dp":"00000008","type":1,"locked":0,"sp_due":"00000000","rsp":"80045dd8","rs":"00000012","rdp":"00000000","next":"80045d78","qvalid":0,"qcapacity":8,"thread":"80068f90","tasks":2}
PDOBS {"n":1684,"ev":"sp_write_after","pc":"80035fd8","count":"9e744c9a","frame":3,"a":"00000400","b":"ffffffff","sp":"000002c3","mi":"00000000","mask":"0000003f","cause":"10000000","sr":"2400ff01","dp":"00000008","type":1,"locked":0,"sp_due":"00000000","rsp":"80045dd8","rs":"00000012","rdp":"00000000","next":"80045d78","qvalid":0,"qcapacity":8,"thread":"80068f90","tasks":2}
PDOBS {"n":1685,"ev":"sp_write_before","pc":"80035fd8","count":"9e8d0d7c","frame":3,"a":"00000400","b":"ffffffff","sp":"000002c3","mi":"00000000","mask":"0000003f","cause":"10000000","sr":"2400ff01","dp":"00000008","type":1,"locked":0,"sp_due":"00000000","rsp":"80045dd8","rs":"00000012","rdp":"00000000","next":"80045d78","qvalid":0,"qcapacity":8,"thread":"80068f90","tasks":2}
PDOBS {"n":1686,"ev":"sp_write_after","pc":"80035fd8","count":"9e8d0d7c","frame":3,"a":"00000400","b":"ffffffff","sp":"000002c3","mi":"00000000","mask":"0000003f","cause":"10000000","sr":"2400ff01","dp":"00000008","type":1,"locked":0,"sp_due":"00000000","rsp":"80045dd8","rs":"00000012","rdp":"00000000","next":"80045d78","qvalid":0,"qcapacity":8,"thread":"80068f90","tasks":2}
PDOBS {"n":1687,"ev":"sp_write_before","pc":"80035fd8","count":"9ea5ce66","frame":3,"a":"00000400","b":"ffffffff","sp":"000002c3","mi":"00000000","mask":"0000003f","cause":"10000000","sr":"2400ff01","dp":"00000008","type":1,"locked":0,"sp_due":"00000000","rsp":"80045dd8","rs":"00000012","rdp":"00000000","next":"80045d78","qvalid":0,"qcapacity":8,"thread":"80068f90","tasks":2}
PDOBS {"n":1688,"ev":"sp_write_after","pc":"80035fd8","count":"9ea5ce66","frame":3,"a":"00000400","b":"ffffffff","sp":"000002c3","mi":"00000000","mask":"0000003f","cause":"10000000","sr":"2400ff01","dp":"00000008","type":1,"locked":0,"sp_due":"00000000","rsp":"80045dd8","rs":"00000012","rdp":"00000000","next":"80045d78","qvalid":0,"qcapacity":8,"thread":"80068f90","tasks":2}
PDOBS {"n":1689,"ev":"sp_write_before","pc":"80035fd8","count":"9ebe8f50","frame":3,"a":"00000400","b":"ffffffff","sp":"000002c3","mi":"00000000","mask":"0000003f","cause":"10000000","sr":"2400ff01","dp":"00000008","type":1,"locked":0,"sp_due":"00000000","rsp":"80045dd8","rs":"00000012","rdp":"00000000","next":"80045d78","qvalid":0,"qcapacity":8,"thread":"80068f90","tasks":2}
PDOBS {"n":1690,"ev":"sp_write_after","pc":"80035fd8","count":"9ebe8f50","frame":3,"a":"00000400","b":"ffffffff","sp":"000002c3","mi":"00000000","mask":"0000003f","cause":"10000000","sr":"2400ff01","dp":"00000008","type":1,"locked":0,"sp_due":"00000000","rsp":"80045dd8","rs":"00000012","rdp":"00000000","next":"80045d78","qvalid":0,"qcapacity":8,"thread":"80068f90","tasks":2}
PDOBS {"n":1691,"ev":"sp_write_before","pc":"80035fd8","count":"9ed7503e","frame":3,"a":"00000400","b":"ffffffff","sp":"000002c3","mi":"00000000","mask":"0000003f","cause":"10000000","sr":"2400ff01","dp":"00000008","type":1,"locked":0,"sp_due":"00000000","rsp":"80045dd8","rs":"00000012","rdp":"00000000","next":"80045d78","qvalid":0,"qcapacity":8,"thread":"80068f90","tasks":2}
PDOBS {"n":1692,"ev":"sp_write_after","pc":"80035fd8","count":"9ed7503e","frame":3,"a":"00000400","b":"ffffffff","sp":"000002c3","mi":"00000000","mask":"0000003f","cause":"10000000","sr":"2400ff01","dp":"00000008","type":1,"locked":0,"sp_due":"00000000","rsp":"80045dd8","rs":"00000012","rdp":"00000000","next":"80045d78","qvalid":0,"qcapacity":8,"thread":"80068f90","tasks":2}
PDOBS {"n":1693,"ev":"sp_write_before","pc":"80035fd8","count":"9ef01128","frame":3,"a":"00000400","b":"ffffffff","sp":"000002c3","mi":"00000000","mask":"0000003f","cause":"10000000","sr":"2400ff01","dp":"00000008","type":1,"locked":0,"sp_due":"00000000","rsp":"80045dd8","rs":"00000012","rdp":"00000000","next":"80045d78","qvalid":0,"qcapacity":8,"thread":"80068f90","tasks":2}
PDOBS {"n":1694,"ev":"sp_write_after","pc":"80035fd8","count":"9ef01128","frame":3,"a":"00000400","b":"ffffffff","sp":"000002c3","mi":"00000000","mask":"0000003f","cause":"10000000","sr":"2400ff01","dp":"00000008","type":1,"locked":0,"sp_due":"00000000","rsp":"80045dd8","rs":"00000012","rdp":"00000000","next":"80045d78","qvalid":0,"qcapacity":8,"thread":"80068f90","tasks":2}
PDOBS {"n":1695,"ev":"sp_write_before","pc":"80035fd8","count":"9f08d20e","frame":3,"a":"00000400","b":"ffffffff","sp":"000002c3","mi":"00000000","mask":"0000003f","cause":"10000000","sr":"2400ff01","dp":"00000008","type":1,"locked":0,"sp_due":"00000000","rsp":"80045dd8","rs":"00000012","rdp":"00000000","next":"80045d78","qvalid":0,"qcapacity":8,"thread":"80068f90","tasks":2}
PDOBS {"n":1696,"ev":"sp_write_after","pc":"80035fd8","count":"9f08d20e","frame":3,"a":"00000400","b":"ffffffff","sp":"000002c3","mi":"00000000","mask":"0000003f","cause":"10000000","sr":"2400ff01","dp":"00000008","type":1,"locked":0,"sp_due":"00000000","rsp":"80045dd8","rs":"00000012","rdp":"00000000","next":"80045d78","qvalid":0,"qcapacity":8,"thread":"80068f90","tasks":2}
PDOBS {"n":1697,"ev":"sp_write_before","pc":"80035fd8","count":"9f2192f8","frame":3,"a":"00000400","b":"ffffffff","sp":"000002c3","mi":"00000000","mask":"0000003f","cause":"10000000","sr":"2400ff01","dp":"00000008","type":1,"locked":0,"sp_due":"00000000","rsp":"80045dd8","rs":"00000012","rdp":"00000000","next":"80045d78","qvalid":0,"qcapacity":8,"thread":"80068f90","tasks":2}
PDOBS {"n":1698,"ev":"sp_write_after","pc":"80035fd8","count":"9f2192f8","frame":3,"a":"00000400","b":"ffffffff","sp":"000002c3","mi":"00000000","mask":"0000003f","cause":"10000000","sr":"2400ff01","dp":"00000008","type":1,"locked":0,"sp_due":"00000000","rsp":"80045dd8","rs":"00000012","rdp":"00000000","next":"80045d78","qvalid":0,"qcapacity":8,"thread":"80068f90","tasks":2}
PDOBS {"n":1699,"ev":"sp_write_before","pc":"80035fd8","count":"9f3a53e6","frame":3,"a":"00000400","b":"ffffffff","sp":"000002c3","mi":"00000000","mask":"0000003f","cause":"10000000","sr":"2400ff01","dp":"00000008","type":1,"locked":0,"sp_due":"00000000","rsp":"80045dd8","rs":"00000012","rdp":"00000000","next":"80045d78","qvalid":0,"qcapacity":8,"thread":"80068f90","tasks":2}
PDOBS {"n":1700,"ev":"sp_write_after","pc":"80035fd8","count":"9f3a53e6","frame":3,"a":"00000400","b":"ffffffff","sp":"000002c3","mi":"00000000","mask":"0000003f","cause":"10000000","sr":"2400ff01","dp":"00000008","type":1,"locked":0,"sp_due":"00000000","rsp":"80045dd8","rs":"00000012","rdp":"00000000","next":"80045d78","qvalid":0,"qcapacity":8,"thread":"80068f90","tasks":2}
PDOBS {"n":1701,"ev":"sp_write_before","pc":"80035fd8","count":"9f5314cc","frame":3,"a":"00000400","b":"ffffffff","sp":"000002c3","mi":"00000000","mask":"0000003f","cause":"10000000","sr":"2400ff01","dp":"00000008","type":1,"locked":0,"sp_due":"00000000","rsp":"80045dd8","rs":"00000012","rdp":"00000000","next":"80045d78","qvalid":0,"qcapacity":8,"thread":"80068f90","tasks":2}
PDOBS {"n":1702,"ev":"sp_write_after","pc":"80035fd8","count":"9f5314cc","frame":3,"a":"00000400","b":"ffffffff","sp":"000002c3","mi":"00000000","mask":"0000003f","cause":"10000000","sr":"2400ff01","dp":"00000008","type":1,"locked":0,"sp_due":"00000000","rsp":"80045dd8","rs":"00000012","rdp":"00000000","next":"80045d78","qvalid":0,"qcapacity":8,"thread":"80068f90","tasks":2}
PDOBS {"n":1703,"ev":"sp_write_before","pc":"80035fd8","count":"9f6bd5ba","frame":3,"a":"00000400","b":"ffffffff","sp":"000002c3","mi":"00000000","mask":"0000003f","cause":"10000000","sr":"2400ff01","dp":"00000008","type":1,"locked":0,"sp_due":"00000000","rsp":"80045dd8","rs":"00000012","rdp":"00000000","next":"80045d78","qvalid":0,"qcapacity":8,"thread":"80068f90","tasks":2}
PDOBS {"n":1704,"ev":"sp_write_after","pc":"80035fd8","count":"9f6bd5ba","frame":3,"a":"00000400","b":"ffffffff","sp":"000002c3","mi":"00000000","mask":"0000003f","cause":"10000000","sr":"2400ff01","dp":"00000008","type":1,"locked":0,"sp_due":"00000000","rsp":"80045dd8","rs":"00000012","rdp":"00000000","next":"80045d78","qvalid":0,"qcapacity":8,"thread":"80068f90","tasks":2}
PDOBS {"n":1705,"ev":"sp_write_before","pc":"80035fd8","count":"9f8496a0","frame":3,"a":"00000400","b":"ffffffff","sp":"000002c3","mi":"00000000","mask":"0000003f","cause":"10000000","sr":"2400ff01","dp":"00000008","type":1,"locked":0,"sp_due":"00000000","rsp":"80045dd8","rs":"00000012","rdp":"00000000","next":"80045d78","qvalid":0,"qcapacity":8,"thread":"80068f90","tasks":2}
PDOBS {"n":1706,"ev":"sp_write_after","pc":"80035fd8","count":"9f8496a0","frame":3,"a":"00000400","b":"ffffffff","sp":"000002c3","mi":"00000000","mask":"0000003f","cause":"10000000","sr":"2400ff01","dp":"00000008","type":1,"locked":0,"sp_due":"00000000","rsp":"80045dd8","rs":"00000012","rdp":"00000000","next":"80045d78","qvalid":0,"qcapacity":8,"thread":"80068f90","tasks":2}
FRAME 2400 video=453 640x480 seconds=54.1
PDOBS {"n":1707,"ev":"sp_write_before","pc":"80035fd8","count":"9f9d578e","frame":3,"a":"00000400","b":"ffffffff","sp":"000002c3","mi":"00000000","mask":"0000003f","cause":"10000000","sr":"2400ff01","dp":"00000008","type":1,"locked":0,"sp_due":"00000000","rsp":"80045dd8","rs":"00000012","rdp":"00000000","next":"80045d78","qvalid":0,"qcapacity":8,"thread":"80068f90","tasks":2}
PDOBS {"n":1708,"ev":"sp_write_after","pc":"80035fd8","count":"9f9d578e","frame":3,"a":"00000400","b":"ffffffff","sp":"000002c3","mi":"00000000","mask":"0000003f","cause":"10000000","sr":"2400ff01","dp":"00000008","type":1,"locked":0,"sp_due":"00000000","rsp":"80045dd8","rs":"00000012","rdp":"00000000","next":"80045d78","qvalid":0,"qcapacity":8,"thread":"80068f90","tasks":2}
PDOBS {"n":1709,"ev":"sp_write_before","pc":"80035fd8","count":"9fb61874","frame":3,"a":"00000400","b":"ffffffff","sp":"000002c3","mi":"00000000","mask":"0000003f","cause":"10000000","sr":"2400ff01","dp":"00000008","type":1,"locked":0,"sp_due":"00000000","rsp":"80045dd8","rs":"00000012","rdp":"00000000","next":"80045d78","qvalid":0,"qcapacity":8,"thread":"80068f90","tasks":2}
PDOBS {"n":1710,"ev":"sp_write_after","pc":"80035fd8","count":"9fb61874","frame":3,"a":"00000400","b":"ffffffff","sp":"000002c3","mi":"00000000","mask":"0000003f","cause":"10000000","sr":"2400ff01","dp":"00000008","type":1,"locked":0,"sp_due":"00000000","rsp":"80045dd8","rs":"00000012","rdp":"00000000","next":"80045d78","qvalid":0,"qcapacity":8,"thread":"80068f90","tasks":2}
PDOBS {"n":1711,"ev":"sp_write_before","pc":"80035fd8","count":"9fced95e","frame":3,"a":"00000400","b":"ffffffff","sp":"000002c3","mi":"00000000","mask":"0000003f","cause":"10000000","sr":"2400ff01","dp":"00000008","type":1,"locked":0,"sp_due":"00000000","rsp":"80045dd8","rs":"00000012","rdp":"00000000","next":"80045d78","qvalid":0,"qcapacity":8,"thread":"80068f90","tasks":2}
PDOBS {"n":1712,"ev":"sp_write_after","pc":"80035fd8","count":"9fced95e","frame":3,"a":"00000400","b":"ffffffff","sp":"000002c3","mi":"00000000","mask":"0000003f","cause":"10000000","sr":"2400ff01","dp":"00000008","type":1,"locked":0,"sp_due":"00000000","rsp":"80045dd8","rs":"00000012","rdp":"00000000","next":"80045d78","qvalid":0,"qcapacity":8,"thread":"80068f90","tasks":2}
PDOBS {"n":1713,"ev":"sp_write_before","pc":"80035fd8","count":"9fe79a4c","frame":3,"a":"00000400","b":"ffffffff","sp":"000002c3","mi":"00000000","mask":"0000003f","cause":"10000000","sr":"2400ff01","dp":"00000008","type":1,"locked":0,"sp_due":"00000000","rsp":"80045dd8","rs":"00000012","rdp":"00000000","next":"80045d78","qvalid":0,"qcapacity":8,"thread":"80068f90","tasks":2}
PDOBS {"n":1714,"ev":"sp_write_after","pc":"80035fd8","count":"9fe79a4c","frame":3,"a":"00000400","b":"ffffffff","sp":"000002c3","mi":"00000000","mask":"0000003f","cause":"10000000","sr":"2400ff01","dp":"00000008","type":1,"locked":0,"sp_due":"00000000","rsp":"80045dd8","rs":"00000012","rdp":"00000000","next":"80045d78","qvalid":0,"qcapacity":8,"thread":"80068f90","tasks":2}
PDOBS {"n":1715,"ev":"sp_write_before","pc":"80035fd8","count":"a0005b36","frame":3,"a":"00000400","b":"ffffffff","sp":"000002c3","mi":"00000000","mask":"0000003f","cause":"10000000","sr":"2400ff01","dp":"00000008","type":1,"locked":0,"sp_due":"00000000","rsp":"80045dd8","rs":"00000012","rdp":"00000000","next":"80045d78","qvalid":0,"qcapacity":8,"thread":"80068f90","tasks":2}
PDOBS {"n":1716,"ev":"sp_write_after","pc":"80035fd8","count":"a0005b36","frame":3,"a":"00000400","b":"ffffffff","sp":"000002c3","mi":"00000000","mask":"0000003f","cause":"10000000","sr":"2400ff01","dp":"00000008","type":1,"locked":0,"sp_due":"00000000","rsp":"80045dd8","rs":"00000012","rdp":"00000000","next":"80045d78","qvalid":0,"qcapacity":8,"thread":"80068f90","tasks":2}
PDOBS {"n":1717,"ev":"sp_write_before","pc":"80035fd8","count":"a0191c1c","frame":3,"a":"00000400","b":"ffffffff","sp":"000002c3","mi":"00000000","mask":"0000003f","cause":"10000000","sr":"2400ff01","dp":"00000008","type":1,"locked":0,"sp_due":"00000000","rsp":"80045dd8","rs":"00000012","rdp":"00000000","next":"80045d78","qvalid":0,"qcapacity":8,"thread":"80068f90","tasks":2}
PDOBS {"n":1718,"ev":"sp_write_after","pc":"80035fd8","count":"a0191c1c","frame":3,"a":"00000400","b":"ffffffff","sp":"000002c3","mi":"00000000","mask":"0000003f","cause":"10000000","sr":"2400ff01","dp":"00000008","type":1,"locked":0,"sp_due":"00000000","rsp":"80045dd8","rs":"00000012","rdp":"00000000","next":"80045d78","qvalid":0,"qcapacity":8,"thread":"80068f90","tasks":2}
PDOBS {"n":1719,"ev":"sp_write_before","pc":"80035fd8","count":"a031dd06","frame":3,"a":"00000400","b":"ffffffff","sp":"000002c3","mi":"00000000","mask":"0000003f","cause":"10000000","sr":"2400ff01","dp":"00000008","type":1,"locked":0,"sp_due":"00000000","rsp":"80045dd8","rs":"00000012","rdp":"00000000","next":"80045d78","qvalid":0,"qcapacity":8,"thread":"80068f90","tasks":2}
PDOBS {"n":1720,"ev":"sp_write_after","pc":"80035fd8","count":"a031dd06","frame":3,"a":"00000400","b":"ffffffff","sp":"000002c3","mi":"00000000","mask":"0000003f","cause":"10000000","sr":"2400ff01","dp":"00000008","type":1,"locked":0,"sp_due":"00000000","rsp":"80045dd8","rs":"00000012","rdp":"00000000","next":"80045d78","qvalid":0,"qcapacity":8,"thread":"80068f90","tasks":2}
PDOBS {"n":1721,"ev":"sp_write_before","pc":"80035fd8","count":"a04a9df0","frame":3,"a":"00000400","b":"ffffffff","sp":"000002c3","mi":"00000000","mask":"0000003f","cause":"10000000","sr":"2400ff01","dp":"00000008","type":1,"locked":0,"sp_due":"00000000","rsp":"80045dd8","rs":"00000012","rdp":"00000000","next":"80045d78","qvalid":0,"qcapacity":8,"thread":"80068f90","tasks":2}
PDOBS {"n":1722,"ev":"sp_write_after","pc":"80035fd8","count":"a04a9df0","frame":3,"a":"00000400","b":"ffffffff","sp":"000002c3","mi":"00000000","mask":"0000003f","cause":"10000000","sr":"2400ff01","dp":"00000008","type":1,"locked":0,"sp_due":"00000000","rsp":"80045dd8","rs":"00000012","rdp":"00000000","next":"80045d78","qvalid":0,"qcapacity":8,"thread":"80068f90","tasks":2}
PDOBS {"n":1723,"ev":"sp_write_before","pc":"80035fd8","count":"a0635ee2","frame":3,"a":"00000400","b":"ffffffff","sp":"000002c3","mi":"00000000","mask":"0000003f","cause":"10000000","sr":"2400ff01","dp":"00000008","type":1,"locked":0,"sp_due":"00000000","rsp":"80045dd8","rs":"00000012","rdp":"00000000","next":"80045d78","qvalid":0,"qcapacity":8,"thread":"80068f90","tasks":2}
PDOBS {"n":1724,"ev":"sp_write_after","pc":"80035fd8","count":"a0635ee2","frame":3,"a":"00000400","b":"ffffffff","sp":"000002c3","mi":"00000000","mask":"0000003f","cause":"10000000","sr":"2400ff01","dp":"00000008","type":1,"locked":0,"sp_due":"00000000","rsp":"80045dd8","rs":"00000012","rdp":"00000000","next":"80045d78","qvalid":0,"qcapacity":8,"thread":"80068f90","tasks":2}
PDOBS {"n":1725,"ev":"sp_write_before","pc":"80035fd8","count":"a07c1fc4","frame":3,"a":"00000400","b":"ffffffff","sp":"000002c3","mi":"00000000","mask":"0000003f","cause":"10000000","sr":"2400ff01","dp":"00000008","type":1,"locked":0,"sp_due":"00000000","rsp":"80045dd8","rs":"00000012","rdp":"00000000","next":"80045d78","qvalid":0,"qcapacity":8,"thread":"80068f90","tasks":2}
PDOBS {"n":1726,"ev":"sp_write_after","pc":"80035fd8","count":"a07c1fc4","frame":3,"a":"00000400","b":"ffffffff","sp":"000002c3","mi":"00000000","mask":"0000003f","cause":"10000000","sr":"2400ff01","dp":"00000008","type":1,"locked":0,"sp_due":"00000000","rsp":"80045dd8","rs":"00000012","rdp":"00000000","next":"80045d78","qvalid":0,"qcapacity":8,"thread":"80068f90","tasks":2}
PDOBS {"n":1727,"ev":"sp_write_before","pc":"80035fd8","count":"a094e0ae","frame":3,"a":"00000400","b":"ffffffff","sp":"000002c3","mi":"00000000","mask":"0000003f","cause":"10000000","sr":"2400ff01","dp":"00000008","type":1,"locked":0,"sp_due":"00000000","rsp":"80045dd8","rs":"00000012","rdp":"00000000","next":"80045d78","qvalid":0,"qcapacity":8,"thread":"80068f90","tasks":2}
PDOBS {"n":1728,"ev":"sp_write_after","pc":"80035fd8","count":"a094e0ae","frame":3,"a":"00000400","b":"ffffffff","sp":"000002c3","mi":"00000000","mask":"0000003f","cause":"10000000","sr":"2400ff01","dp":"00000008","type":1,"locked":0,"sp_due":"00000000","rsp":"80045dd8","rs":"00000012","rdp":"00000000","next":"80045d78","qvalid":0,"qcapacity":8,"thread":"80068f90","tasks":2}
PDOBS {"n":1729,"ev":"sp_write_before","pc":"80035fd8","count":"a0ada198","frame":3,"a":"00000400","b":"ffffffff","sp":"000002c3","mi":"00000000","mask":"0000003f","cause":"10000000","sr":"2400ff01","dp":"00000008","type":1,"locked":0,"sp_due":"00000000","rsp":"80045dd8","rs":"00000012","rdp":"00000000","next":"80045d78","qvalid":0,"qcapacity":8,"thread":"80068f90","tasks":2}
PDOBS {"n":1730,"ev":"sp_write_after","pc":"80035fd8","count":"a0ada198","frame":3,"a":"00000400","b":"ffffffff","sp":"000002c3","mi":"00000000","mask":"0000003f","cause":"10000000","sr":"2400ff01","dp":"00000008","type":1,"locked":0,"sp_due":"00000000","rsp":"80045dd8","rs":"00000012","rdp":"00000000","next":"80045d78","qvalid":0,"qcapacity":8,"thread":"80068f90","tasks":2}
PDOBS {"n":1731,"ev":"sp_write_before","pc":"80035fd8","count":"a0c66286","frame":3,"a":"00000400","b":"ffffffff","sp":"000002c3","mi":"00000000","mask":"0000003f","cause":"10000000","sr":"2400ff01","dp":"00000008","type":1,"locked":0,"sp_due":"00000000","rsp":"80045dd8","rs":"00000012","rdp":"00000000","next":"80045d78","qvalid":0,"qcapacity":8,"thread":"80068f90","tasks":2}
PDOBS {"n":1732,"ev":"sp_write_after","pc":"80035fd8","count":"a0c66286","frame":3,"a":"00000400","b":"ffffffff","sp":"000002c3","mi":"00000000","mask":"0000003f","cause":"10000000","sr":"2400ff01","dp":"00000008","type":1,"locked":0,"sp_due":"00000000","rsp":"80045dd8","rs":"00000012","rdp":"00000000","next":"80045d78","qvalid":0,"qcapacity":8,"thread":"80068f90","tasks":2}
PDOBS {"n":1733,"ev":"sp_write_before","pc":"80035fd8","count":"a0df2370","frame":3,"a":"00000400","b":"ffffffff","sp":"000002c3","mi":"00000000","mask":"0000003f","cause":"10000000","sr":"2400ff01","dp":"00000008","type":1,"locked":0,"sp_due":"00000000","rsp":"80045dd8","rs":"00000012","rdp":"00000000","next":"80045d78","qvalid":0,"qcapacity":8,"thread":"80068f90","tasks":2}
PDOBS {"n":1734,"ev":"sp_write_after","pc":"80035fd8","count":"a0df2370","frame":3,"a":"00000400","b":"ffffffff","sp":"000002c3","mi":"00000000","mask":"0000003f","cause":"10000000","sr":"2400ff01","dp":"00000008","type":1,"locked":0,"sp_due":"00000000","rsp":"80045dd8","rs":"00000012","rdp":"00000000","next":"80045d78","qvalid":0,"qcapacity":8,"thread":"80068f90","tasks":2}
PDOBS {"n":1735,"ev":"sp_write_before","pc":"80035fd8","count":"a0f7e456","frame":3,"a":"00000400","b":"ffffffff","sp":"000002c3","mi":"00000000","mask":"0000003f","cause":"10000000","sr":"2400ff01","dp":"00000008","type":1,"locked":0,"sp_due":"00000000","rsp":"80045dd8","rs":"00000012","rdp":"00000000","next":"80045d78","qvalid":0,"qcapacity":8,"thread":"80068f90","tasks":2}
PDOBS {"n":1736,"ev":"sp_write_after","pc":"80035fd8","count":"a0f7e456","frame":3,"a":"00000400","b":"ffffffff","sp":"000002c3","mi":"00000000","mask":"0000003f","cause":"10000000","sr":"2400ff01","dp":"00000008","type":1,"locked":0,"sp_due":"00000000","rsp":"80045dd8","rs":"00000012","rdp":"00000000","next":"80045d78","qvalid":0,"qcapacity":8,"thread":"80068f90","tasks":2}
PDOBS {"n":1737,"ev":"sp_write_before","pc":"80035fd8","count":"a110a540","frame":3,"a":"00000400","b":"ffffffff","sp":"000002c3","mi":"00000000","mask":"0000003f","cause":"10000000","sr":"2400ff01","dp":"00000008","type":1,"locked":0,"sp_due":"00000000","rsp":"80045dd8","rs":"00000012","rdp":"00000000","next":"80045d78","qvalid":0,"qcapacity":8,"thread":"80068f90","tasks":2}
PDOBS {"n":1738,"ev":"sp_write_after","pc":"80035fd8","count":"a110a540","frame":3,"a":"00000400","b":"ffffffff","sp":"000002c3","mi":"00000000","mask":"0000003f","cause":"10000000","sr":"2400ff01","dp":"00000008","type":1,"locked":0,"sp_due":"00000000","rsp":"80045dd8","rs":"00000012","rdp":"00000000","next":"80045d78","qvalid":0,"qcapacity":8,"thread":"80068f90","tasks":2}
PDOBS {"n":1739,"ev":"sp_write_before","pc":"80035fd8","count":"a129662e","frame":3,"a":"00000400","b":"ffffffff","sp":"000002c3","mi":"00000000","mask":"0000003f","cause":"10000000","sr":"2400ff01","dp":"00000008","type":1,"locked":0,"sp_due":"00000000","rsp":"80045dd8","rs":"00000012","rdp":"00000000","next":"80045d78","qvalid":0,"qcapacity":8,"thread":"80068f90","tasks":2}
PDOBS {"n":1740,"ev":"sp_write_after","pc":"80035fd8","count":"a129662e","frame":3,"a":"00000400","b":"ffffffff","sp":"000002c3","mi":"00000000","mask":"0000003f","cause":"10000000","sr":"2400ff01","dp":"00000008","type":1,"locked":0,"sp_due":"00000000","rsp":"80045dd8","rs":"00000012","rdp":"00000000","next":"80045d78","qvalid":0,"qcapacity":8,"thread":"80068f90","tasks":2}
PDOBS {"n":1741,"ev":"sp_write_before","pc":"80035fd8","count":"a1422714","frame":3,"a":"00000400","b":"ffffffff","sp":"000002c3","mi":"00000000","mask":"0000003f","cause":"10000000","sr":"2400ff01","dp":"00000008","type":1,"locked":0,"sp_due":"00000000","rsp":"80045dd8","rs":"00000012","rdp":"00000000","next":"80045d78","qvalid":0,"qcapacity":8,"thread":"80068f90","tasks":2}
PDOBS {"n":1742,"ev":"sp_write_after","pc":"80035fd8","count":"a1422714","frame":3,"a":"00000400","b":"ffffffff","sp":"000002c3","mi":"00000000","mask":"0000003f","cause":"10000000","sr":"2400ff01","dp":"00000008","type":1,"locked":0,"sp_due":"00000000","rsp":"80045dd8","rs":"00000012","rdp":"00000000","next":"80045d78","qvalid":0,"qcapacity":8,"thread":"80068f90","tasks":2}
PDOBS {"n":1743,"ev":"sp_write_before","pc":"80035fd8","count":"a15ae802","frame":3,"a":"00000400","b":"ffffffff","sp":"000002c3","mi":"00000000","mask":"0000003f","cause":"10000000","sr":"2400ff01","dp":"00000008","type":1,"locked":0,"sp_due":"00000000","rsp":"80045dd8","rs":"00000012","rdp":"00000000","next":"80045d78","qvalid":0,"qcapacity":8,"thread":"80068f90","tasks":2}
PDOBS {"n":1744,"ev":"sp_write_after","pc":"80035fd8","count":"a15ae802","frame":3,"a":"00000400","b":"ffffffff","sp":"000002c3","mi":"00000000","mask":"0000003f","cause":"10000000","sr":"2400ff01","dp":"00000008","type":1,"locked":0,"sp_due":"00000000","rsp":"80045dd8","rs":"00000012","rdp":"00000000","next":"80045d78","qvalid":0,"qcapacity":8,"thread":"80068f90","tasks":2}
PDOBS {"n":1745,"ev":"sp_write_before","pc":"80035fd8","count":"a173a8e8","frame":3,"a":"00000400","b":"ffffffff","sp":"000002c3","mi":"00000000","mask":"0000003f","cause":"10000000","sr":"2400ff01","dp":"00000008","type":1,"locked":0,"sp_due":"00000000","rsp":"80045dd8","rs":"00000012","rdp":"00000000","next":"80045d78","qvalid":0,"qcapacity":8,"thread":"80068f90","tasks":2}
PDOBS {"n":1746,"ev":"sp_write_after","pc":"80035fd8","count":"a173a8e8","frame":3,"a":"00000400","b":"ffffffff","sp":"000002c3","mi":"00000000","mask":"0000003f","cause":"10000000","sr":"2400ff01","dp":"00000008","type":1,"locked":0,"sp_due":"00000000","rsp":"80045dd8","rs":"00000012","rdp":"00000000","next":"80045d78","qvalid":0,"qcapacity":8,"thread":"80068f90","tasks":2}
PDOBS {"n":1747,"ev":"sp_write_before","pc":"80035fd8","count":"a18c69d6","frame":3,"a":"00000400","b":"ffffffff","sp":"000002c3","mi":"00000000","mask":"0000003f","cause":"10000000","sr":"2400ff01","dp":"00000008","type":1,"locked":0,"sp_due":"00000000","rsp":"80045dd8","rs":"00000012","rdp":"00000000","next":"80045d78","qvalid":0,"qcapacity":8,"thread":"80068f90","tasks":2}
PDOBS {"n":1748,"ev":"sp_write_after","pc":"80035fd8","count":"a18c69d6","frame":3,"a":"00000400","b":"ffffffff","sp":"000002c3","mi":"00000000","mask":"0000003f","cause":"10000000","sr":"2400ff01","dp":"00000008","type":1,"locked":0,"sp_due":"00000000","rsp":"80045dd8","rs":"00000012","rdp":"00000000","next":"80045d78","qvalid":0,"qcapacity":8,"thread":"80068f90","tasks":2}
PDOBS {"n":1749,"ev":"sp_write_before","pc":"80035fd8","count":"a1a52abc","frame":3,"a":"00000400","b":"ffffffff","sp":"000002c3","mi":"00000000","mask":"0000003f","cause":"10000000","sr":"2400ff01","dp":"00000008","type":1,"locked":0,"sp_due":"00000000","rsp":"80045dd8","rs":"00000012","rdp":"00000000","next":"80045d78","qvalid":0,"qcapacity":8,"thread":"80068f90","tasks":2}
PDOBS {"n":1750,"ev":"sp_write_after","pc":"80035fd8","count":"a1a52abc","frame":3,"a":"00000400","b":"ffffffff","sp":"000002c3","mi":"00000000","mask":"0000003f","cause":"10000000","sr":"2400ff01","dp":"00000008","type":1,"locked":0,"sp_due":"00000000","rsp":"80045dd8","rs":"00000012","rdp":"00000000","next":"80045d78","qvalid":0,"qcapacity":8,"thread":"80068f90","tasks":2}
PDOBS {"n":1751,"ev":"sp_write_before","pc":"80035fd8","count":"a1bdeba6","frame":3,"a":"00000400","b":"ffffffff","sp":"000002c3","mi":"00000000","mask":"0000003f","cause":"10000000","sr":"2400ff01","dp":"00000008","type":1,"locked":0,"sp_due":"00000000","rsp":"80045dd8","rs":"00000012","rdp":"00000000","next":"80045d78","qvalid":0,"qcapacity":8,"thread":"80068f90","tasks":2}
PDOBS {"n":1752,"ev":"sp_write_after","pc":"80035fd8","count":"a1bdeba6","frame":3,"a":"00000400","b":"ffffffff","sp":"000002c3","mi":"00000000","mask":"0000003f","cause":"10000000","sr":"2400ff01","dp":"00000008","type":1,"locked":0,"sp_due":"00000000","rsp":"80045dd8","rs":"00000012","rdp":"00000000","next":"80045d78","qvalid":0,"qcapacity":8,"thread":"80068f90","tasks":2}
PDOBS {"n":1753,"ev":"sp_write_before","pc":"80035fd8","count":"a1d6ac94","frame":3,"a":"00000400","b":"ffffffff","sp":"000002c3","mi":"00000000","mask":"0000003f","cause":"10000000","sr":"2400ff01","dp":"00000008","type":1,"locked":0,"sp_due":"00000000","rsp":"80045dd8","rs":"00000012","rdp":"00000000","next":"80045d78","qvalid":0,"qcapacity":8,"thread":"80068f90","tasks":2}
PDOBS {"n":1754,"ev":"sp_write_after","pc":"80035fd8","count":"a1d6ac94","frame":3,"a":"00000400","b":"ffffffff","sp":"000002c3","mi":"00000000","mask":"0000003f","cause":"10000000","sr":"2400ff01","dp":"00000008","type":1,"locked":0,"sp_due":"00000000","rsp":"80045dd8","rs":"00000012","rdp":"00000000","next":"80045d78","qvalid":0,"qcapacity":8,"thread":"80068f90","tasks":2}
PDOBS {"n":1755,"ev":"sp_write_before","pc":"80035fd8","count":"a1ef6d7e","frame":3,"a":"00000400","b":"ffffffff","sp":"000002c3","mi":"00000000","mask":"0000003f","cause":"10000000","sr":"2400ff01","dp":"00000008","type":1,"locked":0,"sp_due":"00000000","rsp":"80045dd8","rs":"00000012","rdp":"00000000","next":"80045d78","qvalid":0,"qcapacity":8,"thread":"80068f90","tasks":2}
PDOBS {"n":1756,"ev":"sp_write_after","pc":"80035fd8","count":"a1ef6d7e","frame":3,"a":"00000400","b":"ffffffff","sp":"000002c3","mi":"00000000","mask":"0000003f","cause":"10000000","sr":"2400ff01","dp":"00000008","type":1,"locked":0,"sp_due":"00000000","rsp":"80045dd8","rs":"00000012","rdp":"00000000","next":"80045d78","qvalid":0,"qcapacity":8,"thread":"80068f90","tasks":2}
PDOBS {"n":1757,"ev":"sp_write_before","pc":"80035fd8","count":"a2082e64","frame":3,"a":"00000400","b":"ffffffff","sp":"000002c3","mi":"00000000","mask":"0000003f","cause":"10000000","sr":"2400ff01","dp":"00000008","type":1,"locked":0,"sp_due":"00000000","rsp":"80045dd8","rs":"00000012","rdp":"00000000","next":"80045d78","qvalid":0,"qcapacity":8,"thread":"80068f90","tasks":2}
PDOBS {"n":1758,"ev":"sp_write_after","pc":"80035fd8","count":"a2082e64","frame":3,"a":"00000400","b":"ffffffff","sp":"000002c3","mi":"00000000","mask":"0000003f","cause":"10000000","sr":"2400ff01","dp":"00000008","type":1,"locked":0,"sp_due":"00000000","rsp":"80045dd8","rs":"00000012","rdp":"00000000","next":"80045d78","qvalid":0,"qcapacity":8,"thread":"80068f90","tasks":2}
PDOBS {"n":1759,"ev":"sp_write_before","pc":"80035fd8","count":"a220ef4e","frame":3,"a":"00000400","b":"ffffffff","sp":"000002c3","mi":"00000000","mask":"0000003f","cause":"10000000","sr":"2400ff01","dp":"00000008","type":1,"locked":0,"sp_due":"00000000","rsp":"80045dd8","rs":"00000012","rdp":"00000000","next":"80045d78","qvalid":0,"qcapacity":8,"thread":"80068f90","tasks":2}
PDOBS {"n":1760,"ev":"sp_write_after","pc":"80035fd8","count":"a220ef4e","frame":3,"a":"00000400","b":"ffffffff","sp":"000002c3","mi":"00000000","mask":"0000003f","cause":"10000000","sr":"2400ff01","dp":"00000008","type":1,"locked":0,"sp_due":"00000000","rsp":"80045dd8","rs":"00000012","rdp":"00000000","next":"80045d78","qvalid":0,"qcapacity":8,"thread":"80068f90","tasks":2}
PDOBS {"n":1761,"ev":"sp_write_before","pc":"80035fd8","count":"a239b038","frame":3,"a":"00000400","b":"ffffffff","sp":"000002c3","mi":"00000000","mask":"0000003f","cause":"10000000","sr":"2400ff01","dp":"00000008","type":1,"locked":0,"sp_due":"00000000","rsp":"80045dd8","rs":"00000012","rdp":"00000000","next":"80045d78","qvalid":0,"qcapacity":8,"thread":"80068f90","tasks":2}
PDOBS {"n":1762,"ev":"sp_write_after","pc":"80035fd8","count":"a239b038","frame":3,"a":"00000400","b":"ffffffff","sp":"000002c3","mi":"00000000","mask":"0000003f","cause":"10000000","sr":"2400ff01","dp":"00000008","type":1,"locked":0,"sp_due":"00000000","rsp":"80045dd8","rs":"00000012","rdp":"00000000","next":"80045d78","qvalid":0,"qcapacity":8,"thread":"80068f90","tasks":2}
PDOBS {"n":1763,"ev":"sp_write_before","pc":"80035fd8","count":"a252712a","frame":3,"a":"00000400","b":"ffffffff","sp":"000002c3","mi":"00000000","mask":"0000003f","cause":"10000000","sr":"2400ff01","dp":"00000008","type":1,"locked":0,"sp_due":"00000000","rsp":"80045dd8","rs":"00000012","rdp":"00000000","next":"80045d78","qvalid":0,"qcapacity":8,"thread":"80068f90","tasks":2}
PDOBS {"n":1764,"ev":"sp_write_after","pc":"80035fd8","count":"a252712a","frame":3,"a":"00000400","b":"ffffffff","sp":"000002c3","mi":"00000000","mask":"0000003f","cause":"10000000","sr":"2400ff01","dp":"00000008","type":1,"locked":0,"sp_due":"00000000","rsp":"80045dd8","rs":"00000012","rdp":"00000000","next":"80045d78","qvalid":0,"qcapacity":8,"thread":"80068f90","tasks":2}
PDOBS {"n":1765,"ev":"sp_write_before","pc":"80035fd8","count":"a26b320c","frame":3,"a":"00000400","b":"ffffffff","sp":"000002c3","mi":"00000000","mask":"0000003f","cause":"10000000","sr":"2400ff01","dp":"00000008","type":1,"locked":0,"sp_due":"00000000","rsp":"80045dd8","rs":"00000012","rdp":"00000000","next":"80045d78","qvalid":0,"qcapacity":8,"thread":"80068f90","tasks":2}
PDOBS {"n":1766,"ev":"sp_write_after","pc":"80035fd8","count":"a26b320c","frame":3,"a":"00000400","b":"ffffffff","sp":"000002c3","mi":"00000000","mask":"0000003f","cause":"10000000","sr":"2400ff01","dp":"00000008","type":1,"locked":0,"sp_due":"00000000","rsp":"80045dd8","rs":"00000012","rdp":"00000000","next":"80045d78","qvalid":0,"qcapacity":8,"thread":"80068f90","tasks":2}
PDOBS {"n":1767,"ev":"sp_write_before","pc":"80035fd8","count":"a283f2f6","frame":3,"a":"00000400","b":"ffffffff","sp":"000002c3","mi":"00000000","mask":"0000003f","cause":"10000000","sr":"2400ff01","dp":"00000008","type":1,"locked":0,"sp_due":"00000000","rsp":"80045dd8","rs":"00000012","rdp":"00000000","next":"80045d78","qvalid":0,"qcapacity":8,"thread":"80068f90","tasks":2}
PDOBS {"n":1768,"ev":"sp_write_after","pc":"80035fd8","count":"a283f2f6","frame":3,"a":"00000400","b":"ffffffff","sp":"000002c3","mi":"00000000","mask":"0000003f","cause":"10000000","sr":"2400ff01","dp":"00000008","type":1,"locked":0,"sp_due":"00000000","rsp":"80045dd8","rs":"00000012","rdp":"00000000","next":"80045d78","qvalid":0,"qcapacity":8,"thread":"80068f90","tasks":2}
PDOBS {"n":1769,"ev":"sp_write_before","pc":"80035fd8","count":"a29cb3e0","frame":3,"a":"00000400","b":"ffffffff","sp":"000002c3","mi":"00000000","mask":"0000003f","cause":"10000000","sr":"2400ff01","dp":"00000008","type":1,"locked":0,"sp_due":"00000000","rsp":"80045dd8","rs":"00000012","rdp":"00000000","next":"80045d78","qvalid":0,"qcapacity":8,"thread":"80068f90","tasks":2}
PDOBS {"n":1770,"ev":"sp_write_after","pc":"80035fd8","count":"a29cb3e0","frame":3,"a":"00000400","b":"ffffffff","sp":"000002c3","mi":"00000000","mask":"0000003f","cause":"10000000","sr":"2400ff01","dp":"00000008","type":1,"locked":0,"sp_due":"00000000","rsp":"80045dd8","rs":"00000012","rdp":"00000000","next":"80045d78","qvalid":0,"qcapacity":8,"thread":"80068f90","tasks":2}
PDOBS {"n":1771,"ev":"sp_write_before","pc":"80035fd8","count":"a2b574ce","frame":3,"a":"00000400","b":"ffffffff","sp":"000002c3","mi":"00000000","mask":"0000003f","cause":"10000000","sr":"2400ff01","dp":"00000008","type":1,"locked":0,"sp_due":"00000000","rsp":"80045dd8","rs":"00000012","rdp":"00000000","next":"80045d78","qvalid":0,"qcapacity":8,"thread":"80068f90","tasks":2}
PDOBS {"n":1772,"ev":"sp_write_after","pc":"80035fd8","count":"a2b574ce","frame":3,"a":"00000400","b":"ffffffff","sp":"000002c3","mi":"00000000","mask":"0000003f","cause":"10000000","sr":"2400ff01","dp":"00000008","type":1,"locked":0,"sp_due":"00000000","rsp":"80045dd8","rs":"00000012","rdp":"00000000","next":"80045d78","qvalid":0,"qcapacity":8,"thread":"80068f90","tasks":2}
PDOBS {"n":1773,"ev":"sp_write_before","pc":"80035fd8","count":"a2ce35b8","frame":3,"a":"00000400","b":"ffffffff","sp":"000002c3","mi":"00000000","mask":"0000003f","cause":"10000000","sr":"2400ff01","dp":"00000008","type":1,"locked":0,"sp_due":"00000000","rsp":"80045dd8","rs":"00000012","rdp":"00000000","next":"80045d78","qvalid":0,"qcapacity":8,"thread":"80068f90","tasks":2}
PDOBS {"n":1774,"ev":"sp_write_after","pc":"80035fd8","count":"a2ce35b8","frame":3,"a":"00000400","b":"ffffffff","sp":"000002c3","mi":"00000000","mask":"0000003f","cause":"10000000","sr":"2400ff01","dp":"00000008","type":1,"locked":0,"sp_due":"00000000","rsp":"80045dd8","rs":"00000012","rdp":"00000000","next":"80045d78","qvalid":0,"qcapacity":8,"thread":"80068f90","tasks":2}
PDOBS {"n":1775,"ev":"sp_write_before","pc":"80035fd8","count":"a2e6f69e","frame":3,"a":"00000400","b":"ffffffff","sp":"000002c3","mi":"00000000","mask":"0000003f","cause":"10000000","sr":"2400ff01","dp":"00000008","type":1,"locked":0,"sp_due":"00000000","rsp":"80045dd8","rs":"00000012","rdp":"00000000","next":"80045d78","qvalid":0,"qcapacity":8,"thread":"80068f90","tasks":2}
PDOBS {"n":1776,"ev":"sp_write_after","pc":"80035fd8","count":"a2e6f69e","frame":3,"a":"00000400","b":"ffffffff","sp":"000002c3","mi":"00000000","mask":"0000003f","cause":"10000000","sr":"2400ff01","dp":"00000008","type":1,"locked":0,"sp_due":"00000000","rsp":"80045dd8","rs":"00000012","rdp":"00000000","next":"80045d78","qvalid":0,"qcapacity":8,"thread":"80068f90","tasks":2}
PDOBS {"n":1777,"ev":"sp_write_before","pc":"80035fd8","count":"a2ffb788","frame":3,"a":"00000400","b":"ffffffff","sp":"000002c3","mi":"00000000","mask":"0000003f","cause":"10000000","sr":"2400ff01","dp":"00000008","type":1,"locked":0,"sp_due":"00000000","rsp":"80045dd8","rs":"00000012","rdp":"00000000","next":"80045d78","qvalid":0,"qcapacity":8,"thread":"80068f90","tasks":2}
PDOBS {"n":1778,"ev":"sp_write_after","pc":"80035fd8","count":"a2ffb788","frame":3,"a":"00000400","b":"ffffffff","sp":"000002c3","mi":"00000000","mask":"0000003f","cause":"10000000","sr":"2400ff01","dp":"00000008","type":1,"locked":0,"sp_due":"00000000","rsp":"80045dd8","rs":"00000012","rdp":"00000000","next":"80045d78","qvalid":0,"qcapacity":8,"thread":"80068f90","tasks":2}
PDOBS {"n":1779,"ev":"sp_write_before","pc":"80035fd8","count":"a3187876","frame":3,"a":"00000400","b":"ffffffff","sp":"000002c3","mi":"00000000","mask":"0000003f","cause":"10000000","sr":"2400ff01","dp":"00000008","type":1,"locked":0,"sp_due":"00000000","rsp":"80045dd8","rs":"00000012","rdp":"00000000","next":"80045d78","qvalid":0,"qcapacity":8,"thread":"80068f90","tasks":2}
PDOBS {"n":1780,"ev":"sp_write_after","pc":"80035fd8","count":"a3187876","frame":3,"a":"00000400","b":"ffffffff","sp":"000002c3","mi":"00000000","mask":"0000003f","cause":"10000000","sr":"2400ff01","dp":"00000008","type":1,"locked":0,"sp_due":"00000000","rsp":"80045dd8","rs":"00000012","rdp":"00000000","next":"80045d78","qvalid":0,"qcapacity":8,"thread":"80068f90","tasks":2}
PDOBS {"n":1781,"ev":"sp_write_before","pc":"80035fd8","count":"a331395c","frame":3,"a":"00000400","b":"ffffffff","sp":"000002c3","mi":"00000000","mask":"0000003f","cause":"10000000","sr":"2400ff01","dp":"00000008","type":1,"locked":0,"sp_due":"00000000","rsp":"80045dd8","rs":"00000012","rdp":"00000000","next":"80045d78","qvalid":0,"qcapacity":8,"thread":"80068f90","tasks":2}
PDOBS {"n":1782,"ev":"sp_write_after","pc":"80035fd8","count":"a331395c","frame":3,"a":"00000400","b":"ffffffff","sp":"000002c3","mi":"00000000","mask":"0000003f","cause":"10000000","sr":"2400ff01","dp":"00000008","type":1,"locked":0,"sp_due":"00000000","rsp":"80045dd8","rs":"00000012","rdp":"00000000","next":"80045d78","qvalid":0,"qcapacity":8,"thread":"80068f90","tasks":2}
PDOBS {"n":1783,"ev":"sp_write_before","pc":"80035fd8","count":"a349fa4a","frame":3,"a":"00000400","b":"ffffffff","sp":"000002c3","mi":"00000000","mask":"0000003f","cause":"10000000","sr":"2400ff01","dp":"00000008","type":1,"locked":0,"sp_due":"00000000","rsp":"80045dd8","rs":"00000012","rdp":"00000000","next":"80045d78","qvalid":0,"qcapacity":8,"thread":"80068f90","tasks":2}
PDOBS {"n":1784,"ev":"sp_write_after","pc":"80035fd8","count":"a349fa4a","frame":3,"a":"00000400","b":"ffffffff","sp":"000002c3","mi":"00000000","mask":"0000003f","cause":"10000000","sr":"2400ff01","dp":"00000008","type":1,"locked":0,"sp_due":"00000000","rsp":"80045dd8","rs":"00000012","rdp":"00000000","next":"80045d78","qvalid":0,"qcapacity":8,"thread":"80068f90","tasks":2}
PDOBS {"n":1785,"ev":"sp_write_before","pc":"80035fd8","count":"a362bb30","frame":3,"a":"00000400","b":"ffffffff","sp":"000002c3","mi":"00000000","mask":"0000003f","cause":"10000000","sr":"2400ff01","dp":"00000008","type":1,"locked":0,"sp_due":"00000000","rsp":"80045dd8","rs":"00000012","rdp":"00000000","next":"80045d78","qvalid":0,"qcapacity":8,"thread":"80068f90","tasks":2}
PDOBS {"n":1786,"ev":"sp_write_after","pc":"80035fd8","count":"a362bb30","frame":3,"a":"00000400","b":"ffffffff","sp":"000002c3","mi":"00000000","mask":"0000003f","cause":"10000000","sr":"2400ff01","dp":"00000008","type":1,"locked":0,"sp_due":"00000000","rsp":"80045dd8","rs":"00000012","rdp":"00000000","next":"80045d78","qvalid":0,"qcapacity":8,"thread":"80068f90","tasks":2}
PDOBS {"n":1787,"ev":"sp_write_before","pc":"80035fd8","count":"a37b7c1e","frame":3,"a":"00000400","b":"ffffffff","sp":"000002c3","mi":"00000000","mask":"0000003f","cause":"10000000","sr":"2400ff01","dp":"00000008","type":1,"locked":0,"sp_due":"00000000","rsp":"80045dd8","rs":"00000012","rdp":"00000000","next":"80045d78","qvalid":0,"qcapacity":8,"thread":"80068f90","tasks":2}
PDOBS {"n":1788,"ev":"sp_write_after","pc":"80035fd8","count":"a37b7c1e","frame":3,"a":"00000400","b":"ffffffff","sp":"000002c3","mi":"00000000","mask":"0000003f","cause":"10000000","sr":"2400ff01","dp":"00000008","type":1,"locked":0,"sp_due":"00000000","rsp":"80045dd8","rs":"00000012","rdp":"00000000","next":"80045d78","qvalid":0,"qcapacity":8,"thread":"80068f90","tasks":2}
PDOBS {"n":1789,"ev":"sp_write_before","pc":"80035fd8","count":"a3943d04","frame":3,"a":"00000400","b":"ffffffff","sp":"000002c3","mi":"00000000","mask":"0000003f","cause":"10000000","sr":"2400ff01","dp":"00000008","type":1,"locked":0,"sp_due":"00000000","rsp":"80045dd8","rs":"00000012","rdp":"00000000","next":"80045d78","qvalid":0,"qcapacity":8,"thread":"80068f90","tasks":2}
PDOBS {"n":1790,"ev":"sp_write_after","pc":"80035fd8","count":"a3943d04","frame":3,"a":"00000400","b":"ffffffff","sp":"000002c3","mi":"00000000","mask":"0000003f","cause":"10000000","sr":"2400ff01","dp":"00000008","type":1,"locked":0,"sp_due":"00000000","rsp":"80045dd8","rs":"00000012","rdp":"00000000","next":"80045d78","qvalid":0,"qcapacity":8,"thread":"80068f90","tasks":2}
PDOBS {"n":1791,"ev":"sp_write_before","pc":"80035fd8","count":"a3acfdee","frame":3,"a":"00000400","b":"ffffffff","sp":"000002c3","mi":"00000000","mask":"0000003f","cause":"10000000","sr":"2400ff01","dp":"00000008","type":1,"locked":0,"sp_due":"00000000","rsp":"80045dd8","rs":"00000012","rdp":"00000000","next":"80045d78","qvalid":0,"qcapacity":8,"thread":"80068f90","tasks":2}
PDOBS {"n":1792,"ev":"sp_write_after","pc":"80035fd8","count":"a3acfdee","frame":3,"a":"00000400","b":"ffffffff","sp":"000002c3","mi":"00000000","mask":"0000003f","cause":"10000000","sr":"2400ff01","dp":"00000008","type":1,"locked":0,"sp_due":"00000000","rsp":"80045dd8","rs":"00000012","rdp":"00000000","next":"80045d78","qvalid":0,"qcapacity":8,"thread":"80068f90","tasks":2}
PDOBS {"n":1793,"ev":"sp_write_before","pc":"80035fd8","count":"a3c5bedc","frame":3,"a":"00000400","b":"ffffffff","sp":"000002c3","mi":"00000000","mask":"0000003f","cause":"10000000","sr":"2400ff01","dp":"00000008","type":1,"locked":0,"sp_due":"00000000","rsp":"80045dd8","rs":"00000012","rdp":"00000000","next":"80045d78","qvalid":0,"qcapacity":8,"thread":"80068f90","tasks":2}
PDOBS {"n":1794,"ev":"sp_write_after","pc":"80035fd8","count":"a3c5bedc","frame":3,"a":"00000400","b":"ffffffff","sp":"000002c3","mi":"00000000","mask":"0000003f","cause":"10000000","sr":"2400ff01","dp":"00000008","type":1,"locked":0,"sp_due":"00000000","rsp":"80045dd8","rs":"00000012","rdp":"00000000","next":"80045d78","qvalid":0,"qcapacity":8,"thread":"80068f90","tasks":2}
PDOBS {"n":1795,"ev":"sp_write_before","pc":"80035fd8","count":"a3de7fc6","frame":3,"a":"00000400","b":"ffffffff","sp":"000002c3","mi":"00000000","mask":"0000003f","cause":"10000000","sr":"2400ff01","dp":"00000008","type":1,"locked":0,"sp_due":"00000000","rsp":"80045dd8","rs":"00000012","rdp":"00000000","next":"80045d78","qvalid":0,"qcapacity":8,"thread":"80068f90","tasks":2}
PDOBS {"n":1796,"ev":"sp_write_after","pc":"80035fd8","count":"a3de7fc6","frame":3,"a":"00000400","b":"ffffffff","sp":"000002c3","mi":"00000000","mask":"0000003f","cause":"10000000","sr":"2400ff01","dp":"00000008","type":1,"locked":0,"sp_due":"00000000","rsp":"80045dd8","rs":"00000012","rdp":"00000000","next":"80045d78","qvalid":0,"qcapacity":8,"thread":"80068f90","tasks":2}
PDOBS {"n":1797,"ev":"sp_write_before","pc":"80035fd8","count":"a3f740ac","frame":3,"a":"00000400","b":"ffffffff","sp":"000002c3","mi":"00000000","mask":"0000003f","cause":"10000000","sr":"2400ff01","dp":"00000008","type":1,"locked":0,"sp_due":"00000000","rsp":"80045dd8","rs":"00000012","rdp":"00000000","next":"80045d78","qvalid":0,"qcapacity":8,"thread":"80068f90","tasks":2}
PDOBS {"n":1798,"ev":"sp_write_after","pc":"80035fd8","count":"a3f740ac","frame":3,"a":"00000400","b":"ffffffff","sp":"000002c3","mi":"00000000","mask":"0000003f","cause":"10000000","sr":"2400ff01","dp":"00000008","type":1,"locked":0,"sp_due":"00000000","rsp":"80045dd8","rs":"00000012","rdp":"00000000","next":"80045d78","qvalid":0,"qcapacity":8,"thread":"80068f90","tasks":2}
PDOBS {"n":1799,"ev":"sp_write_before","pc":"80035fd8","count":"a4100196","frame":3,"a":"00000400","b":"ffffffff","sp":"000002c3","mi":"00000000","mask":"0000003f","cause":"10000000","sr":"2400ff01","dp":"00000008","type":1,"locked":0,"sp_due":"00000000","rsp":"80045dd8","rs":"00000012","rdp":"00000000","next":"80045d78","qvalid":0,"qcapacity":8,"thread":"80068f90","tasks":2}
PDOBS {"n":1800,"ev":"sp_write_after","pc":"80035fd8","count":"a4100196","frame":3,"a":"00000400","b":"ffffffff","sp":"000002c3","mi":"00000000","mask":"0000003f","cause":"10000000","sr":"2400ff01","dp":"00000008","type":1,"locked":0,"sp_due":"00000000","rsp":"80045dd8","rs":"00000012","rdp":"00000000","next":"80045d78","qvalid":0,"qcapacity":8,"thread":"80068f90","tasks":2}
PDOBS {"n":1801,"ev":"sp_write_before","pc":"80035fd8","count":"a428c280","frame":3,"a":"00000400","b":"ffffffff","sp":"000002c3","mi":"00000000","mask":"0000003f","cause":"10000000","sr":"2400ff01","dp":"00000008","type":1,"locked":0,"sp_due":"00000000","rsp":"80045dd8","rs":"00000012","rdp":"00000000","next":"80045d78","qvalid":0,"qcapacity":8,"thread":"80068f90","tasks":2}
PDOBS {"n":1802,"ev":"sp_write_after","pc":"80035fd8","count":"a428c280","frame":3,"a":"00000400","b":"ffffffff","sp":"000002c3","mi":"00000000","mask":"0000003f","cause":"10000000","sr":"2400ff01","dp":"00000008","type":1,"locked":0,"sp_due":"00000000","rsp":"80045dd8","rs":"00000012","rdp":"00000000","next":"80045d78","qvalid":0,"qcapacity":8,"thread":"80068f90","tasks":2}
PDOBS {"n":1803,"ev":"sp_write_before","pc":"80035fd8","count":"a4418372","frame":3,"a":"00000400","b":"ffffffff","sp":"000002c3","mi":"00000000","mask":"0000003f","cause":"10000000","sr":"2400ff01","dp":"00000008","type":1,"locked":0,"sp_due":"00000000","rsp":"80045dd8","rs":"00000012","rdp":"00000000","next":"80045d78","qvalid":0,"qcapacity":8,"thread":"80068f90","tasks":2}
PDOBS {"n":1804,"ev":"sp_write_after","pc":"80035fd8","count":"a4418372","frame":3,"a":"00000400","b":"ffffffff","sp":"000002c3","mi":"00000000","mask":"0000003f","cause":"10000000","sr":"2400ff01","dp":"00000008","type":1,"locked":0,"sp_due":"00000000","rsp":"80045dd8","rs":"00000012","rdp":"00000000","next":"80045d78","qvalid":0,"qcapacity":8,"thread":"80068f90","tasks":2}
PDOBS {"n":1805,"ev":"sp_write_before","pc":"80035fd8","count":"a45a4454","frame":3,"a":"00000400","b":"ffffffff","sp":"000002c3","mi":"00000000","mask":"0000003f","cause":"10000000","sr":"2400ff01","dp":"00000008","type":1,"locked":0,"sp_due":"00000000","rsp":"80045dd8","rs":"00000012","rdp":"00000000","next":"80045d78","qvalid":0,"qcapacity":8,"thread":"80068f90","tasks":2}
PDOBS {"n":1806,"ev":"sp_write_after","pc":"80035fd8","count":"a45a4454","frame":3,"a":"00000400","b":"ffffffff","sp":"000002c3","mi":"00000000","mask":"0000003f","cause":"10000000","sr":"2400ff01","dp":"00000008","type":1,"locked":0,"sp_due":"00000000","rsp":"80045dd8","rs":"00000012","rdp":"00000000","next":"80045d78","qvalid":0,"qcapacity":8,"thread":"80068f90","tasks":2}
PDOBS {"n":1807,"ev":"sp_write_before","pc":"80035fd8","count":"a473053e","frame":3,"a":"00000400","b":"ffffffff","sp":"000002c3","mi":"00000000","mask":"0000003f","cause":"10000000","sr":"2400ff01","dp":"00000008","type":1,"locked":0,"sp_due":"00000000","rsp":"80045dd8","rs":"00000012","rdp":"00000000","next":"80045d78","qvalid":0,"qcapacity":8,"thread":"80068f90","tasks":2}
PDOBS {"n":1808,"ev":"sp_write_after","pc":"80035fd8","count":"a473053e","frame":3,"a":"00000400","b":"ffffffff","sp":"000002c3","mi":"00000000","mask":"0000003f","cause":"10000000","sr":"2400ff01","dp":"00000008","type":1,"locked":0,"sp_due":"00000000","rsp":"80045dd8","rs":"00000012","rdp":"00000000","next":"80045d78","qvalid":0,"qcapacity":8,"thread":"80068f90","tasks":2}
PDOBS {"n":1809,"ev":"sp_write_before","pc":"80035fd8","count":"a48bc628","frame":3,"a":"00000400","b":"ffffffff","sp":"000002c3","mi":"00000000","mask":"0000003f","cause":"10000000","sr":"2400ff01","dp":"00000008","type":1,"locked":0,"sp_due":"00000000","rsp":"80045dd8","rs":"00000012","rdp":"00000000","next":"80045d78","qvalid":0,"qcapacity":8,"thread":"80068f90","tasks":2}
PDOBS {"n":1810,"ev":"sp_write_after","pc":"80035fd8","count":"a48bc628","frame":3,"a":"00000400","b":"ffffffff","sp":"000002c3","mi":"00000000","mask":"0000003f","cause":"10000000","sr":"2400ff01","dp":"00000008","type":1,"locked":0,"sp_due":"00000000","rsp":"80045dd8","rs":"00000012","rdp":"00000000","next":"80045d78","qvalid":0,"qcapacity":8,"thread":"80068f90","tasks":2}
PDOBS {"n":1811,"ev":"sp_write_before","pc":"80035fd8","count":"a4a48716","frame":3,"a":"00000400","b":"ffffffff","sp":"000002c3","mi":"00000000","mask":"0000003f","cause":"10000000","sr":"2400ff01","dp":"00000008","type":1,"locked":0,"sp_due":"00000000","rsp":"80045dd8","rs":"00000012","rdp":"00000000","next":"80045d78","qvalid":0,"qcapacity":8,"thread":"80068f90","tasks":2}
PDOBS {"n":1812,"ev":"sp_write_after","pc":"80035fd8","count":"a4a48716","frame":3,"a":"00000400","b":"ffffffff","sp":"000002c3","mi":"00000000","mask":"0000003f","cause":"10000000","sr":"2400ff01","dp":"00000008","type":1,"locked":0,"sp_due":"00000000","rsp":"80045dd8","rs":"00000012","rdp":"00000000","next":"80045d78","qvalid":0,"qcapacity":8,"thread":"80068f90","tasks":2}
PDOBS {"n":1813,"ev":"sp_write_before","pc":"80035fd8","count":"a4bd4800","frame":3,"a":"00000400","b":"ffffffff","sp":"000002c3","mi":"00000000","mask":"0000003f","cause":"10000000","sr":"2400ff01","dp":"00000008","type":1,"locked":0,"sp_due":"00000000","rsp":"80045dd8","rs":"00000012","rdp":"00000000","next":"80045d78","qvalid":0,"qcapacity":8,"thread":"80068f90","tasks":2}
PDOBS {"n":1814,"ev":"sp_write_after","pc":"80035fd8","count":"a4bd4800","frame":3,"a":"00000400","b":"ffffffff","sp":"000002c3","mi":"00000000","mask":"0000003f","cause":"10000000","sr":"2400ff01","dp":"00000008","type":1,"locked":0,"sp_due":"00000000","rsp":"80045dd8","rs":"00000012","rdp":"00000000","next":"80045d78","qvalid":0,"qcapacity":8,"thread":"80068f90","tasks":2}
PDOBS {"n":1815,"ev":"sp_write_before","pc":"80035fd8","count":"a4d608e6","frame":3,"a":"00000400","b":"ffffffff","sp":"000002c3","mi":"00000000","mask":"0000003f","cause":"10000000","sr":"2400ff01","dp":"00000008","type":1,"locked":0,"sp_due":"00000000","rsp":"80045dd8","rs":"00000012","rdp":"00000000","next":"80045d78","qvalid":0,"qcapacity":8,"thread":"80068f90","tasks":2}
PDOBS {"n":1816,"ev":"sp_write_after","pc":"80035fd8","count":"a4d608e6","frame":3,"a":"00000400","b":"ffffffff","sp":"000002c3","mi":"00000000","mask":"0000003f","cause":"10000000","sr":"2400ff01","dp":"00000008","type":1,"locked":0,"sp_due":"00000000","rsp":"80045dd8","rs":"00000012","rdp":"00000000","next":"80045d78","qvalid":0,"qcapacity":8,"thread":"80068f90","tasks":2}
PDOBS {"n":1817,"ev":"sp_write_before","pc":"80035fd8","count":"a4eec9d0","frame":3,"a":"00000400","b":"ffffffff","sp":"000002c3","mi":"00000000","mask":"0000003f","cause":"10000000","sr":"2400ff01","dp":"00000008","type":1,"locked":0,"sp_due":"00000000","rsp":"80045dd8","rs":"00000012","rdp":"00000000","next":"80045d78","qvalid":0,"qcapacity":8,"thread":"80068f90","tasks":2}
PDOBS {"n":1818,"ev":"sp_write_after","pc":"80035fd8","count":"a4eec9d0","frame":3,"a":"00000400","b":"ffffffff","sp":"000002c3","mi":"00000000","mask":"0000003f","cause":"10000000","sr":"2400ff01","dp":"00000008","type":1,"locked":0,"sp_due":"00000000","rsp":"80045dd8","rs":"00000012","rdp":"00000000","next":"80045d78","qvalid":0,"qcapacity":8,"thread":"80068f90","tasks":2}
PDOBS {"n":1819,"ev":"sp_write_before","pc":"80035fd8","count":"a5078abe","frame":3,"a":"00000400","b":"ffffffff","sp":"000002c3","mi":"00000000","mask":"0000003f","cause":"10000000","sr":"2400ff01","dp":"00000008","type":1,"locked":0,"sp_due":"00000000","rsp":"80045dd8","rs":"00000012","rdp":"00000000","next":"80045d78","qvalid":0,"qcapacity":8,"thread":"80068f90","tasks":2}
PDOBS {"n":1820,"ev":"sp_write_after","pc":"80035fd8","count":"a5078abe","frame":3,"a":"00000400","b":"ffffffff","sp":"000002c3","mi":"00000000","mask":"0000003f","cause":"10000000","sr":"2400ff01","dp":"00000008","type":1,"locked":0,"sp_due":"00000000","rsp":"80045dd8","rs":"00000012","rdp":"00000000","next":"80045d78","qvalid":0,"qcapacity":8,"thread":"80068f90","tasks":2}
PDOBS {"n":1821,"ev":"sp_write_before","pc":"80035fd8","count":"a5204ba4","frame":3,"a":"00000400","b":"ffffffff","sp":"000002c3","mi":"00000000","mask":"0000003f","cause":"10000000","sr":"2400ff01","dp":"00000008","type":1,"locked":0,"sp_due":"00000000","rsp":"80045dd8","rs":"00000012","rdp":"00000000","next":"80045d78","qvalid":0,"qcapacity":8,"thread":"80068f90","tasks":2}
PDOBS {"n":1822,"ev":"sp_write_after","pc":"80035fd8","count":"a5204ba4","frame":3,"a":"00000400","b":"ffffffff","sp":"000002c3","mi":"00000000","mask":"0000003f","cause":"10000000","sr":"2400ff01","dp":"00000008","type":1,"locked":0,"sp_due":"00000000","rsp":"80045dd8","rs":"00000012","rdp":"00000000","next":"80045d78","qvalid":0,"qcapacity":8,"thread":"80068f90","tasks":2}
PDOBS {"n":1823,"ev":"sp_write_before","pc":"80035fd8","count":"a5390c92","frame":3,"a":"00000400","b":"ffffffff","sp":"000002c3","mi":"00000000","mask":"0000003f","cause":"10000000","sr":"2400ff01","dp":"00000008","type":1,"locked":0,"sp_due":"00000000","rsp":"80045dd8","rs":"00000012","rdp":"00000000","next":"80045d78","qvalid":0,"qcapacity":8,"thread":"80068f90","tasks":2}
PDOBS {"n":1824,"ev":"sp_write_after","pc":"80035fd8","count":"a5390c92","frame":3,"a":"00000400","b":"ffffffff","sp":"000002c3","mi":"00000000","mask":"0000003f","cause":"10000000","sr":"2400ff01","dp":"00000008","type":1,"locked":0,"sp_due":"00000000","rsp":"80045dd8","rs":"00000012","rdp":"00000000","next":"80045d78","qvalid":0,"qcapacity":8,"thread":"80068f90","tasks":2}
PDOBS {"n":1825,"ev":"sp_write_before","pc":"80035fd8","count":"a551cd78","frame":3,"a":"00000400","b":"ffffffff","sp":"000002c3","mi":"00000000","mask":"0000003f","cause":"10000000","sr":"2400ff01","dp":"00000008","type":1,"locked":0,"sp_due":"00000000","rsp":"80045dd8","rs":"00000012","rdp":"00000000","next":"80045d78","qvalid":0,"qcapacity":8,"thread":"80068f90","tasks":2}
PDOBS {"n":1826,"ev":"sp_write_after","pc":"80035fd8","count":"a551cd78","frame":3,"a":"00000400","b":"ffffffff","sp":"000002c3","mi":"00000000","mask":"0000003f","cause":"10000000","sr":"2400ff01","dp":"00000008","type":1,"locked":0,"sp_due":"00000000","rsp":"80045dd8","rs":"00000012","rdp":"00000000","next":"80045d78","qvalid":0,"qcapacity":8,"thread":"80068f90","tasks":2}
PDOBS {"n":1827,"ev":"sp_write_before","pc":"80035fd8","count":"a56a8e66","frame":3,"a":"00000400","b":"ffffffff","sp":"000002c3","mi":"00000000","mask":"0000003f","cause":"10000000","sr":"2400ff01","dp":"00000008","type":1,"locked":0,"sp_due":"00000000","rsp":"80045dd8","rs":"00000012","rdp":"00000000","next":"80045d78","qvalid":0,"qcapacity":8,"thread":"80068f90","tasks":2}
PDOBS {"n":1828,"ev":"sp_write_after","pc":"80035fd8","count":"a56a8e66","frame":3,"a":"00000400","b":"ffffffff","sp":"000002c3","mi":"00000000","mask":"0000003f","cause":"10000000","sr":"2400ff01","dp":"00000008","type":1,"locked":0,"sp_due":"00000000","rsp":"80045dd8","rs":"00000012","rdp":"00000000","next":"80045d78","qvalid":0,"qcapacity":8,"thread":"80068f90","tasks":2}
PDOBS {"n":1829,"ev":"sp_write_before","pc":"80035fd8","count":"a5834f4c","frame":3,"a":"00000400","b":"ffffffff","sp":"000002c3","mi":"00000000","mask":"0000003f","cause":"10000000","sr":"2400ff01","dp":"00000008","type":1,"locked":0,"sp_due":"00000000","rsp":"80045dd8","rs":"00000012","rdp":"00000000","next":"80045d78","qvalid":0,"qcapacity":8,"thread":"80068f90","tasks":2}
PDOBS {"n":1830,"ev":"sp_write_after","pc":"80035fd8","count":"a5834f4c","frame":3,"a":"00000400","b":"ffffffff","sp":"000002c3","mi":"00000000","mask":"0000003f","cause":"10000000","sr":"2400ff01","dp":"00000008","type":1,"locked":0,"sp_due":"00000000","rsp":"80045dd8","rs":"00000012","rdp":"00000000","next":"80045d78","qvalid":0,"qcapacity":8,"thread":"80068f90","tasks":2}
PDOBS {"n":1831,"ev":"sp_write_before","pc":"80035fd8","count":"a59c1036","frame":3,"a":"00000400","b":"ffffffff","sp":"000002c3","mi":"00000000","mask":"0000003f","cause":"10000000","sr":"2400ff01","dp":"00000008","type":1,"locked":0,"sp_due":"00000000","rsp":"80045dd8","rs":"00000012","rdp":"00000000","next":"80045d78","qvalid":0,"qcapacity":8,"thread":"80068f90","tasks":2}
PDOBS {"n":1832,"ev":"sp_write_after","pc":"80035fd8","count":"a59c1036","frame":3,"a":"00000400","b":"ffffffff","sp":"000002c3","mi":"00000000","mask":"0000003f","cause":"10000000","sr":"2400ff01","dp":"00000008","type":1,"locked":0,"sp_due":"00000000","rsp":"80045dd8","rs":"00000012","rdp":"00000000","next":"80045d78","qvalid":0,"qcapacity":8,"thread":"80068f90","tasks":2}
PDOBS {"n":1833,"ev":"sp_write_before","pc":"80035fd8","count":"a5b4d124","frame":3,"a":"00000400","b":"ffffffff","sp":"000002c3","mi":"00000000","mask":"0000003f","cause":"10000000","sr":"2400ff01","dp":"00000008","type":1,"locked":0,"sp_due":"00000000","rsp":"80045dd8","rs":"00000012","rdp":"00000000","next":"80045d78","qvalid":0,"qcapacity":8,"thread":"80068f90","tasks":2}
PDOBS {"n":1834,"ev":"sp_write_after","pc":"80035fd8","count":"a5b4d124","frame":3,"a":"00000400","b":"ffffffff","sp":"000002c3","mi":"00000000","mask":"0000003f","cause":"10000000","sr":"2400ff01","dp":"00000008","type":1,"locked":0,"sp_due":"00000000","rsp":"80045dd8","rs":"00000012","rdp":"00000000","next":"80045d78","qvalid":0,"qcapacity":8,"thread":"80068f90","tasks":2}
PDOBS {"n":1835,"ev":"sp_write_before","pc":"80035fd8","count":"a5cd920e","frame":3,"a":"00000400","b":"ffffffff","sp":"000002c3","mi":"00000000","mask":"0000003f","cause":"10000000","sr":"2400ff01","dp":"00000008","type":1,"locked":0,"sp_due":"00000000","rsp":"80045dd8","rs":"00000012","rdp":"00000000","next":"80045d78","qvalid":0,"qcapacity":8,"thread":"80068f90","tasks":2}
PDOBS {"n":1836,"ev":"sp_write_after","pc":"80035fd8","count":"a5cd920e","frame":3,"a":"00000400","b":"ffffffff","sp":"000002c3","mi":"00000000","mask":"0000003f","cause":"10000000","sr":"2400ff01","dp":"00000008","type":1,"locked":0,"sp_due":"00000000","rsp":"80045dd8","rs":"00000012","rdp":"00000000","next":"80045d78","qvalid":0,"qcapacity":8,"thread":"80068f90","tasks":2}
PDOBS {"n":1837,"ev":"sp_write_before","pc":"80035fd8","count":"a5e652f4","frame":3,"a":"00000400","b":"ffffffff","sp":"000002c3","mi":"00000000","mask":"0000003f","cause":"10000000","sr":"2400ff01","dp":"00000008","type":1,"locked":0,"sp_due":"00000000","rsp":"80045dd8","rs":"00000012","rdp":"00000000","next":"80045d78","qvalid":0,"qcapacity":8,"thread":"80068f90","tasks":2}
PDOBS {"n":1838,"ev":"sp_write_after","pc":"80035fd8","count":"a5e652f4","frame":3,"a":"00000400","b":"ffffffff","sp":"000002c3","mi":"00000000","mask":"0000003f","cause":"10000000","sr":"2400ff01","dp":"00000008","type":1,"locked":0,"sp_due":"00000000","rsp":"80045dd8","rs":"00000012","rdp":"00000000","next":"80045d78","qvalid":0,"qcapacity":8,"thread":"80068f90","tasks":2}
PDOBS {"n":1839,"ev":"sp_write_before","pc":"80035fd8","count":"a5ff13de","frame":3,"a":"00000400","b":"ffffffff","sp":"000002c3","mi":"00000000","mask":"0000003f","cause":"10000000","sr":"2400ff01","dp":"00000008","type":1,"locked":0,"sp_due":"00000000","rsp":"80045dd8","rs":"00000012","rdp":"00000000","next":"80045d78","qvalid":0,"qcapacity":8,"thread":"80068f90","tasks":2}
PDOBS {"n":1840,"ev":"sp_write_after","pc":"80035fd8","count":"a5ff13de","frame":3,"a":"00000400","b":"ffffffff","sp":"000002c3","mi":"00000000","mask":"0000003f","cause":"10000000","sr":"2400ff01","dp":"00000008","type":1,"locked":0,"sp_due":"00000000","rsp":"80045dd8","rs":"00000012","rdp":"00000000","next":"80045d78","qvalid":0,"qcapacity":8,"thread":"80068f90","tasks":2}
PDOBS {"n":1841,"ev":"sp_write_before","pc":"80035fd8","count":"a617d4c8","frame":3,"a":"00000400","b":"ffffffff","sp":"000002c3","mi":"00000000","mask":"0000003f","cause":"10000000","sr":"2400ff01","dp":"00000008","type":1,"locked":0,"sp_due":"00000000","rsp":"80045dd8","rs":"00000012","rdp":"00000000","next":"80045d78","qvalid":0,"qcapacity":8,"thread":"80068f90","tasks":2}
PDOBS {"n":1842,"ev":"sp_write_after","pc":"80035fd8","count":"a617d4c8","frame":3,"a":"00000400","b":"ffffffff","sp":"000002c3","mi":"00000000","mask":"0000003f","cause":"10000000","sr":"2400ff01","dp":"00000008","type":1,"locked":0,"sp_due":"00000000","rsp":"80045dd8","rs":"00000012","rdp":"00000000","next":"80045d78","qvalid":0,"qcapacity":8,"thread":"80068f90","tasks":2}
PDOBS {"n":1843,"ev":"sp_write_before","pc":"80035fd8","count":"a63095ba","frame":3,"a":"00000400","b":"ffffffff","sp":"000002c3","mi":"00000000","mask":"0000003f","cause":"10000000","sr":"2400ff01","dp":"00000008","type":1,"locked":0,"sp_due":"00000000","rsp":"80045dd8","rs":"00000012","rdp":"00000000","next":"80045d78","qvalid":0,"qcapacity":8,"thread":"80068f90","tasks":2}
PDOBS {"n":1844,"ev":"sp_write_after","pc":"80035fd8","count":"a63095ba","frame":3,"a":"00000400","b":"ffffffff","sp":"000002c3","mi":"00000000","mask":"0000003f","cause":"10000000","sr":"2400ff01","dp":"00000008","type":1,"locked":0,"sp_due":"00000000","rsp":"80045dd8","rs":"00000012","rdp":"00000000","next":"80045d78","qvalid":0,"qcapacity":8,"thread":"80068f90","tasks":2}
PDOBS {"n":1845,"ev":"sp_write_before","pc":"80035fd8","count":"a649569c","frame":3,"a":"00000400","b":"ffffffff","sp":"000002c3","mi":"00000000","mask":"0000003f","cause":"10000000","sr":"2400ff01","dp":"00000008","type":1,"locked":0,"sp_due":"00000000","rsp":"80045dd8","rs":"00000012","rdp":"00000000","next":"80045d78","qvalid":0,"qcapacity":8,"thread":"80068f90","tasks":2}
PDOBS {"n":1846,"ev":"sp_write_after","pc":"80035fd8","count":"a649569c","frame":3,"a":"00000400","b":"ffffffff","sp":"000002c3","mi":"00000000","mask":"0000003f","cause":"10000000","sr":"2400ff01","dp":"00000008","type":1,"locked":0,"sp_due":"00000000","rsp":"80045dd8","rs":"00000012","rdp":"00000000","next":"80045d78","qvalid":0,"qcapacity":8,"thread":"80068f90","tasks":2}
PDOBS {"n":1847,"ev":"sp_write_before","pc":"80035fd8","count":"a6621786","frame":3,"a":"00000400","b":"ffffffff","sp":"000002c3","mi":"00000000","mask":"0000003f","cause":"10000000","sr":"2400ff01","dp":"00000008","type":1,"locked":0,"sp_due":"00000000","rsp":"80045dd8","rs":"00000012","rdp":"00000000","next":"80045d78","qvalid":0,"qcapacity":8,"thread":"80068f90","tasks":2}
PDOBS {"n":1848,"ev":"sp_write_after","pc":"80035fd8","count":"a6621786","frame":3,"a":"00000400","b":"ffffffff","sp":"000002c3","mi":"00000000","mask":"0000003f","cause":"10000000","sr":"2400ff01","dp":"00000008","type":1,"locked":0,"sp_due":"00000000","rsp":"80045dd8","rs":"00000012","rdp":"00000000","next":"80045d78","qvalid":0,"qcapacity":8,"thread":"80068f90","tasks":2}
PDOBS {"n":1849,"ev":"sp_write_before","pc":"80035fd8","count":"a67ad870","frame":3,"a":"00000400","b":"ffffffff","sp":"000002c3","mi":"00000000","mask":"0000003f","cause":"10000000","sr":"2400ff01","dp":"00000008","type":1,"locked":0,"sp_due":"00000000","rsp":"80045dd8","rs":"00000012","rdp":"00000000","next":"80045d78","qvalid":0,"qcapacity":8,"thread":"80068f90","tasks":2}
PDOBS {"n":1850,"ev":"sp_write_after","pc":"80035fd8","count":"a67ad870","frame":3,"a":"00000400","b":"ffffffff","sp":"000002c3","mi":"00000000","mask":"0000003f","cause":"10000000","sr":"2400ff01","dp":"00000008","type":1,"locked":0,"sp_due":"00000000","rsp":"80045dd8","rs":"00000012","rdp":"00000000","next":"80045d78","qvalid":0,"qcapacity":8,"thread":"80068f90","tasks":2}
PDOBS {"n":1851,"ev":"sp_write_before","pc":"80035fd8","count":"a693995e","frame":3,"a":"00000400","b":"ffffffff","sp":"000002c3","mi":"00000000","mask":"0000003f","cause":"10000000","sr":"2400ff01","dp":"00000008","type":1,"locked":0,"sp_due":"00000000","rsp":"80045dd8","rs":"00000012","rdp":"00000000","next":"80045d78","qvalid":0,"qcapacity":8,"thread":"80068f90","tasks":2}
PDOBS {"n":1852,"ev":"sp_write_after","pc":"80035fd8","count":"a693995e","frame":3,"a":"00000400","b":"ffffffff","sp":"000002c3","mi":"00000000","mask":"0000003f","cause":"10000000","sr":"2400ff01","dp":"00000008","type":1,"locked":0,"sp_due":"00000000","rsp":"80045dd8","rs":"00000012","rdp":"00000000","next":"80045d78","qvalid":0,"qcapacity":8,"thread":"80068f90","tasks":2}
PDOBS {"n":1853,"ev":"sp_write_before","pc":"80035fd8","count":"a6ac5a48","frame":3,"a":"00000400","b":"ffffffff","sp":"000002c3","mi":"00000000","mask":"0000003f","cause":"10000000","sr":"2400ff01","dp":"00000008","type":1,"locked":0,"sp_due":"00000000","rsp":"80045dd8","rs":"00000012","rdp":"00000000","next":"80045d78","qvalid":0,"qcapacity":8,"thread":"80068f90","tasks":2}
PDOBS {"n":1854,"ev":"sp_write_after","pc":"80035fd8","count":"a6ac5a48","frame":3,"a":"00000400","b":"ffffffff","sp":"000002c3","mi":"00000000","mask":"0000003f","cause":"10000000","sr":"2400ff01","dp":"00000008","type":1,"locked":0,"sp_due":"00000000","rsp":"80045dd8","rs":"00000012","rdp":"00000000","next":"80045d78","qvalid":0,"qcapacity":8,"thread":"80068f90","tasks":2}
PDOBS {"n":1855,"ev":"sp_write_before","pc":"80035fd8","count":"a6c51b2e","frame":3,"a":"00000400","b":"ffffffff","sp":"000002c3","mi":"00000000","mask":"0000003f","cause":"10000000","sr":"2400ff01","dp":"00000008","type":1,"locked":0,"sp_due":"00000000","rsp":"80045dd8","rs":"00000012","rdp":"00000000","next":"80045d78","qvalid":0,"qcapacity":8,"thread":"80068f90","tasks":2}
PDOBS {"n":1856,"ev":"sp_write_after","pc":"80035fd8","count":"a6c51b2e","frame":3,"a":"00000400","b":"ffffffff","sp":"000002c3","mi":"00000000","mask":"0000003f","cause":"10000000","sr":"2400ff01","dp":"00000008","type":1,"locked":0,"sp_due":"00000000","rsp":"80045dd8","rs":"00000012","rdp":"00000000","next":"80045d78","qvalid":0,"qcapacity":8,"thread":"80068f90","tasks":2}
PDOBS {"n":1857,"ev":"sp_write_before","pc":"80035fd8","count":"a6dddc18","frame":3,"a":"00000400","b":"ffffffff","sp":"000002c3","mi":"00000000","mask":"0000003f","cause":"10000000","sr":"2400ff01","dp":"00000008","type":1,"locked":0,"sp_due":"00000000","rsp":"80045dd8","rs":"00000012","rdp":"00000000","next":"80045d78","qvalid":0,"qcapacity":8,"thread":"80068f90","tasks":2}
PDOBS {"n":1858,"ev":"sp_write_after","pc":"80035fd8","count":"a6dddc18","frame":3,"a":"00000400","b":"ffffffff","sp":"000002c3","mi":"00000000","mask":"0000003f","cause":"10000000","sr":"2400ff01","dp":"00000008","type":1,"locked":0,"sp_due":"00000000","rsp":"80045dd8","rs":"00000012","rdp":"00000000","next":"80045d78","qvalid":0,"qcapacity":8,"thread":"80068f90","tasks":2}
PDOBS {"n":1859,"ev":"sp_write_before","pc":"80035fd8","count":"a6f69d06","frame":3,"a":"00000400","b":"ffffffff","sp":"000002c3","mi":"00000000","mask":"0000003f","cause":"10000000","sr":"2400ff01","dp":"00000008","type":1,"locked":0,"sp_due":"00000000","rsp":"80045dd8","rs":"00000012","rdp":"00000000","next":"80045d78","qvalid":0,"qcapacity":8,"thread":"80068f90","tasks":2}
PDOBS {"n":1860,"ev":"sp_write_after","pc":"80035fd8","count":"a6f69d06","frame":3,"a":"00000400","b":"ffffffff","sp":"000002c3","mi":"00000000","mask":"0000003f","cause":"10000000","sr":"2400ff01","dp":"00000008","type":1,"locked":0,"sp_due":"00000000","rsp":"80045dd8","rs":"00000012","rdp":"00000000","next":"80045d78","qvalid":0,"qcapacity":8,"thread":"80068f90","tasks":2}
PDOBS {"n":1861,"ev":"sp_write_before","pc":"80035fd8","count":"a70f5dec","frame":3,"a":"00000400","b":"ffffffff","sp":"000002c3","mi":"00000000","mask":"0000003f","cause":"10000000","sr":"2400ff01","dp":"00000008","type":1,"locked":0,"sp_due":"00000000","rsp":"80045dd8","rs":"00000012","rdp":"00000000","next":"80045d78","qvalid":0,"qcapacity":8,"thread":"80068f90","tasks":2}
PDOBS {"n":1862,"ev":"sp_write_after","pc":"80035fd8","count":"a70f5dec","frame":3,"a":"00000400","b":"ffffffff","sp":"000002c3","mi":"00000000","mask":"0000003f","cause":"10000000","sr":"2400ff01","dp":"00000008","type":1,"locked":0,"sp_due":"00000000","rsp":"80045dd8","rs":"00000012","rdp":"00000000","next":"80045d78","qvalid":0,"qcapacity":8,"thread":"80068f90","tasks":2}
PDOBS {"n":1863,"ev":"sp_write_before","pc":"80035fd8","count":"a7281eda","frame":3,"a":"00000400","b":"ffffffff","sp":"000002c3","mi":"00000000","mask":"0000003f","cause":"10000000","sr":"2400ff01","dp":"00000008","type":1,"locked":0,"sp_due":"00000000","rsp":"80045dd8","rs":"00000012","rdp":"00000000","next":"80045d78","qvalid":0,"qcapacity":8,"thread":"80068f90","tasks":2}
PDOBS {"n":1864,"ev":"sp_write_after","pc":"80035fd8","count":"a7281eda","frame":3,"a":"00000400","b":"ffffffff","sp":"000002c3","mi":"00000000","mask":"0000003f","cause":"10000000","sr":"2400ff01","dp":"00000008","type":1,"locked":0,"sp_due":"00000000","rsp":"80045dd8","rs":"00000012","rdp":"00000000","next":"80045d78","qvalid":0,"qcapacity":8,"thread":"80068f90","tasks":2}
PDOBS {"n":1865,"ev":"sp_write_before","pc":"80035fd8","count":"a740dfc0","frame":3,"a":"00000400","b":"ffffffff","sp":"000002c3","mi":"00000000","mask":"0000003f","cause":"10000000","sr":"2400ff01","dp":"00000008","type":1,"locked":0,"sp_due":"00000000","rsp":"80045dd8","rs":"00000012","rdp":"00000000","next":"80045d78","qvalid":0,"qcapacity":8,"thread":"80068f90","tasks":2}
PDOBS {"n":1866,"ev":"sp_write_after","pc":"80035fd8","count":"a740dfc0","frame":3,"a":"00000400","b":"ffffffff","sp":"000002c3","mi":"00000000","mask":"0000003f","cause":"10000000","sr":"2400ff01","dp":"00000008","type":1,"locked":0,"sp_due":"00000000","rsp":"80045dd8","rs":"00000012","rdp":"00000000","next":"80045d78","qvalid":0,"qcapacity":8,"thread":"80068f90","tasks":2}
PDOBS {"n":1867,"ev":"sp_write_before","pc":"80035fd8","count":"a759a0ae","frame":3,"a":"00000400","b":"ffffffff","sp":"000002c3","mi":"00000000","mask":"0000003f","cause":"10000000","sr":"2400ff01","dp":"00000008","type":1,"locked":0,"sp_due":"00000000","rsp":"80045dd8","rs":"00000012","rdp":"00000000","next":"80045d78","qvalid":0,"qcapacity":8,"thread":"80068f90","tasks":2}
PDOBS {"n":1868,"ev":"sp_write_after","pc":"80035fd8","count":"a759a0ae","frame":3,"a":"00000400","b":"ffffffff","sp":"000002c3","mi":"00000000","mask":"0000003f","cause":"10000000","sr":"2400ff01","dp":"00000008","type":1,"locked":0,"sp_due":"00000000","rsp":"80045dd8","rs":"00000012","rdp":"00000000","next":"80045d78","qvalid":0,"qcapacity":8,"thread":"80068f90","tasks":2}
PDOBS {"n":1869,"ev":"sp_write_before","pc":"80035fd8","count":"a7726194","frame":3,"a":"00000400","b":"ffffffff","sp":"000002c3","mi":"00000000","mask":"0000003f","cause":"10000000","sr":"2400ff01","dp":"00000008","type":1,"locked":0,"sp_due":"00000000","rsp":"80045dd8","rs":"00000012","rdp":"00000000","next":"80045d78","qvalid":0,"qcapacity":8,"thread":"80068f90","tasks":2}
PDOBS {"n":1870,"ev":"sp_write_after","pc":"80035fd8","count":"a7726194","frame":3,"a":"00000400","b":"ffffffff","sp":"000002c3","mi":"00000000","mask":"0000003f","cause":"10000000","sr":"2400ff01","dp":"00000008","type":1,"locked":0,"sp_due":"00000000","rsp":"80045dd8","rs":"00000012","rdp":"00000000","next":"80045d78","qvalid":0,"qcapacity":8,"thread":"80068f90","tasks":2}
PDOBS {"n":1871,"ev":"sp_write_before","pc":"80035fd8","count":"a78b227e","frame":3,"a":"00000400","b":"ffffffff","sp":"000002c3","mi":"00000000","mask":"0000003f","cause":"10000000","sr":"2400ff01","dp":"00000008","type":1,"locked":0,"sp_due":"00000000","rsp":"80045dd8","rs":"00000012","rdp":"00000000","next":"80045d78","qvalid":0,"qcapacity":8,"thread":"80068f90","tasks":2}
PDOBS {"n":1872,"ev":"sp_write_after","pc":"80035fd8","count":"a78b227e","frame":3,"a":"00000400","b":"ffffffff","sp":"000002c3","mi":"00000000","mask":"0000003f","cause":"10000000","sr":"2400ff01","dp":"00000008","type":1,"locked":0,"sp_due":"00000000","rsp":"80045dd8","rs":"00000012","rdp":"00000000","next":"80045d78","qvalid":0,"qcapacity":8,"thread":"80068f90","tasks":2}
PDOBS {"n":1873,"ev":"sp_write_before","pc":"80035fd8","count":"a7a3e36c","frame":3,"a":"00000400","b":"ffffffff","sp":"000002c3","mi":"00000000","mask":"0000003f","cause":"10000000","sr":"2400ff01","dp":"00000008","type":1,"locked":0,"sp_due":"00000000","rsp":"80045dd8","rs":"00000012","rdp":"00000000","next":"80045d78","qvalid":0,"qcapacity":8,"thread":"80068f90","tasks":2}
PDOBS {"n":1874,"ev":"sp_write_after","pc":"80035fd8","count":"a7a3e36c","frame":3,"a":"00000400","b":"ffffffff","sp":"000002c3","mi":"00000000","mask":"0000003f","cause":"10000000","sr":"2400ff01","dp":"00000008","type":1,"locked":0,"sp_due":"00000000","rsp":"80045dd8","rs":"00000012","rdp":"00000000","next":"80045d78","qvalid":0,"qcapacity":8,"thread":"80068f90","tasks":2}
PDOBS {"n":1875,"ev":"sp_write_before","pc":"80035fd8","count":"a7bca456","frame":3,"a":"00000400","b":"ffffffff","sp":"000002c3","mi":"00000000","mask":"0000003f","cause":"10000000","sr":"2400ff01","dp":"00000008","type":1,"locked":0,"sp_due":"00000000","rsp":"80045dd8","rs":"00000012","rdp":"00000000","next":"80045d78","qvalid":0,"qcapacity":8,"thread":"80068f90","tasks":2}
PDOBS {"n":1876,"ev":"sp_write_after","pc":"80035fd8","count":"a7bca456","frame":3,"a":"00000400","b":"ffffffff","sp":"000002c3","mi":"00000000","mask":"0000003f","cause":"10000000","sr":"2400ff01","dp":"00000008","type":1,"locked":0,"sp_due":"00000000","rsp":"80045dd8","rs":"00000012","rdp":"00000000","next":"80045d78","qvalid":0,"qcapacity":8,"thread":"80068f90","tasks":2}
PDOBS {"n":1877,"ev":"sp_write_before","pc":"80035fd8","count":"a7d5653c","frame":3,"a":"00000400","b":"ffffffff","sp":"000002c3","mi":"00000000","mask":"0000003f","cause":"10000000","sr":"2400ff01","dp":"00000008","type":1,"locked":0,"sp_due":"00000000","rsp":"80045dd8","rs":"00000012","rdp":"00000000","next":"80045d78","qvalid":0,"qcapacity":8,"thread":"80068f90","tasks":2}
PDOBS {"n":1878,"ev":"sp_write_after","pc":"80035fd8","count":"a7d5653c","frame":3,"a":"00000400","b":"ffffffff","sp":"000002c3","mi":"00000000","mask":"0000003f","cause":"10000000","sr":"2400ff01","dp":"00000008","type":1,"locked":0,"sp_due":"00000000","rsp":"80045dd8","rs":"00000012","rdp":"00000000","next":"80045d78","qvalid":0,"qcapacity":8,"thread":"80068f90","tasks":2}
PDOBS {"n":1879,"ev":"sp_write_before","pc":"80035fd8","count":"a7ee2626","frame":3,"a":"00000400","b":"ffffffff","sp":"000002c3","mi":"00000000","mask":"0000003f","cause":"10000000","sr":"2400ff01","dp":"00000008","type":1,"locked":0,"sp_due":"00000000","rsp":"80045dd8","rs":"00000012","rdp":"00000000","next":"80045d78","qvalid":0,"qcapacity":8,"thread":"80068f90","tasks":2}
PDOBS {"n":1880,"ev":"sp_write_after","pc":"80035fd8","count":"a7ee2626","frame":3,"a":"00000400","b":"ffffffff","sp":"000002c3","mi":"00000000","mask":"0000003f","cause":"10000000","sr":"2400ff01","dp":"00000008","type":1,"locked":0,"sp_due":"00000000","rsp":"80045dd8","rs":"00000012","rdp":"00000000","next":"80045d78","qvalid":0,"qcapacity":8,"thread":"80068f90","tasks":2}
PDOBS {"n":1881,"ev":"sp_write_before","pc":"80035fd8","count":"a806e710","frame":3,"a":"00000400","b":"ffffffff","sp":"000002c3","mi":"00000000","mask":"0000003f","cause":"10000000","sr":"2400ff01","dp":"00000008","type":1,"locked":0,"sp_due":"00000000","rsp":"80045dd8","rs":"00000012","rdp":"00000000","next":"80045d78","qvalid":0,"qcapacity":8,"thread":"80068f90","tasks":2}
PDOBS {"n":1882,"ev":"sp_write_after","pc":"80035fd8","count":"a806e710","frame":3,"a":"00000400","b":"ffffffff","sp":"000002c3","mi":"00000000","mask":"0000003f","cause":"10000000","sr":"2400ff01","dp":"00000008","type":1,"locked":0,"sp_due":"00000000","rsp":"80045dd8","rs":"00000012","rdp":"00000000","next":"80045d78","qvalid":0,"qcapacity":8,"thread":"80068f90","tasks":2}
PDOBS {"n":1883,"ev":"sp_write_before","pc":"80035fd8","count":"a81fa802","frame":3,"a":"00000400","b":"ffffffff","sp":"000002c3","mi":"00000000","mask":"0000003f","cause":"10000000","sr":"2400ff01","dp":"00000008","type":1,"locked":0,"sp_due":"00000000","rsp":"80045dd8","rs":"00000012","rdp":"00000000","next":"80045d78","qvalid":0,"qcapacity":8,"thread":"80068f90","tasks":2}
PDOBS {"n":1884,"ev":"sp_write_after","pc":"80035fd8","count":"a81fa802","frame":3,"a":"00000400","b":"ffffffff","sp":"000002c3","mi":"00000000","mask":"0000003f","cause":"10000000","sr":"2400ff01","dp":"00000008","type":1,"locked":0,"sp_due":"00000000","rsp":"80045dd8","rs":"00000012","rdp":"00000000","next":"80045d78","qvalid":0,"qcapacity":8,"thread":"80068f90","tasks":2}
PDOBS {"n":1885,"ev":"sp_write_before","pc":"80035fd8","count":"a83868e4","frame":3,"a":"00000400","b":"ffffffff","sp":"000002c3","mi":"00000000","mask":"0000003f","cause":"10000000","sr":"2400ff01","dp":"00000008","type":1,"locked":0,"sp_due":"00000000","rsp":"80045dd8","rs":"00000012","rdp":"00000000","next":"80045d78","qvalid":0,"qcapacity":8,"thread":"80068f90","tasks":2}
PDOBS {"n":1886,"ev":"sp_write_after","pc":"80035fd8","count":"a83868e4","frame":3,"a":"00000400","b":"ffffffff","sp":"000002c3","mi":"00000000","mask":"0000003f","cause":"10000000","sr":"2400ff01","dp":"00000008","type":1,"locked":0,"sp_due":"00000000","rsp":"80045dd8","rs":"00000012","rdp":"00000000","next":"80045d78","qvalid":0,"qcapacity":8,"thread":"80068f90","tasks":2}
PDOBS {"n":1887,"ev":"sp_write_before","pc":"80035fd8","count":"a85129ce","frame":3,"a":"00000400","b":"ffffffff","sp":"000002c3","mi":"00000000","mask":"0000003f","cause":"10000000","sr":"2400ff01","dp":"00000008","type":1,"locked":0,"sp_due":"00000000","rsp":"80045dd8","rs":"00000012","rdp":"00000000","next":"80045d78","qvalid":0,"qcapacity":8,"thread":"80068f90","tasks":2}
PDOBS {"n":1888,"ev":"sp_write_after","pc":"80035fd8","count":"a85129ce","frame":3,"a":"00000400","b":"ffffffff","sp":"000002c3","mi":"00000000","mask":"0000003f","cause":"10000000","sr":"2400ff01","dp":"00000008","type":1,"locked":0,"sp_due":"00000000","rsp":"80045dd8","rs":"00000012","rdp":"00000000","next":"80045d78","qvalid":0,"qcapacity":8,"thread":"80068f90","tasks":2}
PDOBS {"n":1889,"ev":"sp_write_before","pc":"80035fd8","count":"a869eab8","frame":3,"a":"00000400","b":"ffffffff","sp":"000002c3","mi":"00000000","mask":"0000003f","cause":"10000000","sr":"2400ff01","dp":"00000008","type":1,"locked":0,"sp_due":"00000000","rsp":"80045dd8","rs":"00000012","rdp":"00000000","next":"80045d78","qvalid":0,"qcapacity":8,"thread":"80068f90","tasks":2}
PDOBS {"n":1890,"ev":"sp_write_after","pc":"80035fd8","count":"a869eab8","frame":3,"a":"00000400","b":"ffffffff","sp":"000002c3","mi":"00000000","mask":"0000003f","cause":"10000000","sr":"2400ff01","dp":"00000008","type":1,"locked":0,"sp_due":"00000000","rsp":"80045dd8","rs":"00000012","rdp":"00000000","next":"80045d78","qvalid":0,"qcapacity":8,"thread":"80068f90","tasks":2}
PDOBS {"n":1891,"ev":"sp_write_before","pc":"80035fd8","count":"a882aba6","frame":3,"a":"00000400","b":"ffffffff","sp":"000002c3","mi":"00000000","mask":"0000003f","cause":"10000000","sr":"2400ff01","dp":"00000008","type":1,"locked":0,"sp_due":"00000000","rsp":"80045dd8","rs":"00000012","rdp":"00000000","next":"80045d78","qvalid":0,"qcapacity":8,"thread":"80068f90","tasks":2}
PDOBS {"n":1892,"ev":"sp_write_after","pc":"80035fd8","count":"a882aba6","frame":3,"a":"00000400","b":"ffffffff","sp":"000002c3","mi":"00000000","mask":"0000003f","cause":"10000000","sr":"2400ff01","dp":"00000008","type":1,"locked":0,"sp_due":"00000000","rsp":"80045dd8","rs":"00000012","rdp":"00000000","next":"80045d78","qvalid":0,"qcapacity":8,"thread":"80068f90","tasks":2}
PDOBS {"n":1893,"ev":"sp_write_before","pc":"80035fd8","count":"a89b6c90","frame":3,"a":"00000400","b":"ffffffff","sp":"000002c3","mi":"00000000","mask":"0000003f","cause":"10000000","sr":"2400ff01","dp":"00000008","type":1,"locked":0,"sp_due":"00000000","rsp":"80045dd8","rs":"00000012","rdp":"00000000","next":"80045d78","qvalid":0,"qcapacity":8,"thread":"80068f90","tasks":2}
PDOBS {"n":1894,"ev":"sp_write_after","pc":"80035fd8","count":"a89b6c90","frame":3,"a":"00000400","b":"ffffffff","sp":"000002c3","mi":"00000000","mask":"0000003f","cause":"10000000","sr":"2400ff01","dp":"00000008","type":1,"locked":0,"sp_due":"00000000","rsp":"80045dd8","rs":"00000012","rdp":"00000000","next":"80045d78","qvalid":0,"qcapacity":8,"thread":"80068f90","tasks":2}
PDOBS {"n":1895,"ev":"sp_write_before","pc":"80035fd8","count":"a8b42d76","frame":3,"a":"00000400","b":"ffffffff","sp":"000002c3","mi":"00000000","mask":"0000003f","cause":"10000000","sr":"2400ff01","dp":"00000008","type":1,"locked":0,"sp_due":"00000000","rsp":"80045dd8","rs":"00000012","rdp":"00000000","next":"80045d78","qvalid":0,"qcapacity":8,"thread":"80068f90","tasks":2}
PDOBS {"n":1896,"ev":"sp_write_after","pc":"80035fd8","count":"a8b42d76","frame":3,"a":"00000400","b":"ffffffff","sp":"000002c3","mi":"00000000","mask":"0000003f","cause":"10000000","sr":"2400ff01","dp":"00000008","type":1,"locked":0,"sp_due":"00000000","rsp":"80045dd8","rs":"00000012","rdp":"00000000","next":"80045d78","qvalid":0,"qcapacity":8,"thread":"80068f90","tasks":2}
PDOBS {"n":1897,"ev":"sp_write_before","pc":"80035fd8","count":"a8ccee60","frame":3,"a":"00000400","b":"ffffffff","sp":"000002c3","mi":"00000000","mask":"0000003f","cause":"10000000","sr":"2400ff01","dp":"00000008","type":1,"locked":0,"sp_due":"00000000","rsp":"80045dd8","rs":"00000012","rdp":"00000000","next":"80045d78","qvalid":0,"qcapacity":8,"thread":"80068f90","tasks":2}
PDOBS {"n":1898,"ev":"sp_write_after","pc":"80035fd8","count":"a8ccee60","frame":3,"a":"00000400","b":"ffffffff","sp":"000002c3","mi":"00000000","mask":"0000003f","cause":"10000000","sr":"2400ff01","dp":"00000008","type":1,"locked":0,"sp_due":"00000000","rsp":"80045dd8","rs":"00000012","rdp":"00000000","next":"80045d78","qvalid":0,"qcapacity":8,"thread":"80068f90","tasks":2}
PDOBS {"n":1899,"ev":"sp_write_before","pc":"80035fd8","count":"a8e5af4e","frame":3,"a":"00000400","b":"ffffffff","sp":"000002c3","mi":"00000000","mask":"0000003f","cause":"10000000","sr":"2400ff01","dp":"00000008","type":1,"locked":0,"sp_due":"00000000","rsp":"80045dd8","rs":"00000012","rdp":"00000000","next":"80045d78","qvalid":0,"qcapacity":8,"thread":"80068f90","tasks":2}
PDOBS {"n":1900,"ev":"sp_write_after","pc":"80035fd8","count":"a8e5af4e","frame":3,"a":"00000400","b":"ffffffff","sp":"000002c3","mi":"00000000","mask":"0000003f","cause":"10000000","sr":"2400ff01","dp":"00000008","type":1,"locked":0,"sp_due":"00000000","rsp":"80045dd8","rs":"00000012","rdp":"00000000","next":"80045d78","qvalid":0,"qcapacity":8,"thread":"80068f90","tasks":2}
PDOBS {"n":1901,"ev":"sp_write_before","pc":"80035fd8","count":"a8fe7034","frame":3,"a":"00000400","b":"ffffffff","sp":"000002c3","mi":"00000000","mask":"0000003f","cause":"10000000","sr":"2400ff01","dp":"00000008","type":1,"locked":0,"sp_due":"00000000","rsp":"80045dd8","rs":"00000012","rdp":"00000000","next":"80045d78","qvalid":0,"qcapacity":8,"thread":"80068f90","tasks":2}
PDOBS {"n":1902,"ev":"sp_write_after","pc":"80035fd8","count":"a8fe7034","frame":3,"a":"00000400","b":"ffffffff","sp":"000002c3","mi":"00000000","mask":"0000003f","cause":"10000000","sr":"2400ff01","dp":"00000008","type":1,"locked":0,"sp_due":"00000000","rsp":"80045dd8","rs":"00000012","rdp":"00000000","next":"80045d78","qvalid":0,"qcapacity":8,"thread":"80068f90","tasks":2}
PDOBS {"n":1903,"ev":"sp_write_before","pc":"80035fd8","count":"a9173122","frame":3,"a":"00000400","b":"ffffffff","sp":"000002c3","mi":"00000000","mask":"0000003f","cause":"10000000","sr":"2400ff01","dp":"00000008","type":1,"locked":0,"sp_due":"00000000","rsp":"80045dd8","rs":"00000012","rdp":"00000000","next":"80045d78","qvalid":0,"qcapacity":8,"thread":"80068f90","tasks":2}
PDOBS {"n":1904,"ev":"sp_write_after","pc":"80035fd8","count":"a9173122","frame":3,"a":"00000400","b":"ffffffff","sp":"000002c3","mi":"00000000","mask":"0000003f","cause":"10000000","sr":"2400ff01","dp":"00000008","type":1,"locked":0,"sp_due":"00000000","rsp":"80045dd8","rs":"00000012","rdp":"00000000","next":"80045d78","qvalid":0,"qcapacity":8,"thread":"80068f90","tasks":2}
PDOBS {"n":1905,"ev":"sp_write_before","pc":"80035fd8","count":"a92ff208","frame":3,"a":"00000400","b":"ffffffff","sp":"000002c3","mi":"00000000","mask":"0000003f","cause":"10000000","sr":"2400ff01","dp":"00000008","type":1,"locked":0,"sp_due":"00000000","rsp":"80045dd8","rs":"00000012","rdp":"00000000","next":"80045d78","qvalid":0,"qcapacity":8,"thread":"80068f90","tasks":2}
PDOBS {"n":1906,"ev":"sp_write_after","pc":"80035fd8","count":"a92ff208","frame":3,"a":"00000400","b":"ffffffff","sp":"000002c3","mi":"00000000","mask":"0000003f","cause":"10000000","sr":"2400ff01","dp":"00000008","type":1,"locked":0,"sp_due":"00000000","rsp":"80045dd8","rs":"00000012","rdp":"00000000","next":"80045d78","qvalid":0,"qcapacity":8,"thread":"80068f90","tasks":2}
PDOBS {"n":1907,"ev":"sp_write_before","pc":"80035fd8","count":"a948b2f6","frame":3,"a":"00000400","b":"ffffffff","sp":"000002c3","mi":"00000000","mask":"0000003f","cause":"10000000","sr":"2400ff01","dp":"00000008","type":1,"locked":0,"sp_due":"00000000","rsp":"80045dd8","rs":"00000012","rdp":"00000000","next":"80045d78","qvalid":0,"qcapacity":8,"thread":"80068f90","tasks":2}
PDOBS {"n":1908,"ev":"sp_write_after","pc":"80035fd8","count":"a948b2f6","frame":3,"a":"00000400","b":"ffffffff","sp":"000002c3","mi":"00000000","mask":"0000003f","cause":"10000000","sr":"2400ff01","dp":"00000008","type":1,"locked":0,"sp_due":"00000000","rsp":"80045dd8","rs":"00000012","rdp":"00000000","next":"80045d78","qvalid":0,"qcapacity":8,"thread":"80068f90","tasks":2}
PDOBS {"n":1909,"ev":"sp_write_before","pc":"80035fd8","count":"a96173dc","frame":3,"a":"00000400","b":"ffffffff","sp":"000002c3","mi":"00000000","mask":"0000003f","cause":"10000000","sr":"2400ff01","dp":"00000008","type":1,"locked":0,"sp_due":"00000000","rsp":"80045dd8","rs":"00000012","rdp":"00000000","next":"80045d78","qvalid":0,"qcapacity":8,"thread":"80068f90","tasks":2}
PDOBS {"n":1910,"ev":"sp_write_after","pc":"80035fd8","count":"a96173dc","frame":3,"a":"00000400","b":"ffffffff","sp":"000002c3","mi":"00000000","mask":"0000003f","cause":"10000000","sr":"2400ff01","dp":"00000008","type":1,"locked":0,"sp_due":"00000000","rsp":"80045dd8","rs":"00000012","rdp":"00000000","next":"80045d78","qvalid":0,"qcapacity":8,"thread":"80068f90","tasks":2}
PDOBS {"n":1911,"ev":"sp_write_before","pc":"80035fd8","count":"a97a34c6","frame":3,"a":"00000400","b":"ffffffff","sp":"000002c3","mi":"00000000","mask":"0000003f","cause":"10000000","sr":"2400ff01","dp":"00000008","type":1,"locked":0,"sp_due":"00000000","rsp":"80045dd8","rs":"00000012","rdp":"00000000","next":"80045d78","qvalid":0,"qcapacity":8,"thread":"80068f90","tasks":2}
PDOBS {"n":1912,"ev":"sp_write_after","pc":"80035fd8","count":"a97a34c6","frame":3,"a":"00000400","b":"ffffffff","sp":"000002c3","mi":"00000000","mask":"0000003f","cause":"10000000","sr":"2400ff01","dp":"00000008","type":1,"locked":0,"sp_due":"00000000","rsp":"80045dd8","rs":"00000012","rdp":"00000000","next":"80045d78","qvalid":0,"qcapacity":8,"thread":"80068f90","tasks":2}
PDOBS {"n":1913,"ev":"sp_write_before","pc":"80035fd8","count":"a992f5b4","frame":3,"a":"00000400","b":"ffffffff","sp":"000002c3","mi":"00000000","mask":"0000003f","cause":"10000000","sr":"2400ff01","dp":"00000008","type":1,"locked":0,"sp_due":"00000000","rsp":"80045dd8","rs":"00000012","rdp":"00000000","next":"80045d78","qvalid":0,"qcapacity":8,"thread":"80068f90","tasks":2}
PDOBS {"n":1914,"ev":"sp_write_after","pc":"80035fd8","count":"a992f5b4","frame":3,"a":"00000400","b":"ffffffff","sp":"000002c3","mi":"00000000","mask":"0000003f","cause":"10000000","sr":"2400ff01","dp":"00000008","type":1,"locked":0,"sp_due":"00000000","rsp":"80045dd8","rs":"00000012","rdp":"00000000","next":"80045d78","qvalid":0,"qcapacity":8,"thread":"80068f90","tasks":2}
PDOBS {"n":1915,"ev":"sp_write_before","pc":"80035fd8","count":"a9abb69e","frame":3,"a":"00000400","b":"ffffffff","sp":"000002c3","mi":"00000000","mask":"0000003f","cause":"10000000","sr":"2400ff01","dp":"00000008","type":1,"locked":0,"sp_due":"00000000","rsp":"80045dd8","rs":"00000012","rdp":"00000000","next":"80045d78","qvalid":0,"qcapacity":8,"thread":"80068f90","tasks":2}
PDOBS {"n":1916,"ev":"sp_write_after","pc":"80035fd8","count":"a9abb69e","frame":3,"a":"00000400","b":"ffffffff","sp":"000002c3","mi":"00000000","mask":"0000003f","cause":"10000000","sr":"2400ff01","dp":"00000008","type":1,"locked":0,"sp_due":"00000000","rsp":"80045dd8","rs":"00000012","rdp":"00000000","next":"80045d78","qvalid":0,"qcapacity":8,"thread":"80068f90","tasks":2}
PDOBS {"n":1917,"ev":"sp_write_before","pc":"80035fd8","count":"a9c47784","frame":3,"a":"00000400","b":"ffffffff","sp":"000002c3","mi":"00000000","mask":"0000003f","cause":"10000000","sr":"2400ff01","dp":"00000008","type":1,"locked":0,"sp_due":"00000000","rsp":"80045dd8","rs":"00000012","rdp":"00000000","next":"80045d78","qvalid":0,"qcapacity":8,"thread":"80068f90","tasks":2}
PDOBS {"n":1918,"ev":"sp_write_after","pc":"80035fd8","count":"a9c47784","frame":3,"a":"00000400","b":"ffffffff","sp":"000002c3","mi":"00000000","mask":"0000003f","cause":"10000000","sr":"2400ff01","dp":"00000008","type":1,"locked":0,"sp_due":"00000000","rsp":"80045dd8","rs":"00000012","rdp":"00000000","next":"80045d78","qvalid":0,"qcapacity":8,"thread":"80068f90","tasks":2}
PDOBS {"n":1919,"ev":"sp_write_before","pc":"80035fd8","count":"a9dd386e","frame":3,"a":"00000400","b":"ffffffff","sp":"000002c3","mi":"00000000","mask":"0000003f","cause":"10000000","sr":"2400ff01","dp":"00000008","type":1,"locked":0,"sp_due":"00000000","rsp":"80045dd8","rs":"00000012","rdp":"00000000","next":"80045d78","qvalid":0,"qcapacity":8,"thread":"80068f90","tasks":2}
PDOBS {"n":1920,"ev":"sp_write_after","pc":"80035fd8","count":"a9dd386e","frame":3,"a":"00000400","b":"ffffffff","sp":"000002c3","mi":"00000000","mask":"0000003f","cause":"10000000","sr":"2400ff01","dp":"00000008","type":1,"locked":0,"sp_due":"00000000","rsp":"80045dd8","rs":"00000012","rdp":"00000000","next":"80045d78","qvalid":0,"qcapacity":8,"thread":"80068f90","tasks":2}
PDOBS {"n":1921,"ev":"sp_write_before","pc":"80035fd8","count":"a9f5f958","frame":3,"a":"00000400","b":"ffffffff","sp":"000002c3","mi":"00000000","mask":"0000003f","cause":"10000000","sr":"2400ff01","dp":"00000008","type":1,"locked":0,"sp_due":"00000000","rsp":"80045dd8","rs":"00000012","rdp":"00000000","next":"80045d78","qvalid":0,"qcapacity":8,"thread":"80068f90","tasks":2}
PDOBS {"n":1922,"ev":"sp_write_after","pc":"80035fd8","count":"a9f5f958","frame":3,"a":"00000400","b":"ffffffff","sp":"000002c3","mi":"00000000","mask":"0000003f","cause":"10000000","sr":"2400ff01","dp":"00000008","type":1,"locked":0,"sp_due":"00000000","rsp":"80045dd8","rs":"00000012","rdp":"00000000","next":"80045d78","qvalid":0,"qcapacity":8,"thread":"80068f90","tasks":2}
PDOBS {"n":1923,"ev":"sp_write_before","pc":"80035fd8","count":"aa0eba4a","frame":3,"a":"00000400","b":"ffffffff","sp":"000002c3","mi":"00000000","mask":"0000003f","cause":"10000000","sr":"2400ff01","dp":"00000008","type":1,"locked":0,"sp_due":"00000000","rsp":"80045dd8","rs":"00000012","rdp":"00000000","next":"80045d78","qvalid":0,"qcapacity":8,"thread":"80068f90","tasks":2}
PDOBS {"n":1924,"ev":"sp_write_after","pc":"80035fd8","count":"aa0eba4a","frame":3,"a":"00000400","b":"ffffffff","sp":"000002c3","mi":"00000000","mask":"0000003f","cause":"10000000","sr":"2400ff01","dp":"00000008","type":1,"locked":0,"sp_due":"00000000","rsp":"80045dd8","rs":"00000012","rdp":"00000000","next":"80045d78","qvalid":0,"qcapacity":8,"thread":"80068f90","tasks":2}
PDOBS {"n":1925,"ev":"sp_write_before","pc":"80035fd8","count":"aa277b2c","frame":3,"a":"00000400","b":"ffffffff","sp":"000002c3","mi":"00000000","mask":"0000003f","cause":"10000000","sr":"2400ff01","dp":"00000008","type":1,"locked":0,"sp_due":"00000000","rsp":"80045dd8","rs":"00000012","rdp":"00000000","next":"80045d78","qvalid":0,"qcapacity":8,"thread":"80068f90","tasks":2}
PDOBS {"n":1926,"ev":"sp_write_after","pc":"80035fd8","count":"aa277b2c","frame":3,"a":"00000400","b":"ffffffff","sp":"000002c3","mi":"00000000","mask":"0000003f","cause":"10000000","sr":"2400ff01","dp":"00000008","type":1,"locked":0,"sp_due":"00000000","rsp":"80045dd8","rs":"00000012","rdp":"00000000","next":"80045d78","qvalid":0,"qcapacity":8,"thread":"80068f90","tasks":2}
PDOBS {"n":1927,"ev":"sp_write_before","pc":"80035fd8","count":"aa403c16","frame":3,"a":"00000400","b":"ffffffff","sp":"000002c3","mi":"00000000","mask":"0000003f","cause":"10000000","sr":"2400ff01","dp":"00000008","type":1,"locked":0,"sp_due":"00000000","rsp":"80045dd8","rs":"00000012","rdp":"00000000","next":"80045d78","qvalid":0,"qcapacity":8,"thread":"80068f90","tasks":2}
PDOBS {"n":1928,"ev":"sp_write_after","pc":"80035fd8","count":"aa403c16","frame":3,"a":"00000400","b":"ffffffff","sp":"000002c3","mi":"00000000","mask":"0000003f","cause":"10000000","sr":"2400ff01","dp":"00000008","type":1,"locked":0,"sp_due":"00000000","rsp":"80045dd8","rs":"00000012","rdp":"00000000","next":"80045d78","qvalid":0,"qcapacity":8,"thread":"80068f90","tasks":2}
PDOBS {"n":1929,"ev":"sp_write_before","pc":"80035fd8","count":"aa58fd00","frame":3,"a":"00000400","b":"ffffffff","sp":"000002c3","mi":"00000000","mask":"0000003f","cause":"10000000","sr":"2400ff01","dp":"00000008","type":1,"locked":0,"sp_due":"00000000","rsp":"80045dd8","rs":"00000012","rdp":"00000000","next":"80045d78","qvalid":0,"qcapacity":8,"thread":"80068f90","tasks":2}
PDOBS {"n":1930,"ev":"sp_write_after","pc":"80035fd8","count":"aa58fd00","frame":3,"a":"00000400","b":"ffffffff","sp":"000002c3","mi":"00000000","mask":"0000003f","cause":"10000000","sr":"2400ff01","dp":"00000008","type":1,"locked":0,"sp_due":"00000000","rsp":"80045dd8","rs":"00000012","rdp":"00000000","next":"80045d78","qvalid":0,"qcapacity":8,"thread":"80068f90","tasks":2}
PDOBS {"n":1931,"ev":"sp_write_before","pc":"80035fd8","count":"aa71bdee","frame":3,"a":"00000400","b":"ffffffff","sp":"000002c3","mi":"00000000","mask":"0000003f","cause":"10000000","sr":"2400ff01","dp":"00000008","type":1,"locked":0,"sp_due":"00000000","rsp":"80045dd8","rs":"00000012","rdp":"00000000","next":"80045d78","qvalid":0,"qcapacity":8,"thread":"80068f90","tasks":2}
PDOBS {"n":1932,"ev":"sp_write_after","pc":"80035fd8","count":"aa71bdee","frame":3,"a":"00000400","b":"ffffffff","sp":"000002c3","mi":"00000000","mask":"0000003f","cause":"10000000","sr":"2400ff01","dp":"00000008","type":1,"locked":0,"sp_due":"00000000","rsp":"80045dd8","rs":"00000012","rdp":"00000000","next":"80045d78","qvalid":0,"qcapacity":8,"thread":"80068f90","tasks":2}
PDOBS {"n":1933,"ev":"sp_write_before","pc":"80035fd8","count":"aa8a7ed8","frame":3,"a":"00000400","b":"ffffffff","sp":"000002c3","mi":"00000000","mask":"0000003f","cause":"10000000","sr":"2400ff01","dp":"00000008","type":1,"locked":0,"sp_due":"00000000","rsp":"80045dd8","rs":"00000012","rdp":"00000000","next":"80045d78","qvalid":0,"qcapacity":8,"thread":"80068f90","tasks":2}
PDOBS {"n":1934,"ev":"sp_write_after","pc":"80035fd8","count":"aa8a7ed8","frame":3,"a":"00000400","b":"ffffffff","sp":"000002c3","mi":"00000000","mask":"0000003f","cause":"10000000","sr":"2400ff01","dp":"00000008","type":1,"locked":0,"sp_due":"00000000","rsp":"80045dd8","rs":"00000012","rdp":"00000000","next":"80045d78","qvalid":0,"qcapacity":8,"thread":"80068f90","tasks":2}
PDOBS {"n":1935,"ev":"sp_write_before","pc":"80035fd8","count":"aaa33fbe","frame":3,"a":"00000400","b":"ffffffff","sp":"000002c3","mi":"00000000","mask":"0000003f","cause":"10000000","sr":"2400ff01","dp":"00000008","type":1,"locked":0,"sp_due":"00000000","rsp":"80045dd8","rs":"00000012","rdp":"00000000","next":"80045d78","qvalid":0,"qcapacity":8,"thread":"80068f90","tasks":2}
PDOBS {"n":1936,"ev":"sp_write_after","pc":"80035fd8","count":"aaa33fbe","frame":3,"a":"00000400","b":"ffffffff","sp":"000002c3","mi":"00000000","mask":"0000003f","cause":"10000000","sr":"2400ff01","dp":"00000008","type":1,"locked":0,"sp_due":"00000000","rsp":"80045dd8","rs":"00000012","rdp":"00000000","next":"80045d78","qvalid":0,"qcapacity":8,"thread":"80068f90","tasks":2}
PDOBS {"n":1937,"ev":"sp_write_before","pc":"80035fd8","count":"aabc00a8","frame":3,"a":"00000400","b":"ffffffff","sp":"000002c3","mi":"00000000","mask":"0000003f","cause":"10000000","sr":"2400ff01","dp":"00000008","type":1,"locked":0,"sp_due":"00000000","rsp":"80045dd8","rs":"00000012","rdp":"00000000","next":"80045d78","qvalid":0,"qcapacity":8,"thread":"80068f90","tasks":2}
PDOBS {"n":1938,"ev":"sp_write_after","pc":"80035fd8","count":"aabc00a8","frame":3,"a":"00000400","b":"ffffffff","sp":"000002c3","mi":"00000000","mask":"0000003f","cause":"10000000","sr":"2400ff01","dp":"00000008","type":1,"locked":0,"sp_due":"00000000","rsp":"80045dd8","rs":"00000012","rdp":"00000000","next":"80045d78","qvalid":0,"qcapacity":8,"thread":"80068f90","tasks":2}
PDOBS {"n":1939,"ev":"sp_write_before","pc":"80035fd8","count":"aad4c196","frame":3,"a":"00000400","b":"ffffffff","sp":"000002c3","mi":"00000000","mask":"0000003f","cause":"10000000","sr":"2400ff01","dp":"00000008","type":1,"locked":0,"sp_due":"00000000","rsp":"80045dd8","rs":"00000012","rdp":"00000000","next":"80045d78","qvalid":0,"qcapacity":8,"thread":"80068f90","tasks":2}
PDOBS {"n":1940,"ev":"sp_write_after","pc":"80035fd8","count":"aad4c196","frame":3,"a":"00000400","b":"ffffffff","sp":"000002c3","mi":"00000000","mask":"0000003f","cause":"10000000","sr":"2400ff01","dp":"00000008","type":1,"locked":0,"sp_due":"00000000","rsp":"80045dd8","rs":"00000012","rdp":"00000000","next":"80045d78","qvalid":0,"qcapacity":8,"thread":"80068f90","tasks":2}
PDOBS {"n":1941,"ev":"sp_write_before","pc":"80035fd8","count":"aaed827c","frame":3,"a":"00000400","b":"ffffffff","sp":"000002c3","mi":"00000000","mask":"0000003f","cause":"10000000","sr":"2400ff01","dp":"00000008","type":1,"locked":0,"sp_due":"00000000","rsp":"80045dd8","rs":"00000012","rdp":"00000000","next":"80045d78","qvalid":0,"qcapacity":8,"thread":"80068f90","tasks":2}
PDOBS {"n":1942,"ev":"sp_write_after","pc":"80035fd8","count":"aaed827c","frame":3,"a":"00000400","b":"ffffffff","sp":"000002c3","mi":"00000000","mask":"0000003f","cause":"10000000","sr":"2400ff01","dp":"00000008","type":1,"locked":0,"sp_due":"00000000","rsp":"80045dd8","rs":"00000012","rdp":"00000000","next":"80045d78","qvalid":0,"qcapacity":8,"thread":"80068f90","tasks":2}
PDOBS {"n":1943,"ev":"sp_write_before","pc":"80035fd8","count":"ab06436a","frame":3,"a":"00000400","b":"ffffffff","sp":"000002c3","mi":"00000000","mask":"0000003f","cause":"10000000","sr":"2400ff01","dp":"00000008","type":1,"locked":0,"sp_due":"00000000","rsp":"80045dd8","rs":"00000012","rdp":"00000000","next":"80045d78","qvalid":0,"qcapacity":8,"thread":"80068f90","tasks":2}
PDOBS {"n":1944,"ev":"sp_write_after","pc":"80035fd8","count":"ab06436a","frame":3,"a":"00000400","b":"ffffffff","sp":"000002c3","mi":"00000000","mask":"0000003f","cause":"10000000","sr":"2400ff01","dp":"00000008","type":1,"locked":0,"sp_due":"00000000","rsp":"80045dd8","rs":"00000012","rdp":"00000000","next":"80045d78","qvalid":0,"qcapacity":8,"thread":"80068f90","tasks":2}
PDOBS {"n":1945,"ev":"sp_write_before","pc":"80035fd8","count":"ab1f0450","frame":3,"a":"00000400","b":"ffffffff","sp":"000002c3","mi":"00000000","mask":"0000003f","cause":"10000000","sr":"2400ff01","dp":"00000008","type":1,"locked":0,"sp_due":"00000000","rsp":"80045dd8","rs":"00000012","rdp":"00000000","next":"80045d78","qvalid":0,"qcapacity":8,"thread":"80068f90","tasks":2}
PDOBS {"n":1946,"ev":"sp_write_after","pc":"80035fd8","count":"ab1f0450","frame":3,"a":"00000400","b":"ffffffff","sp":"000002c3","mi":"00000000","mask":"0000003f","cause":"10000000","sr":"2400ff01","dp":"00000008","type":1,"locked":0,"sp_due":"00000000","rsp":"80045dd8","rs":"00000012","rdp":"00000000","next":"80045d78","qvalid":0,"qcapacity":8,"thread":"80068f90","tasks":2}
PDOBS {"n":1947,"ev":"sp_write_before","pc":"80035fd8","count":"ab37c53e","frame":3,"a":"00000400","b":"ffffffff","sp":"000002c3","mi":"00000000","mask":"0000003f","cause":"10000000","sr":"2400ff01","dp":"00000008","type":1,"locked":0,"sp_due":"00000000","rsp":"80045dd8","rs":"00000012","rdp":"00000000","next":"80045d78","qvalid":0,"qcapacity":8,"thread":"80068f90","tasks":2}
PDOBS {"n":1948,"ev":"sp_write_after","pc":"80035fd8","count":"ab37c53e","frame":3,"a":"00000400","b":"ffffffff","sp":"000002c3","mi":"00000000","mask":"0000003f","cause":"10000000","sr":"2400ff01","dp":"00000008","type":1,"locked":0,"sp_due":"00000000","rsp":"80045dd8","rs":"00000012","rdp":"00000000","next":"80045d78","qvalid":0,"qcapacity":8,"thread":"80068f90","tasks":2}
PDOBS {"n":1949,"ev":"sp_write_before","pc":"80035fd8","count":"ab508624","frame":3,"a":"00000400","b":"ffffffff","sp":"000002c3","mi":"00000000","mask":"0000003f","cause":"10000000","sr":"2400ff01","dp":"00000008","type":1,"locked":0,"sp_due":"00000000","rsp":"80045dd8","rs":"00000012","rdp":"00000000","next":"80045d78","qvalid":0,"qcapacity":8,"thread":"80068f90","tasks":2}
PDOBS {"n":1950,"ev":"sp_write_after","pc":"80035fd8","count":"ab508624","frame":3,"a":"00000400","b":"ffffffff","sp":"000002c3","mi":"00000000","mask":"0000003f","cause":"10000000","sr":"2400ff01","dp":"00000008","type":1,"locked":0,"sp_due":"00000000","rsp":"80045dd8","rs":"00000012","rdp":"00000000","next":"80045d78","qvalid":0,"qcapacity":8,"thread":"80068f90","tasks":2}
PDOBS {"n":1951,"ev":"sp_write_before","pc":"80035fd8","count":"ab69470e","frame":3,"a":"00000400","b":"ffffffff","sp":"000002c3","mi":"00000000","mask":"0000003f","cause":"10000000","sr":"2400ff01","dp":"00000008","type":1,"locked":0,"sp_due":"00000000","rsp":"80045dd8","rs":"00000012","rdp":"00000000","next":"80045d78","qvalid":0,"qcapacity":8,"thread":"80068f90","tasks":2}
PDOBS {"n":1952,"ev":"sp_write_after","pc":"80035fd8","count":"ab69470e","frame":3,"a":"00000400","b":"ffffffff","sp":"000002c3","mi":"00000000","mask":"0000003f","cause":"10000000","sr":"2400ff01","dp":"00000008","type":1,"locked":0,"sp_due":"00000000","rsp":"80045dd8","rs":"00000012","rdp":"00000000","next":"80045d78","qvalid":0,"qcapacity":8,"thread":"80068f90","tasks":2}
PDOBS {"n":1953,"ev":"sp_write_before","pc":"80035fd8","count":"ab8207fc","frame":3,"a":"00000400","b":"ffffffff","sp":"000002c3","mi":"00000000","mask":"0000003f","cause":"10000000","sr":"2400ff01","dp":"00000008","type":1,"locked":0,"sp_due":"00000000","rsp":"80045dd8","rs":"00000012","rdp":"00000000","next":"80045d78","qvalid":0,"qcapacity":8,"thread":"80068f90","tasks":2}
PDOBS {"n":1954,"ev":"sp_write_after","pc":"80035fd8","count":"ab8207fc","frame":3,"a":"00000400","b":"ffffffff","sp":"000002c3","mi":"00000000","mask":"0000003f","cause":"10000000","sr":"2400ff01","dp":"00000008","type":1,"locked":0,"sp_due":"00000000","rsp":"80045dd8","rs":"00000012","rdp":"00000000","next":"80045d78","qvalid":0,"qcapacity":8,"thread":"80068f90","tasks":2}
PDOBS {"n":1955,"ev":"sp_write_before","pc":"80035fd8","count":"ab9ac8e6","frame":3,"a":"00000400","b":"ffffffff","sp":"000002c3","mi":"00000000","mask":"0000003f","cause":"10000000","sr":"2400ff01","dp":"00000008","type":1,"locked":0,"sp_due":"00000000","rsp":"80045dd8","rs":"00000012","rdp":"00000000","next":"80045d78","qvalid":0,"qcapacity":8,"thread":"80068f90","tasks":2}
PDOBS {"n":1956,"ev":"sp_write_after","pc":"80035fd8","count":"ab9ac8e6","frame":3,"a":"00000400","b":"ffffffff","sp":"000002c3","mi":"00000000","mask":"0000003f","cause":"10000000","sr":"2400ff01","dp":"00000008","type":1,"locked":0,"sp_due":"00000000","rsp":"80045dd8","rs":"00000012","rdp":"00000000","next":"80045d78","qvalid":0,"qcapacity":8,"thread":"80068f90","tasks":2}
PDOBS {"n":1957,"ev":"sp_write_before","pc":"80035fd8","count":"abb389cc","frame":3,"a":"00000400","b":"ffffffff","sp":"000002c3","mi":"00000000","mask":"0000003f","cause":"10000000","sr":"2400ff01","dp":"00000008","type":1,"locked":0,"sp_due":"00000000","rsp":"80045dd8","rs":"00000012","rdp":"00000000","next":"80045d78","qvalid":0,"qcapacity":8,"thread":"80068f90","tasks":2}
PDOBS {"n":1958,"ev":"sp_write_after","pc":"80035fd8","count":"abb389cc","frame":3,"a":"00000400","b":"ffffffff","sp":"000002c3","mi":"00000000","mask":"0000003f","cause":"10000000","sr":"2400ff01","dp":"00000008","type":1,"locked":0,"sp_due":"00000000","rsp":"80045dd8","rs":"00000012","rdp":"00000000","next":"80045d78","qvalid":0,"qcapacity":8,"thread":"80068f90","tasks":2}
PDOBS {"n":1959,"ev":"sp_write_before","pc":"80035fd8","count":"abcc4ab6","frame":3,"a":"00000400","b":"ffffffff","sp":"000002c3","mi":"00000000","mask":"0000003f","cause":"10000000","sr":"2400ff01","dp":"00000008","type":1,"locked":0,"sp_due":"00000000","rsp":"80045dd8","rs":"00000012","rdp":"00000000","next":"80045d78","qvalid":0,"qcapacity":8,"thread":"80068f90","tasks":2}
PDOBS {"n":1960,"ev":"sp_write_after","pc":"80035fd8","count":"abcc4ab6","frame":3,"a":"00000400","b":"ffffffff","sp":"000002c3","mi":"00000000","mask":"0000003f","cause":"10000000","sr":"2400ff01","dp":"00000008","type":1,"locked":0,"sp_due":"00000000","rsp":"80045dd8","rs":"00000012","rdp":"00000000","next":"80045d78","qvalid":0,"qcapacity":8,"thread":"80068f90","tasks":2}
PDOBS {"n":1961,"ev":"sp_write_before","pc":"80035fd8","count":"abe50ba0","frame":3,"a":"00000400","b":"ffffffff","sp":"000002c3","mi":"00000000","mask":"0000003f","cause":"10000000","sr":"2400ff01","dp":"00000008","type":1,"locked":0,"sp_due":"00000000","rsp":"80045dd8","rs":"00000012","rdp":"00000000","next":"80045d78","qvalid":0,"qcapacity":8,"thread":"80068f90","tasks":2}
PDOBS {"n":1962,"ev":"sp_write_after","pc":"80035fd8","count":"abe50ba0","frame":3,"a":"00000400","b":"ffffffff","sp":"000002c3","mi":"00000000","mask":"0000003f","cause":"10000000","sr":"2400ff01","dp":"00000008","type":1,"locked":0,"sp_due":"00000000","rsp":"80045dd8","rs":"00000012","rdp":"00000000","next":"80045d78","qvalid":0,"qcapacity":8,"thread":"80068f90","tasks":2}
PDOBS {"n":1963,"ev":"sp_write_before","pc":"80035fd8","count":"abfdcc92","frame":3,"a":"00000400","b":"ffffffff","sp":"000002c3","mi":"00000000","mask":"0000003f","cause":"10000000","sr":"2400ff01","dp":"00000008","type":1,"locked":0,"sp_due":"00000000","rsp":"80045dd8","rs":"00000012","rdp":"00000000","next":"80045d78","qvalid":0,"qcapacity":8,"thread":"80068f90","tasks":2}
PDOBS {"n":1964,"ev":"sp_write_after","pc":"80035fd8","count":"abfdcc92","frame":3,"a":"00000400","b":"ffffffff","sp":"000002c3","mi":"00000000","mask":"0000003f","cause":"10000000","sr":"2400ff01","dp":"00000008","type":1,"locked":0,"sp_due":"00000000","rsp":"80045dd8","rs":"00000012","rdp":"00000000","next":"80045d78","qvalid":0,"qcapacity":8,"thread":"80068f90","tasks":2}
PDOBS {"n":1965,"ev":"sp_write_before","pc":"80035fd8","count":"ac168d74","frame":3,"a":"00000400","b":"ffffffff","sp":"000002c3","mi":"00000000","mask":"0000003f","cause":"10000000","sr":"2400ff01","dp":"00000008","type":1,"locked":0,"sp_due":"00000000","rsp":"80045dd8","rs":"00000012","rdp":"00000000","next":"80045d78","qvalid":0,"qcapacity":8,"thread":"80068f90","tasks":2}
PDOBS {"n":1966,"ev":"sp_write_after","pc":"80035fd8","count":"ac168d74","frame":3,"a":"00000400","b":"ffffffff","sp":"000002c3","mi":"00000000","mask":"0000003f","cause":"10000000","sr":"2400ff01","dp":"00000008","type":1,"locked":0,"sp_due":"00000000","rsp":"80045dd8","rs":"00000012","rdp":"00000000","next":"80045d78","qvalid":0,"qcapacity":8,"thread":"80068f90","tasks":2}
PDOBS {"n":1967,"ev":"sp_write_before","pc":"80035fd8","count":"ac2f4e5e","frame":3,"a":"00000400","b":"ffffffff","sp":"000002c3","mi":"00000000","mask":"0000003f","cause":"10000000","sr":"2400ff01","dp":"00000008","type":1,"locked":0,"sp_due":"00000000","rsp":"80045dd8","rs":"00000012","rdp":"00000000","next":"80045d78","qvalid":0,"qcapacity":8,"thread":"80068f90","tasks":2}
PDOBS {"n":1968,"ev":"sp_write_after","pc":"80035fd8","count":"ac2f4e5e","frame":3,"a":"00000400","b":"ffffffff","sp":"000002c3","mi":"00000000","mask":"0000003f","cause":"10000000","sr":"2400ff01","dp":"00000008","type":1,"locked":0,"sp_due":"00000000","rsp":"80045dd8","rs":"00000012","rdp":"00000000","next":"80045d78","qvalid":0,"qcapacity":8,"thread":"80068f90","tasks":2}
PDOBS {"n":1969,"ev":"sp_write_before","pc":"80035fd8","count":"ac480f48","frame":3,"a":"00000400","b":"ffffffff","sp":"000002c3","mi":"00000000","mask":"0000003f","cause":"10000000","sr":"2400ff01","dp":"00000008","type":1,"locked":0,"sp_due":"00000000","rsp":"80045dd8","rs":"00000012","rdp":"00000000","next":"80045d78","qvalid":0,"qcapacity":8,"thread":"80068f90","tasks":2}
PDOBS {"n":1970,"ev":"sp_write_after","pc":"80035fd8","count":"ac480f48","frame":3,"a":"00000400","b":"ffffffff","sp":"000002c3","mi":"00000000","mask":"0000003f","cause":"10000000","sr":"2400ff01","dp":"00000008","type":1,"locked":0,"sp_due":"00000000","rsp":"80045dd8","rs":"00000012","rdp":"00000000","next":"80045d78","qvalid":0,"qcapacity":8,"thread":"80068f90","tasks":2}
PDOBS {"n":1971,"ev":"sp_write_before","pc":"80035fd8","count":"ac60d036","frame":3,"a":"00000400","b":"ffffffff","sp":"000002c3","mi":"00000000","mask":"0000003f","cause":"10000000","sr":"2400ff01","dp":"00000008","type":1,"locked":0,"sp_due":"00000000","rsp":"80045dd8","rs":"00000012","rdp":"00000000","next":"80045d78","qvalid":0,"qcapacity":8,"thread":"80068f90","tasks":2}
PDOBS {"n":1972,"ev":"sp_write_after","pc":"80035fd8","count":"ac60d036","frame":3,"a":"00000400","b":"ffffffff","sp":"000002c3","mi":"00000000","mask":"0000003f","cause":"10000000","sr":"2400ff01","dp":"00000008","type":1,"locked":0,"sp_due":"00000000","rsp":"80045dd8","rs":"00000012","rdp":"00000000","next":"80045d78","qvalid":0,"qcapacity":8,"thread":"80068f90","tasks":2}
PDOBS {"n":1973,"ev":"sp_write_before","pc":"80035fd8","count":"ac799120","frame":3,"a":"00000400","b":"ffffffff","sp":"000002c3","mi":"00000000","mask":"0000003f","cause":"10000000","sr":"2400ff01","dp":"00000008","type":1,"locked":0,"sp_due":"00000000","rsp":"80045dd8","rs":"00000012","rdp":"00000000","next":"80045d78","qvalid":0,"qcapacity":8,"thread":"80068f90","tasks":2}
PDOBS {"n":1974,"ev":"sp_write_after","pc":"80035fd8","count":"ac799120","frame":3,"a":"00000400","b":"ffffffff","sp":"000002c3","mi":"00000000","mask":"0000003f","cause":"10000000","sr":"2400ff01","dp":"00000008","type":1,"locked":0,"sp_due":"00000000","rsp":"80045dd8","rs":"00000012","rdp":"00000000","next":"80045d78","qvalid":0,"qcapacity":8,"thread":"80068f90","tasks":2}
PDOBS {"n":1975,"ev":"sp_write_before","pc":"80035fd8","count":"ac925206","frame":3,"a":"00000400","b":"ffffffff","sp":"000002c3","mi":"00000000","mask":"0000003f","cause":"10000000","sr":"2400ff01","dp":"00000008","type":1,"locked":0,"sp_due":"00000000","rsp":"80045dd8","rs":"00000012","rdp":"00000000","next":"80045d78","qvalid":0,"qcapacity":8,"thread":"80068f90","tasks":2}
PDOBS {"n":1976,"ev":"sp_write_after","pc":"80035fd8","count":"ac925206","frame":3,"a":"00000400","b":"ffffffff","sp":"000002c3","mi":"00000000","mask":"0000003f","cause":"10000000","sr":"2400ff01","dp":"00000008","type":1,"locked":0,"sp_due":"00000000","rsp":"80045dd8","rs":"00000012","rdp":"00000000","next":"80045d78","qvalid":0,"qcapacity":8,"thread":"80068f90","tasks":2}
PDOBS {"n":1977,"ev":"sp_write_before","pc":"80035fd8","count":"acab12f0","frame":3,"a":"00000400","b":"ffffffff","sp":"000002c3","mi":"00000000","mask":"0000003f","cause":"10000000","sr":"2400ff01","dp":"00000008","type":1,"locked":0,"sp_due":"00000000","rsp":"80045dd8","rs":"00000012","rdp":"00000000","next":"80045d78","qvalid":0,"qcapacity":8,"thread":"80068f90","tasks":2}
PDOBS {"n":1978,"ev":"sp_write_after","pc":"80035fd8","count":"acab12f0","frame":3,"a":"00000400","b":"ffffffff","sp":"000002c3","mi":"00000000","mask":"0000003f","cause":"10000000","sr":"2400ff01","dp":"00000008","type":1,"locked":0,"sp_due":"00000000","rsp":"80045dd8","rs":"00000012","rdp":"00000000","next":"80045d78","qvalid":0,"qcapacity":8,"thread":"80068f90","tasks":2}
PDOBS {"n":1979,"ev":"sp_write_before","pc":"80035fd8","count":"acc3d3de","frame":3,"a":"00000400","b":"ffffffff","sp":"000002c3","mi":"00000000","mask":"0000003f","cause":"10000000","sr":"2400ff01","dp":"00000008","type":1,"locked":0,"sp_due":"00000000","rsp":"80045dd8","rs":"00000012","rdp":"00000000","next":"80045d78","qvalid":0,"qcapacity":8,"thread":"80068f90","tasks":2}
PDOBS {"n":1980,"ev":"sp_write_after","pc":"80035fd8","count":"acc3d3de","frame":3,"a":"00000400","b":"ffffffff","sp":"000002c3","mi":"00000000","mask":"0000003f","cause":"10000000","sr":"2400ff01","dp":"00000008","type":1,"locked":0,"sp_due":"00000000","rsp":"80045dd8","rs":"00000012","rdp":"00000000","next":"80045d78","qvalid":0,"qcapacity":8,"thread":"80068f90","tasks":2}
PDOBS {"n":1981,"ev":"sp_write_before","pc":"80035fd8","count":"acdc94c4","frame":3,"a":"00000400","b":"ffffffff","sp":"000002c3","mi":"00000000","mask":"0000003f","cause":"10000000","sr":"2400ff01","dp":"00000008","type":1,"locked":0,"sp_due":"00000000","rsp":"80045dd8","rs":"00000012","rdp":"00000000","next":"80045d78","qvalid":0,"qcapacity":8,"thread":"80068f90","tasks":2}
PDOBS {"n":1982,"ev":"sp_write_after","pc":"80035fd8","count":"acdc94c4","frame":3,"a":"00000400","b":"ffffffff","sp":"000002c3","mi":"00000000","mask":"0000003f","cause":"10000000","sr":"2400ff01","dp":"00000008","type":1,"locked":0,"sp_due":"00000000","rsp":"80045dd8","rs":"00000012","rdp":"00000000","next":"80045d78","qvalid":0,"qcapacity":8,"thread":"80068f90","tasks":2}
PDOBS {"n":1983,"ev":"sp_write_before","pc":"80035fd8","count":"acf555b2","frame":3,"a":"00000400","b":"ffffffff","sp":"000002c3","mi":"00000000","mask":"0000003f","cause":"10000000","sr":"2400ff01","dp":"00000008","type":1,"locked":0,"sp_due":"00000000","rsp":"80045dd8","rs":"00000012","rdp":"00000000","next":"80045d78","qvalid":0,"qcapacity":8,"thread":"80068f90","tasks":2}
PDOBS {"n":1984,"ev":"sp_write_after","pc":"80035fd8","count":"acf555b2","frame":3,"a":"00000400","b":"ffffffff","sp":"000002c3","mi":"00000000","mask":"0000003f","cause":"10000000","sr":"2400ff01","dp":"00000008","type":1,"locked":0,"sp_due":"00000000","rsp":"80045dd8","rs":"00000012","rdp":"00000000","next":"80045d78","qvalid":0,"qcapacity":8,"thread":"80068f90","tasks":2}
PDOBS {"n":1985,"ev":"sp_write_before","pc":"80035fd8","count":"ad0e1698","frame":3,"a":"00000400","b":"ffffffff","sp":"000002c3","mi":"00000000","mask":"0000003f","cause":"10000000","sr":"2400ff01","dp":"00000008","type":1,"locked":0,"sp_due":"00000000","rsp":"80045dd8","rs":"00000012","rdp":"00000000","next":"80045d78","qvalid":0,"qcapacity":8,"thread":"80068f90","tasks":2}
PDOBS {"n":1986,"ev":"sp_write_after","pc":"80035fd8","count":"ad0e1698","frame":3,"a":"00000400","b":"ffffffff","sp":"000002c3","mi":"00000000","mask":"0000003f","cause":"10000000","sr":"2400ff01","dp":"00000008","type":1,"locked":0,"sp_due":"00000000","rsp":"80045dd8","rs":"00000012","rdp":"00000000","next":"80045d78","qvalid":0,"qcapacity":8,"thread":"80068f90","tasks":2}
PDOBS {"n":1987,"ev":"sp_write_before","pc":"80035fd8","count":"ad26d786","frame":3,"a":"00000400","b":"ffffffff","sp":"000002c3","mi":"00000000","mask":"0000003f","cause":"10000000","sr":"2400ff01","dp":"00000008","type":1,"locked":0,"sp_due":"00000000","rsp":"80045dd8","rs":"00000012","rdp":"00000000","next":"80045d78","qvalid":0,"qcapacity":8,"thread":"80068f90","tasks":2}
PDOBS {"n":1988,"ev":"sp_write_after","pc":"80035fd8","count":"ad26d786","frame":3,"a":"00000400","b":"ffffffff","sp":"000002c3","mi":"00000000","mask":"0000003f","cause":"10000000","sr":"2400ff01","dp":"00000008","type":1,"locked":0,"sp_due":"00000000","rsp":"80045dd8","rs":"00000012","rdp":"00000000","next":"80045d78","qvalid":0,"qcapacity":8,"thread":"80068f90","tasks":2}
PDOBS {"n":1989,"ev":"sp_write_before","pc":"80035fd8","count":"ad3f986c","frame":3,"a":"00000400","b":"ffffffff","sp":"000002c3","mi":"00000000","mask":"0000003f","cause":"10000000","sr":"2400ff01","dp":"00000008","type":1,"locked":0,"sp_due":"00000000","rsp":"80045dd8","rs":"00000012","rdp":"00000000","next":"80045d78","qvalid":0,"qcapacity":8,"thread":"80068f90","tasks":2}
PDOBS {"n":1990,"ev":"sp_write_after","pc":"80035fd8","count":"ad3f986c","frame":3,"a":"00000400","b":"ffffffff","sp":"000002c3","mi":"00000000","mask":"0000003f","cause":"10000000","sr":"2400ff01","dp":"00000008","type":1,"locked":0,"sp_due":"00000000","rsp":"80045dd8","rs":"00000012","rdp":"00000000","next":"80045d78","qvalid":0,"qcapacity":8,"thread":"80068f90","tasks":2}
PDOBS {"n":1991,"ev":"sp_write_before","pc":"80035fd8","count":"ad585956","frame":3,"a":"00000400","b":"ffffffff","sp":"000002c3","mi":"00000000","mask":"0000003f","cause":"10000000","sr":"2400ff01","dp":"00000008","type":1,"locked":0,"sp_due":"00000000","rsp":"80045dd8","rs":"00000012","rdp":"00000000","next":"80045d78","qvalid":0,"qcapacity":8,"thread":"80068f90","tasks":2}
PDOBS {"n":1992,"ev":"sp_write_after","pc":"80035fd8","count":"ad585956","frame":3,"a":"00000400","b":"ffffffff","sp":"000002c3","mi":"00000000","mask":"0000003f","cause":"10000000","sr":"2400ff01","dp":"00000008","type":1,"locked":0,"sp_due":"00000000","rsp":"80045dd8","rs":"00000012","rdp":"00000000","next":"80045d78","qvalid":0,"qcapacity":8,"thread":"80068f90","tasks":2}
PDOBS {"n":1993,"ev":"sp_write_before","pc":"80035fd8","count":"ad711a44","frame":3,"a":"00000400","b":"ffffffff","sp":"000002c3","mi":"00000000","mask":"0000003f","cause":"10000000","sr":"2400ff01","dp":"00000008","type":1,"locked":0,"sp_due":"00000000","rsp":"80045dd8","rs":"00000012","rdp":"00000000","next":"80045d78","qvalid":0,"qcapacity":8,"thread":"80068f90","tasks":2}
PDOBS {"n":1994,"ev":"sp_write_after","pc":"80035fd8","count":"ad711a44","frame":3,"a":"00000400","b":"ffffffff","sp":"000002c3","mi":"00000000","mask":"0000003f","cause":"10000000","sr":"2400ff01","dp":"00000008","type":1,"locked":0,"sp_due":"00000000","rsp":"80045dd8","rs":"00000012","rdp":"00000000","next":"80045d78","qvalid":0,"qcapacity":8,"thread":"80068f90","tasks":2}
PDOBS {"n":1995,"ev":"sp_write_before","pc":"80035fd8","count":"ad89db2e","frame":3,"a":"00000400","b":"ffffffff","sp":"000002c3","mi":"00000000","mask":"0000003f","cause":"10000000","sr":"2400ff01","dp":"00000008","type":1,"locked":0,"sp_due":"00000000","rsp":"80045dd8","rs":"00000012","rdp":"00000000","next":"80045d78","qvalid":0,"qcapacity":8,"thread":"80068f90","tasks":2}
PDOBS {"n":1996,"ev":"sp_write_after","pc":"80035fd8","count":"ad89db2e","frame":3,"a":"00000400","b":"ffffffff","sp":"000002c3","mi":"00000000","mask":"0000003f","cause":"10000000","sr":"2400ff01","dp":"00000008","type":1,"locked":0,"sp_due":"00000000","rsp":"80045dd8","rs":"00000012","rdp":"00000000","next":"80045d78","qvalid":0,"qcapacity":8,"thread":"80068f90","tasks":2}
PDOBS {"n":1997,"ev":"sp_write_before","pc":"80035fd8","count":"ada29c14","frame":3,"a":"00000400","b":"ffffffff","sp":"000002c3","mi":"00000000","mask":"0000003f","cause":"10000000","sr":"2400ff01","dp":"00000008","type":1,"locked":0,"sp_due":"00000000","rsp":"80045dd8","rs":"00000012","rdp":"00000000","next":"80045d78","qvalid":0,"qcapacity":8,"thread":"80068f90","tasks":2}
PDOBS {"n":1998,"ev":"sp_write_after","pc":"80035fd8","count":"ada29c14","frame":3,"a":"00000400","b":"ffffffff","sp":"000002c3","mi":"00000000","mask":"0000003f","cause":"10000000","sr":"2400ff01","dp":"00000008","type":1,"locked":0,"sp_due":"00000000","rsp":"80045dd8","rs":"00000012","rdp":"00000000","next":"80045d78","qvalid":0,"qcapacity":8,"thread":"80068f90","tasks":2}
PDOBS {"n":1999,"ev":"sp_write_before","pc":"80035fd8","count":"adbb5cfe","frame":3,"a":"00000400","b":"ffffffff","sp":"000002c3","mi":"00000000","mask":"0000003f","cause":"10000000","sr":"2400ff01","dp":"00000008","type":1,"locked":0,"sp_due":"00000000","rsp":"80045dd8","rs":"00000012","rdp":"00000000","next":"80045d78","qvalid":0,"qcapacity":8,"thread":"80068f90","tasks":2}
PDOBS {"n":2000,"ev":"sp_write_after","pc":"80035fd8","count":"adbb5cfe","frame":3,"a":"00000400","b":"ffffffff","sp":"000002c3","mi":"00000000","mask":"0000003f","cause":"10000000","sr":"2400ff01","dp":"00000008","type":1,"locked":0,"sp_due":"00000000","rsp":"80045dd8","rs":"00000012","rdp":"00000000","next":"80045d78","qvalid":0,"qcapacity":8,"thread":"80068f90","tasks":2}
PDOBS {"n":2001,"ev":"sp_write_before","pc":"80035fd8","count":"add41de8","frame":3,"a":"00000400","b":"ffffffff","sp":"000002c3","mi":"00000000","mask":"0000003f","cause":"10000000","sr":"2400ff01","dp":"00000008","type":1,"locked":0,"sp_due":"00000000","rsp":"80045dd8","rs":"00000012","rdp":"00000000","next":"80045d78","qvalid":0,"qcapacity":8,"thread":"80068f90","tasks":2}
PDOBS {"n":2002,"ev":"sp_write_after","pc":"80035fd8","count":"add41de8","frame":3,"a":"00000400","b":"ffffffff","sp":"000002c3","mi":"00000000","mask":"0000003f","cause":"10000000","sr":"2400ff01","dp":"00000008","type":1,"locked":0,"sp_due":"00000000","rsp":"80045dd8","rs":"00000012","rdp":"00000000","next":"80045d78","qvalid":0,"qcapacity":8,"thread":"80068f90","tasks":2}
PDOBS {"n":2003,"ev":"sp_write_before","pc":"80035fd8","count":"adecdeda","frame":3,"a":"00000400","b":"ffffffff","sp":"000002c3","mi":"00000000","mask":"0000003f","cause":"10000000","sr":"2400ff01","dp":"00000008","type":1,"locked":0,"sp_due":"00000000","rsp":"80045dd8","rs":"00000012","rdp":"00000000","next":"80045d78","qvalid":0,"qcapacity":8,"thread":"80068f90","tasks":2}
PDOBS {"n":2004,"ev":"sp_write_after","pc":"80035fd8","count":"adecdeda","frame":3,"a":"00000400","b":"ffffffff","sp":"000002c3","mi":"00000000","mask":"0000003f","cause":"10000000","sr":"2400ff01","dp":"00000008","type":1,"locked":0,"sp_due":"00000000","rsp":"80045dd8","rs":"00000012","rdp":"00000000","next":"80045d78","qvalid":0,"qcapacity":8,"thread":"80068f90","tasks":2}
PDOBS {"n":2005,"ev":"sp_write_before","pc":"80035fd8","count":"ae059fbc","frame":3,"a":"00000400","b":"ffffffff","sp":"000002c3","mi":"00000000","mask":"0000003f","cause":"10000000","sr":"2400ff01","dp":"00000008","type":1,"locked":0,"sp_due":"00000000","rsp":"80045dd8","rs":"00000012","rdp":"00000000","next":"80045d78","qvalid":0,"qcapacity":8,"thread":"80068f90","tasks":2}
PDOBS {"n":2006,"ev":"sp_write_after","pc":"80035fd8","count":"ae059fbc","frame":3,"a":"00000400","b":"ffffffff","sp":"000002c3","mi":"00000000","mask":"0000003f","cause":"10000000","sr":"2400ff01","dp":"00000008","type":1,"locked":0,"sp_due":"00000000","rsp":"80045dd8","rs":"00000012","rdp":"00000000","next":"80045d78","qvalid":0,"qcapacity":8,"thread":"80068f90","tasks":2}
FRAME 2700 video=453 640x480 seconds=54.5
PDOBS {"n":2007,"ev":"sp_write_before","pc":"80035fd8","count":"ae1e60a6","frame":3,"a":"00000400","b":"ffffffff","sp":"000002c3","mi":"00000000","mask":"0000003f","cause":"10000000","sr":"2400ff01","dp":"00000008","type":1,"locked":0,"sp_due":"00000000","rsp":"80045dd8","rs":"00000012","rdp":"00000000","next":"80045d78","qvalid":0,"qcapacity":8,"thread":"80068f90","tasks":2}
PDOBS {"n":2008,"ev":"sp_write_after","pc":"80035fd8","count":"ae1e60a6","frame":3,"a":"00000400","b":"ffffffff","sp":"000002c3","mi":"00000000","mask":"0000003f","cause":"10000000","sr":"2400ff01","dp":"00000008","type":1,"locked":0,"sp_due":"00000000","rsp":"80045dd8","rs":"00000012","rdp":"00000000","next":"80045d78","qvalid":0,"qcapacity":8,"thread":"80068f90","tasks":2}
PDOBS {"n":2009,"ev":"sp_write_before","pc":"80035fd8","count":"ae372190","frame":3,"a":"00000400","b":"ffffffff","sp":"000002c3","mi":"00000000","mask":"0000003f","cause":"10000000","sr":"2400ff01","dp":"00000008","type":1,"locked":0,"sp_due":"00000000","rsp":"80045dd8","rs":"00000012","rdp":"00000000","next":"80045d78","qvalid":0,"qcapacity":8,"thread":"80068f90","tasks":2}
PDOBS {"n":2010,"ev":"sp_write_after","pc":"80035fd8","count":"ae372190","frame":3,"a":"00000400","b":"ffffffff","sp":"000002c3","mi":"00000000","mask":"0000003f","cause":"10000000","sr":"2400ff01","dp":"00000008","type":1,"locked":0,"sp_due":"00000000","rsp":"80045dd8","rs":"00000012","rdp":"00000000","next":"80045d78","qvalid":0,"qcapacity":8,"thread":"80068f90","tasks":2}
PDOBS {"n":2011,"ev":"sp_write_before","pc":"80035fd8","count":"ae4fe27e","frame":3,"a":"00000400","b":"ffffffff","sp":"000002c3","mi":"00000000","mask":"0000003f","cause":"10000000","sr":"2400ff01","dp":"00000008","type":1,"locked":0,"sp_due":"00000000","rsp":"80045dd8","rs":"00000012","rdp":"00000000","next":"80045d78","qvalid":0,"qcapacity":8,"thread":"80068f90","tasks":2}
PDOBS {"n":2012,"ev":"sp_write_after","pc":"80035fd8","count":"ae4fe27e","frame":3,"a":"00000400","b":"ffffffff","sp":"000002c3","mi":"00000000","mask":"0000003f","cause":"10000000","sr":"2400ff01","dp":"00000008","type":1,"locked":0,"sp_due":"00000000","rsp":"80045dd8","rs":"00000012","rdp":"00000000","next":"80045d78","qvalid":0,"qcapacity":8,"thread":"80068f90","tasks":2}
PDOBS {"n":2013,"ev":"sp_write_before","pc":"80035fd8","count":"ae68a368","frame":3,"a":"00000400","b":"ffffffff","sp":"000002c3","mi":"00000000","mask":"0000003f","cause":"10000000","sr":"2400ff01","dp":"00000008","type":1,"locked":0,"sp_due":"00000000","rsp":"80045dd8","rs":"00000012","rdp":"00000000","next":"80045d78","qvalid":0,"qcapacity":8,"thread":"80068f90","tasks":2}
PDOBS {"n":2014,"ev":"sp_write_after","pc":"80035fd8","count":"ae68a368","frame":3,"a":"00000400","b":"ffffffff","sp":"000002c3","mi":"00000000","mask":"0000003f","cause":"10000000","sr":"2400ff01","dp":"00000008","type":1,"locked":0,"sp_due":"00000000","rsp":"80045dd8","rs":"00000012","rdp":"00000000","next":"80045d78","qvalid":0,"qcapacity":8,"thread":"80068f90","tasks":2}
PDOBS {"n":2015,"ev":"sp_write_before","pc":"80035fd8","count":"ae81644e","frame":3,"a":"00000400","b":"ffffffff","sp":"000002c3","mi":"00000000","mask":"0000003f","cause":"10000000","sr":"2400ff01","dp":"00000008","type":1,"locked":0,"sp_due":"00000000","rsp":"80045dd8","rs":"00000012","rdp":"00000000","next":"80045d78","qvalid":0,"qcapacity":8,"thread":"80068f90","tasks":2}
PDOBS {"n":2016,"ev":"sp_write_after","pc":"80035fd8","count":"ae81644e","frame":3,"a":"00000400","b":"ffffffff","sp":"000002c3","mi":"00000000","mask":"0000003f","cause":"10000000","sr":"2400ff01","dp":"00000008","type":1,"locked":0,"sp_due":"00000000","rsp":"80045dd8","rs":"00000012","rdp":"00000000","next":"80045d78","qvalid":0,"qcapacity":8,"thread":"80068f90","tasks":2}
PDOBS {"n":2017,"ev":"sp_write_before","pc":"80035fd8","count":"ae9a2538","frame":3,"a":"00000400","b":"ffffffff","sp":"000002c3","mi":"00000000","mask":"0000003f","cause":"10000000","sr":"2400ff01","dp":"00000008","type":1,"locked":0,"sp_due":"00000000","rsp":"80045dd8","rs":"00000012","rdp":"00000000","next":"80045d78","qvalid":0,"qcapacity":8,"thread":"80068f90","tasks":2}
PDOBS {"n":2018,"ev":"sp_write_after","pc":"80035fd8","count":"ae9a2538","frame":3,"a":"00000400","b":"ffffffff","sp":"000002c3","mi":"00000000","mask":"0000003f","cause":"10000000","sr":"2400ff01","dp":"00000008","type":1,"locked":0,"sp_due":"00000000","rsp":"80045dd8","rs":"00000012","rdp":"00000000","next":"80045d78","qvalid":0,"qcapacity":8,"thread":"80068f90","tasks":2}
PDOBS {"n":2019,"ev":"sp_write_before","pc":"80035fd8","count":"aeb2e626","frame":3,"a":"00000400","b":"ffffffff","sp":"000002c3","mi":"00000000","mask":"0000003f","cause":"10000000","sr":"2400ff01","dp":"00000008","type":1,"locked":0,"sp_due":"00000000","rsp":"80045dd8","rs":"00000012","rdp":"00000000","next":"80045d78","qvalid":0,"qcapacity":8,"thread":"80068f90","tasks":2}
PDOBS {"n":2020,"ev":"sp_write_after","pc":"80035fd8","count":"aeb2e626","frame":3,"a":"00000400","b":"ffffffff","sp":"000002c3","mi":"00000000","mask":"0000003f","cause":"10000000","sr":"2400ff01","dp":"00000008","type":1,"locked":0,"sp_due":"00000000","rsp":"80045dd8","rs":"00000012","rdp":"00000000","next":"80045d78","qvalid":0,"qcapacity":8,"thread":"80068f90","tasks":2}
PDOBS {"n":2021,"ev":"sp_write_before","pc":"80035fd8","count":"aecba70c","frame":3,"a":"00000400","b":"ffffffff","sp":"000002c3","mi":"00000000","mask":"0000003f","cause":"10000000","sr":"2400ff01","dp":"00000008","type":1,"locked":0,"sp_due":"00000000","rsp":"80045dd8","rs":"00000012","rdp":"00000000","next":"80045d78","qvalid":0,"qcapacity":8,"thread":"80068f90","tasks":2}
PDOBS {"n":2022,"ev":"sp_write_after","pc":"80035fd8","count":"aecba70c","frame":3,"a":"00000400","b":"ffffffff","sp":"000002c3","mi":"00000000","mask":"0000003f","cause":"10000000","sr":"2400ff01","dp":"00000008","type":1,"locked":0,"sp_due":"00000000","rsp":"80045dd8","rs":"00000012","rdp":"00000000","next":"80045d78","qvalid":0,"qcapacity":8,"thread":"80068f90","tasks":2}
PDOBS {"n":2023,"ev":"sp_write_before","pc":"80035fd8","count":"aee467fa","frame":3,"a":"00000400","b":"ffffffff","sp":"000002c3","mi":"00000000","mask":"0000003f","cause":"10000000","sr":"2400ff01","dp":"00000008","type":1,"locked":0,"sp_due":"00000000","rsp":"80045dd8","rs":"00000012","rdp":"00000000","next":"80045d78","qvalid":0,"qcapacity":8,"thread":"80068f90","tasks":2}
PDOBS {"n":2024,"ev":"sp_write_after","pc":"80035fd8","count":"aee467fa","frame":3,"a":"00000400","b":"ffffffff","sp":"000002c3","mi":"00000000","mask":"0000003f","cause":"10000000","sr":"2400ff01","dp":"00000008","type":1,"locked":0,"sp_due":"00000000","rsp":"80045dd8","rs":"00000012","rdp":"00000000","next":"80045d78","qvalid":0,"qcapacity":8,"thread":"80068f90","tasks":2}
PDOBS {"n":2025,"ev":"sp_write_before","pc":"80035fd8","count":"aefd28e0","frame":3,"a":"00000400","b":"ffffffff","sp":"000002c3","mi":"00000000","mask":"0000003f","cause":"10000000","sr":"2400ff01","dp":"00000008","type":1,"locked":0,"sp_due":"00000000","rsp":"80045dd8","rs":"00000012","rdp":"00000000","next":"80045d78","qvalid":0,"qcapacity":8,"thread":"80068f90","tasks":2}
PDOBS {"n":2026,"ev":"sp_write_after","pc":"80035fd8","count":"aefd28e0","frame":3,"a":"00000400","b":"ffffffff","sp":"000002c3","mi":"00000000","mask":"0000003f","cause":"10000000","sr":"2400ff01","dp":"00000008","type":1,"locked":0,"sp_due":"00000000","rsp":"80045dd8","rs":"00000012","rdp":"00000000","next":"80045d78","qvalid":0,"qcapacity":8,"thread":"80068f90","tasks":2}
PDOBS {"n":2027,"ev":"sp_write_before","pc":"80035fd8","count":"af15e9ce","frame":3,"a":"00000400","b":"ffffffff","sp":"000002c3","mi":"00000000","mask":"0000003f","cause":"10000000","sr":"2400ff01","dp":"00000008","type":1,"locked":0,"sp_due":"00000000","rsp":"80045dd8","rs":"00000012","rdp":"00000000","next":"80045d78","qvalid":0,"qcapacity":8,"thread":"80068f90","tasks":2}
PDOBS {"n":2028,"ev":"sp_write_after","pc":"80035fd8","count":"af15e9ce","frame":3,"a":"00000400","b":"ffffffff","sp":"000002c3","mi":"00000000","mask":"0000003f","cause":"10000000","sr":"2400ff01","dp":"00000008","type":1,"locked":0,"sp_due":"00000000","rsp":"80045dd8","rs":"00000012","rdp":"00000000","next":"80045d78","qvalid":0,"qcapacity":8,"thread":"80068f90","tasks":2}
PDOBS {"n":2029,"ev":"sp_write_before","pc":"80035fd8","count":"af2eaab4","frame":3,"a":"00000400","b":"ffffffff","sp":"000002c3","mi":"00000000","mask":"0000003f","cause":"10000000","sr":"2400ff01","dp":"00000008","type":1,"locked":0,"sp_due":"00000000","rsp":"80045dd8","rs":"00000012","rdp":"00000000","next":"80045d78","qvalid":0,"qcapacity":8,"thread":"80068f90","tasks":2}
PDOBS {"n":2030,"ev":"sp_write_after","pc":"80035fd8","count":"af2eaab4","frame":3,"a":"00000400","b":"ffffffff","sp":"000002c3","mi":"00000000","mask":"0000003f","cause":"10000000","sr":"2400ff01","dp":"00000008","type":1,"locked":0,"sp_due":"00000000","rsp":"80045dd8","rs":"00000012","rdp":"00000000","next":"80045d78","qvalid":0,"qcapacity":8,"thread":"80068f90","tasks":2}
PDOBS {"n":2031,"ev":"sp_write_before","pc":"80035fd8","count":"af476b9e","frame":3,"a":"00000400","b":"ffffffff","sp":"000002c3","mi":"00000000","mask":"0000003f","cause":"10000000","sr":"2400ff01","dp":"00000008","type":1,"locked":0,"sp_due":"00000000","rsp":"80045dd8","rs":"00000012","rdp":"00000000","next":"80045d78","qvalid":0,"qcapacity":8,"thread":"80068f90","tasks":2}
PDOBS {"n":2032,"ev":"sp_write_after","pc":"80035fd8","count":"af476b9e","frame":3,"a":"00000400","b":"ffffffff","sp":"000002c3","mi":"00000000","mask":"0000003f","cause":"10000000","sr":"2400ff01","dp":"00000008","type":1,"locked":0,"sp_due":"00000000","rsp":"80045dd8","rs":"00000012","rdp":"00000000","next":"80045d78","qvalid":0,"qcapacity":8,"thread":"80068f90","tasks":2}
PDOBS {"n":2033,"ev":"sp_write_before","pc":"80035fd8","count":"af602c8c","frame":3,"a":"00000400","b":"ffffffff","sp":"000002c3","mi":"00000000","mask":"0000003f","cause":"10000000","sr":"2400ff01","dp":"00000008","type":1,"locked":0,"sp_due":"00000000","rsp":"80045dd8","rs":"00000012","rdp":"00000000","next":"80045d78","qvalid":0,"qcapacity":8,"thread":"80068f90","tasks":2}
PDOBS {"n":2034,"ev":"sp_write_after","pc":"80035fd8","count":"af602c8c","frame":3,"a":"00000400","b":"ffffffff","sp":"000002c3","mi":"00000000","mask":"0000003f","cause":"10000000","sr":"2400ff01","dp":"00000008","type":1,"locked":0,"sp_due":"00000000","rsp":"80045dd8","rs":"00000012","rdp":"00000000","next":"80045d78","qvalid":0,"qcapacity":8,"thread":"80068f90","tasks":2}
PDOBS {"n":2035,"ev":"sp_write_before","pc":"80035fd8","count":"af78ed76","frame":3,"a":"00000400","b":"ffffffff","sp":"000002c3","mi":"00000000","mask":"0000003f","cause":"10000000","sr":"2400ff01","dp":"00000008","type":1,"locked":0,"sp_due":"00000000","rsp":"80045dd8","rs":"00000012","rdp":"00000000","next":"80045d78","qvalid":0,"qcapacity":8,"thread":"80068f90","tasks":2}
PDOBS {"n":2036,"ev":"sp_write_after","pc":"80035fd8","count":"af78ed76","frame":3,"a":"00000400","b":"ffffffff","sp":"000002c3","mi":"00000000","mask":"0000003f","cause":"10000000","sr":"2400ff01","dp":"00000008","type":1,"locked":0,"sp_due":"00000000","rsp":"80045dd8","rs":"00000012","rdp":"00000000","next":"80045d78","qvalid":0,"qcapacity":8,"thread":"80068f90","tasks":2}
PDOBS {"n":2037,"ev":"sp_write_before","pc":"80035fd8","count":"af91ae5c","frame":3,"a":"00000400","b":"ffffffff","sp":"000002c3","mi":"00000000","mask":"0000003f","cause":"10000000","sr":"2400ff01","dp":"00000008","type":1,"locked":0,"sp_due":"00000000","rsp":"80045dd8","rs":"00000012","rdp":"00000000","next":"80045d78","qvalid":0,"qcapacity":8,"thread":"80068f90","tasks":2}
PDOBS {"n":2038,"ev":"sp_write_after","pc":"80035fd8","count":"af91ae5c","frame":3,"a":"00000400","b":"ffffffff","sp":"000002c3","mi":"00000000","mask":"0000003f","cause":"10000000","sr":"2400ff01","dp":"00000008","type":1,"locked":0,"sp_due":"00000000","rsp":"80045dd8","rs":"00000012","rdp":"00000000","next":"80045d78","qvalid":0,"qcapacity":8,"thread":"80068f90","tasks":2}
PDOBS {"n":2039,"ev":"sp_write_before","pc":"80035fd8","count":"afaa6f46","frame":3,"a":"00000400","b":"ffffffff","sp":"000002c3","mi":"00000000","mask":"0000003f","cause":"10000000","sr":"2400ff01","dp":"00000008","type":1,"locked":0,"sp_due":"00000000","rsp":"80045dd8","rs":"00000012","rdp":"00000000","next":"80045d78","qvalid":0,"qcapacity":8,"thread":"80068f90","tasks":2}
PDOBS {"n":2040,"ev":"sp_write_after","pc":"80035fd8","count":"afaa6f46","frame":3,"a":"00000400","b":"ffffffff","sp":"000002c3","mi":"00000000","mask":"0000003f","cause":"10000000","sr":"2400ff01","dp":"00000008","type":1,"locked":0,"sp_due":"00000000","rsp":"80045dd8","rs":"00000012","rdp":"00000000","next":"80045d78","qvalid":0,"qcapacity":8,"thread":"80068f90","tasks":2}
PDOBS {"n":2041,"ev":"sp_write_before","pc":"80035fd8","count":"afc33030","frame":3,"a":"00000400","b":"ffffffff","sp":"000002c3","mi":"00000000","mask":"0000003f","cause":"10000000","sr":"2400ff01","dp":"00000008","type":1,"locked":0,"sp_due":"00000000","rsp":"80045dd8","rs":"00000012","rdp":"00000000","next":"80045d78","qvalid":0,"qcapacity":8,"thread":"80068f90","tasks":2}
PDOBS {"n":2042,"ev":"sp_write_after","pc":"80035fd8","count":"afc33030","frame":3,"a":"00000400","b":"ffffffff","sp":"000002c3","mi":"00000000","mask":"0000003f","cause":"10000000","sr":"2400ff01","dp":"00000008","type":1,"locked":0,"sp_due":"00000000","rsp":"80045dd8","rs":"00000012","rdp":"00000000","next":"80045d78","qvalid":0,"qcapacity":8,"thread":"80068f90","tasks":2}
PDOBS {"n":2043,"ev":"sp_write_before","pc":"80035fd8","count":"afdbf122","frame":3,"a":"00000400","b":"ffffffff","sp":"000002c3","mi":"00000000","mask":"0000003f","cause":"10000000","sr":"2400ff01","dp":"00000008","type":1,"locked":0,"sp_due":"00000000","rsp":"80045dd8","rs":"00000012","rdp":"00000000","next":"80045d78","qvalid":0,"qcapacity":8,"thread":"80068f90","tasks":2}
PDOBS {"n":2044,"ev":"sp_write_after","pc":"80035fd8","count":"afdbf122","frame":3,"a":"00000400","b":"ffffffff","sp":"000002c3","mi":"00000000","mask":"0000003f","cause":"10000000","sr":"2400ff01","dp":"00000008","type":1,"locked":0,"sp_due":"00000000","rsp":"80045dd8","rs":"00000012","rdp":"00000000","next":"80045d78","qvalid":0,"qcapacity":8,"thread":"80068f90","tasks":2}
PDOBS {"n":2045,"ev":"sp_write_before","pc":"80035fd8","count":"aff4b204","frame":3,"a":"00000400","b":"ffffffff","sp":"000002c3","mi":"00000000","mask":"0000003f","cause":"10000000","sr":"2400ff01","dp":"00000008","type":1,"locked":0,"sp_due":"00000000","rsp":"80045dd8","rs":"00000012","rdp":"00000000","next":"80045d78","qvalid":0,"qcapacity":8,"thread":"80068f90","tasks":2}
PDOBS {"n":2046,"ev":"sp_write_after","pc":"80035fd8","count":"aff4b204","frame":3,"a":"00000400","b":"ffffffff","sp":"000002c3","mi":"00000000","mask":"0000003f","cause":"10000000","sr":"2400ff01","dp":"00000008","type":1,"locked":0,"sp_due":"00000000","rsp":"80045dd8","rs":"00000012","rdp":"00000000","next":"80045d78","qvalid":0,"qcapacity":8,"thread":"80068f90","tasks":2}
PDOBS {"n":2047,"ev":"sp_write_before","pc":"80035fd8","count":"b00d72ee","frame":3,"a":"00000400","b":"ffffffff","sp":"000002c3","mi":"00000000","mask":"0000003f","cause":"10000000","sr":"2400ff01","dp":"00000008","type":1,"locked":0,"sp_due":"00000000","rsp":"80045dd8","rs":"00000012","rdp":"00000000","next":"80045d78","qvalid":0,"qcapacity":8,"thread":"80068f90","tasks":2}
PDOBS {"n":2048,"ev":"sp_write_after","pc":"80035fd8","count":"b00d72ee","frame":3,"a":"00000400","b":"ffffffff","sp":"000002c3","mi":"00000000","mask":"0000003f","cause":"10000000","sr":"2400ff01","dp":"00000008","type":1,"locked":0,"sp_due":"00000000","rsp":"80045dd8","rs":"00000012","rdp":"00000000","next":"80045d78","qvalid":0,"qcapacity":8,"thread":"80068f90","tasks":2}
PDOBS {"n":2049,"ev":"sp_write_before","pc":"80035fd8","count":"b02633d8","frame":3,"a":"00000400","b":"ffffffff","sp":"000002c3","mi":"00000000","mask":"0000003f","cause":"10000000","sr":"2400ff01","dp":"00000008","type":1,"locked":0,"sp_due":"00000000","rsp":"80045dd8","rs":"00000012","rdp":"00000000","next":"80045d78","qvalid":0,"qcapacity":8,"thread":"80068f90","tasks":2}
PDOBS {"n":2050,"ev":"sp_write_after","pc":"80035fd8","count":"b02633d8","frame":3,"a":"00000400","b":"ffffffff","sp":"000002c3","mi":"00000000","mask":"0000003f","cause":"10000000","sr":"2400ff01","dp":"00000008","type":1,"locked":0,"sp_due":"00000000","rsp":"80045dd8","rs":"00000012","rdp":"00000000","next":"80045d78","qvalid":0,"qcapacity":8,"thread":"80068f90","tasks":2}
PDOBS {"n":2051,"ev":"sp_write_before","pc":"80035fd8","count":"b03ef4c6","frame":3,"a":"00000400","b":"ffffffff","sp":"000002c3","mi":"00000000","mask":"0000003f","cause":"10000000","sr":"2400ff01","dp":"00000008","type":1,"locked":0,"sp_due":"00000000","rsp":"80045dd8","rs":"00000012","rdp":"00000000","next":"80045d78","qvalid":0,"qcapacity":8,"thread":"80068f90","tasks":2}
PDOBS {"n":2052,"ev":"sp_write_after","pc":"80035fd8","count":"b03ef4c6","frame":3,"a":"00000400","b":"ffffffff","sp":"000002c3","mi":"00000000","mask":"0000003f","cause":"10000000","sr":"2400ff01","dp":"00000008","type":1,"locked":0,"sp_due":"00000000","rsp":"80045dd8","rs":"00000012","rdp":"00000000","next":"80045d78","qvalid":0,"qcapacity":8,"thread":"80068f90","tasks":2}
PDOBS {"n":2053,"ev":"sp_write_before","pc":"80035fd8","count":"b057b5b0","frame":3,"a":"00000400","b":"ffffffff","sp":"000002c3","mi":"00000000","mask":"0000003f","cause":"10000000","sr":"2400ff01","dp":"00000008","type":1,"locked":0,"sp_due":"00000000","rsp":"80045dd8","rs":"00000012","rdp":"00000000","next":"80045d78","qvalid":0,"qcapacity":8,"thread":"80068f90","tasks":2}
PDOBS {"n":2054,"ev":"sp_write_after","pc":"80035fd8","count":"b057b5b0","frame":3,"a":"00000400","b":"ffffffff","sp":"000002c3","mi":"00000000","mask":"0000003f","cause":"10000000","sr":"2400ff01","dp":"00000008","type":1,"locked":0,"sp_due":"00000000","rsp":"80045dd8","rs":"00000012","rdp":"00000000","next":"80045d78","qvalid":0,"qcapacity":8,"thread":"80068f90","tasks":2}
PDOBS {"n":2055,"ev":"sp_write_before","pc":"80035fd8","count":"b0707696","frame":3,"a":"00000400","b":"ffffffff","sp":"000002c3","mi":"00000000","mask":"0000003f","cause":"10000000","sr":"2400ff01","dp":"00000008","type":1,"locked":0,"sp_due":"00000000","rsp":"80045dd8","rs":"00000012","rdp":"00000000","next":"80045d78","qvalid":0,"qcapacity":8,"thread":"80068f90","tasks":2}
PDOBS {"n":2056,"ev":"sp_write_after","pc":"80035fd8","count":"b0707696","frame":3,"a":"00000400","b":"ffffffff","sp":"000002c3","mi":"00000000","mask":"0000003f","cause":"10000000","sr":"2400ff01","dp":"00000008","type":1,"locked":0,"sp_due":"00000000","rsp":"80045dd8","rs":"00000012","rdp":"00000000","next":"80045d78","qvalid":0,"qcapacity":8,"thread":"80068f90","tasks":2}
PDOBS {"n":2057,"ev":"sp_write_before","pc":"80035fd8","count":"b0893780","frame":3,"a":"00000400","b":"ffffffff","sp":"000002c3","mi":"00000000","mask":"0000003f","cause":"10000000","sr":"2400ff01","dp":"00000008","type":1,"locked":0,"sp_due":"00000000","rsp":"80045dd8","rs":"00000012","rdp":"00000000","next":"80045d78","qvalid":0,"qcapacity":8,"thread":"80068f90","tasks":2}
PDOBS {"n":2058,"ev":"sp_write_after","pc":"80035fd8","count":"b0893780","frame":3,"a":"00000400","b":"ffffffff","sp":"000002c3","mi":"00000000","mask":"0000003f","cause":"10000000","sr":"2400ff01","dp":"00000008","type":1,"locked":0,"sp_due":"00000000","rsp":"80045dd8","rs":"00000012","rdp":"00000000","next":"80045d78","qvalid":0,"qcapacity":8,"thread":"80068f90","tasks":2}
PDOBS {"n":2059,"ev":"sp_write_before","pc":"80035fd8","count":"b0a1f86e","frame":3,"a":"00000400","b":"ffffffff","sp":"000002c3","mi":"00000000","mask":"0000003f","cause":"10000000","sr":"2400ff01","dp":"00000008","type":1,"locked":0,"sp_due":"00000000","rsp":"80045dd8","rs":"00000012","rdp":"00000000","next":"80045d78","qvalid":0,"qcapacity":8,"thread":"80068f90","tasks":2}
PDOBS {"n":2060,"ev":"sp_write_after","pc":"80035fd8","count":"b0a1f86e","frame":3,"a":"00000400","b":"ffffffff","sp":"000002c3","mi":"00000000","mask":"0000003f","cause":"10000000","sr":"2400ff01","dp":"00000008","type":1,"locked":0,"sp_due":"00000000","rsp":"80045dd8","rs":"00000012","rdp":"00000000","next":"80045d78","qvalid":0,"qcapacity":8,"thread":"80068f90","tasks":2}
PDOBS {"n":2061,"ev":"sp_write_before","pc":"80035fd8","count":"b0bab954","frame":3,"a":"00000400","b":"ffffffff","sp":"000002c3","mi":"00000000","mask":"0000003f","cause":"10000000","sr":"2400ff01","dp":"00000008","type":1,"locked":0,"sp_due":"00000000","rsp":"80045dd8","rs":"00000012","rdp":"00000000","next":"80045d78","qvalid":0,"qcapacity":8,"thread":"80068f90","tasks":2}
PDOBS {"n":2062,"ev":"sp_write_after","pc":"80035fd8","count":"b0bab954","frame":3,"a":"00000400","b":"ffffffff","sp":"000002c3","mi":"00000000","mask":"0000003f","cause":"10000000","sr":"2400ff01","dp":"00000008","type":1,"locked":0,"sp_due":"00000000","rsp":"80045dd8","rs":"00000012","rdp":"00000000","next":"80045d78","qvalid":0,"qcapacity":8,"thread":"80068f90","tasks":2}
PDOBS {"n":2063,"ev":"sp_write_before","pc":"80035fd8","count":"b0d37a42","frame":3,"a":"00000400","b":"ffffffff","sp":"000002c3","mi":"00000000","mask":"0000003f","cause":"10000000","sr":"2400ff01","dp":"00000008","type":1,"locked":0,"sp_due":"00000000","rsp":"80045dd8","rs":"00000012","rdp":"00000000","next":"80045d78","qvalid":0,"qcapacity":8,"thread":"80068f90","tasks":2}
PDOBS {"n":2064,"ev":"sp_write_after","pc":"80035fd8","count":"b0d37a42","frame":3,"a":"00000400","b":"ffffffff","sp":"000002c3","mi":"00000000","mask":"0000003f","cause":"10000000","sr":"2400ff01","dp":"00000008","type":1,"locked":0,"sp_due":"00000000","rsp":"80045dd8","rs":"00000012","rdp":"00000000","next":"80045d78","qvalid":0,"qcapacity":8,"thread":"80068f90","tasks":2}
PDOBS {"n":2065,"ev":"sp_write_before","pc":"80035fd8","count":"b0ec3b28","frame":3,"a":"00000400","b":"ffffffff","sp":"000002c3","mi":"00000000","mask":"0000003f","cause":"10000000","sr":"2400ff01","dp":"00000008","type":1,"locked":0,"sp_due":"00000000","rsp":"80045dd8","rs":"00000012","rdp":"00000000","next":"80045d78","qvalid":0,"qcapacity":8,"thread":"80068f90","tasks":2}
PDOBS {"n":2066,"ev":"sp_write_after","pc":"80035fd8","count":"b0ec3b28","frame":3,"a":"00000400","b":"ffffffff","sp":"000002c3","mi":"00000000","mask":"0000003f","cause":"10000000","sr":"2400ff01","dp":"00000008","type":1,"locked":0,"sp_due":"00000000","rsp":"80045dd8","rs":"00000012","rdp":"00000000","next":"80045d78","qvalid":0,"qcapacity":8,"thread":"80068f90","tasks":2}
PDOBS {"n":2067,"ev":"sp_write_before","pc":"80035fd8","count":"b104fc16","frame":3,"a":"00000400","b":"ffffffff","sp":"000002c3","mi":"00000000","mask":"0000003f","cause":"10000000","sr":"2400ff01","dp":"00000008","type":1,"locked":0,"sp_due":"00000000","rsp":"80045dd8","rs":"00000012","rdp":"00000000","next":"80045d78","qvalid":0,"qcapacity":8,"thread":"80068f90","tasks":2}
PDOBS {"n":2068,"ev":"sp_write_after","pc":"80035fd8","count":"b104fc16","frame":3,"a":"00000400","b":"ffffffff","sp":"000002c3","mi":"00000000","mask":"0000003f","cause":"10000000","sr":"2400ff01","dp":"00000008","type":1,"locked":0,"sp_due":"00000000","rsp":"80045dd8","rs":"00000012","rdp":"00000000","next":"80045d78","qvalid":0,"qcapacity":8,"thread":"80068f90","tasks":2}
PDOBS {"n":2069,"ev":"sp_write_before","pc":"80035fd8","count":"b11dbcfc","frame":3,"a":"00000400","b":"ffffffff","sp":"000002c3","mi":"00000000","mask":"0000003f","cause":"10000000","sr":"2400ff01","dp":"00000008","type":1,"locked":0,"sp_due":"00000000","rsp":"80045dd8","rs":"00000012","rdp":"00000000","next":"80045d78","qvalid":0,"qcapacity":8,"thread":"80068f90","tasks":2}
PDOBS {"n":2070,"ev":"sp_write_after","pc":"80035fd8","count":"b11dbcfc","frame":3,"a":"00000400","b":"ffffffff","sp":"000002c3","mi":"00000000","mask":"0000003f","cause":"10000000","sr":"2400ff01","dp":"00000008","type":1,"locked":0,"sp_due":"00000000","rsp":"80045dd8","rs":"00000012","rdp":"00000000","next":"80045d78","qvalid":0,"qcapacity":8,"thread":"80068f90","tasks":2}
PDOBS {"n":2071,"ev":"sp_write_before","pc":"80035fd8","count":"b1367de6","frame":3,"a":"00000400","b":"ffffffff","sp":"000002c3","mi":"00000000","mask":"0000003f","cause":"10000000","sr":"2400ff01","dp":"00000008","type":1,"locked":0,"sp_due":"00000000","rsp":"80045dd8","rs":"00000012","rdp":"00000000","next":"80045d78","qvalid":0,"qcapacity":8,"thread":"80068f90","tasks":2}
PDOBS {"n":2072,"ev":"sp_write_after","pc":"80035fd8","count":"b1367de6","frame":3,"a":"00000400","b":"ffffffff","sp":"000002c3","mi":"00000000","mask":"0000003f","cause":"10000000","sr":"2400ff01","dp":"00000008","type":1,"locked":0,"sp_due":"00000000","rsp":"80045dd8","rs":"00000012","rdp":"00000000","next":"80045d78","qvalid":0,"qcapacity":8,"thread":"80068f90","tasks":2}
PDOBS {"n":2073,"ev":"sp_write_before","pc":"80035fd8","count":"b14f3ed4","frame":3,"a":"00000400","b":"ffffffff","sp":"000002c3","mi":"00000000","mask":"0000003f","cause":"10000000","sr":"2400ff01","dp":"00000008","type":1,"locked":0,"sp_due":"00000000","rsp":"80045dd8","rs":"00000012","rdp":"00000000","next":"80045d78","qvalid":0,"qcapacity":8,"thread":"80068f90","tasks":2}
PDOBS {"n":2074,"ev":"sp_write_after","pc":"80035fd8","count":"b14f3ed4","frame":3,"a":"00000400","b":"ffffffff","sp":"000002c3","mi":"00000000","mask":"0000003f","cause":"10000000","sr":"2400ff01","dp":"00000008","type":1,"locked":0,"sp_due":"00000000","rsp":"80045dd8","rs":"00000012","rdp":"00000000","next":"80045d78","qvalid":0,"qcapacity":8,"thread":"80068f90","tasks":2}
PDOBS {"n":2075,"ev":"sp_write_before","pc":"80035fd8","count":"b167ffbe","frame":3,"a":"00000400","b":"ffffffff","sp":"000002c3","mi":"00000000","mask":"0000003f","cause":"10000000","sr":"2400ff01","dp":"00000008","type":1,"locked":0,"sp_due":"00000000","rsp":"80045dd8","rs":"00000012","rdp":"00000000","next":"80045d78","qvalid":0,"qcapacity":8,"thread":"80068f90","tasks":2}
PDOBS {"n":2076,"ev":"sp_write_after","pc":"80035fd8","count":"b167ffbe","frame":3,"a":"00000400","b":"ffffffff","sp":"000002c3","mi":"00000000","mask":"0000003f","cause":"10000000","sr":"2400ff01","dp":"00000008","type":1,"locked":0,"sp_due":"00000000","rsp":"80045dd8","rs":"00000012","rdp":"00000000","next":"80045d78","qvalid":0,"qcapacity":8,"thread":"80068f90","tasks":2}
PDOBS {"n":2077,"ev":"sp_write_before","pc":"80035fd8","count":"b180c0a4","frame":3,"a":"00000400","b":"ffffffff","sp":"000002c3","mi":"00000000","mask":"0000003f","cause":"10000000","sr":"2400ff01","dp":"00000008","type":1,"locked":0,"sp_due":"00000000","rsp":"80045dd8","rs":"00000012","rdp":"00000000","next":"80045d78","qvalid":0,"qcapacity":8,"thread":"80068f90","tasks":2}
PDOBS {"n":2078,"ev":"sp_write_after","pc":"80035fd8","count":"b180c0a4","frame":3,"a":"00000400","b":"ffffffff","sp":"000002c3","mi":"00000000","mask":"0000003f","cause":"10000000","sr":"2400ff01","dp":"00000008","type":1,"locked":0,"sp_due":"00000000","rsp":"80045dd8","rs":"00000012","rdp":"00000000","next":"80045d78","qvalid":0,"qcapacity":8,"thread":"80068f90","tasks":2}
PDOBS {"n":2079,"ev":"sp_write_before","pc":"80035fd8","count":"b199818e","frame":3,"a":"00000400","b":"ffffffff","sp":"000002c3","mi":"00000000","mask":"0000003f","cause":"10000000","sr":"2400ff01","dp":"00000008","type":1,"locked":0,"sp_due":"00000000","rsp":"80045dd8","rs":"00000012","rdp":"00000000","next":"80045d78","qvalid":0,"qcapacity":8,"thread":"80068f90","tasks":2}
PDOBS {"n":2080,"ev":"sp_write_after","pc":"80035fd8","count":"b199818e","frame":3,"a":"00000400","b":"ffffffff","sp":"000002c3","mi":"00000000","mask":"0000003f","cause":"10000000","sr":"2400ff01","dp":"00000008","type":1,"locked":0,"sp_due":"00000000","rsp":"80045dd8","rs":"00000012","rdp":"00000000","next":"80045d78","qvalid":0,"qcapacity":8,"thread":"80068f90","tasks":2}
PDOBS {"n":2081,"ev":"sp_write_before","pc":"80035fd8","count":"b1b24278","frame":3,"a":"00000400","b":"ffffffff","sp":"000002c3","mi":"00000000","mask":"0000003f","cause":"10000000","sr":"2400ff01","dp":"00000008","type":1,"locked":0,"sp_due":"00000000","rsp":"80045dd8","rs":"00000012","rdp":"00000000","next":"80045d78","qvalid":0,"qcapacity":8,"thread":"80068f90","tasks":2}
PDOBS {"n":2082,"ev":"sp_write_after","pc":"80035fd8","count":"b1b24278","frame":3,"a":"00000400","b":"ffffffff","sp":"000002c3","mi":"00000000","mask":"0000003f","cause":"10000000","sr":"2400ff01","dp":"00000008","type":1,"locked":0,"sp_due":"00000000","rsp":"80045dd8","rs":"00000012","rdp":"00000000","next":"80045d78","qvalid":0,"qcapacity":8,"thread":"80068f90","tasks":2}
PDOBS {"n":2083,"ev":"sp_write_before","pc":"80035fd8","count":"b1cb036a","frame":3,"a":"00000400","b":"ffffffff","sp":"000002c3","mi":"00000000","mask":"0000003f","cause":"10000000","sr":"2400ff01","dp":"00000008","type":1,"locked":0,"sp_due":"00000000","rsp":"80045dd8","rs":"00000012","rdp":"00000000","next":"80045d78","qvalid":0,"qcapacity":8,"thread":"80068f90","tasks":2}
PDOBS {"n":2084,"ev":"sp_write_after","pc":"80035fd8","count":"b1cb036a","frame":3,"a":"00000400","b":"ffffffff","sp":"000002c3","mi":"00000000","mask":"0000003f","cause":"10000000","sr":"2400ff01","dp":"00000008","type":1,"locked":0,"sp_due":"00000000","rsp":"80045dd8","rs":"00000012","rdp":"00000000","next":"80045d78","qvalid":0,"qcapacity":8,"thread":"80068f90","tasks":2}
PDOBS {"n":2085,"ev":"sp_write_before","pc":"80035fd8","count":"b1e3c44c","frame":3,"a":"00000400","b":"ffffffff","sp":"000002c3","mi":"00000000","mask":"0000003f","cause":"10000000","sr":"2400ff01","dp":"00000008","type":1,"locked":0,"sp_due":"00000000","rsp":"80045dd8","rs":"00000012","rdp":"00000000","next":"80045d78","qvalid":0,"qcapacity":8,"thread":"80068f90","tasks":2}
PDOBS {"n":2086,"ev":"sp_write_after","pc":"80035fd8","count":"b1e3c44c","frame":3,"a":"00000400","b":"ffffffff","sp":"000002c3","mi":"00000000","mask":"0000003f","cause":"10000000","sr":"2400ff01","dp":"00000008","type":1,"locked":0,"sp_due":"00000000","rsp":"80045dd8","rs":"00000012","rdp":"00000000","next":"80045d78","qvalid":0,"qcapacity":8,"thread":"80068f90","tasks":2}
PDOBS {"n":2087,"ev":"sp_write_before","pc":"80035fd8","count":"b1fc8536","frame":3,"a":"00000400","b":"ffffffff","sp":"000002c3","mi":"00000000","mask":"0000003f","cause":"10000000","sr":"2400ff01","dp":"00000008","type":1,"locked":0,"sp_due":"00000000","rsp":"80045dd8","rs":"00000012","rdp":"00000000","next":"80045d78","qvalid":0,"qcapacity":8,"thread":"80068f90","tasks":2}
PDOBS {"n":2088,"ev":"sp_write_after","pc":"80035fd8","count":"b1fc8536","frame":3,"a":"00000400","b":"ffffffff","sp":"000002c3","mi":"00000000","mask":"0000003f","cause":"10000000","sr":"2400ff01","dp":"00000008","type":1,"locked":0,"sp_due":"00000000","rsp":"80045dd8","rs":"00000012","rdp":"00000000","next":"80045d78","qvalid":0,"qcapacity":8,"thread":"80068f90","tasks":2}
PDOBS {"n":2089,"ev":"sp_write_before","pc":"80035fd8","count":"b2154620","frame":3,"a":"00000400","b":"ffffffff","sp":"000002c3","mi":"00000000","mask":"0000003f","cause":"10000000","sr":"2400ff01","dp":"00000008","type":1,"locked":0,"sp_due":"00000000","rsp":"80045dd8","rs":"00000012","rdp":"00000000","next":"80045d78","qvalid":0,"qcapacity":8,"thread":"80068f90","tasks":2}
PDOBS {"n":2090,"ev":"sp_write_after","pc":"80035fd8","count":"b2154620","frame":3,"a":"00000400","b":"ffffffff","sp":"000002c3","mi":"00000000","mask":"0000003f","cause":"10000000","sr":"2400ff01","dp":"00000008","type":1,"locked":0,"sp_due":"00000000","rsp":"80045dd8","rs":"00000012","rdp":"00000000","next":"80045d78","qvalid":0,"qcapacity":8,"thread":"80068f90","tasks":2}
PDOBS {"n":2091,"ev":"sp_write_before","pc":"80035fd8","count":"b22e070e","frame":3,"a":"00000400","b":"ffffffff","sp":"000002c3","mi":"00000000","mask":"0000003f","cause":"10000000","sr":"2400ff01","dp":"00000008","type":1,"locked":0,"sp_due":"00000000","rsp":"80045dd8","rs":"00000012","rdp":"00000000","next":"80045d78","qvalid":0,"qcapacity":8,"thread":"80068f90","tasks":2}
PDOBS {"n":2092,"ev":"sp_write_after","pc":"80035fd8","count":"b22e070e","frame":3,"a":"00000400","b":"ffffffff","sp":"000002c3","mi":"00000000","mask":"0000003f","cause":"10000000","sr":"2400ff01","dp":"00000008","type":1,"locked":0,"sp_due":"00000000","rsp":"80045dd8","rs":"00000012","rdp":"00000000","next":"80045d78","qvalid":0,"qcapacity":8,"thread":"80068f90","tasks":2}
PDOBS {"n":2093,"ev":"sp_write_before","pc":"80035fd8","count":"b246c7f8","frame":3,"a":"00000400","b":"ffffffff","sp":"000002c3","mi":"00000000","mask":"0000003f","cause":"10000000","sr":"2400ff01","dp":"00000008","type":1,"locked":0,"sp_due":"00000000","rsp":"80045dd8","rs":"00000012","rdp":"00000000","next":"80045d78","qvalid":0,"qcapacity":8,"thread":"80068f90","tasks":2}
PDOBS {"n":2094,"ev":"sp_write_after","pc":"80035fd8","count":"b246c7f8","frame":3,"a":"00000400","b":"ffffffff","sp":"000002c3","mi":"00000000","mask":"0000003f","cause":"10000000","sr":"2400ff01","dp":"00000008","type":1,"locked":0,"sp_due":"00000000","rsp":"80045dd8","rs":"00000012","rdp":"00000000","next":"80045d78","qvalid":0,"qcapacity":8,"thread":"80068f90","tasks":2}
PDOBS {"n":2095,"ev":"sp_write_before","pc":"80035fd8","count":"b25f88de","frame":3,"a":"00000400","b":"ffffffff","sp":"000002c3","mi":"00000000","mask":"0000003f","cause":"10000000","sr":"2400ff01","dp":"00000008","type":1,"locked":0,"sp_due":"00000000","rsp":"80045dd8","rs":"00000012","rdp":"00000000","next":"80045d78","qvalid":0,"qcapacity":8,"thread":"80068f90","tasks":2}
PDOBS {"n":2096,"ev":"sp_write_after","pc":"80035fd8","count":"b25f88de","frame":3,"a":"00000400","b":"ffffffff","sp":"000002c3","mi":"00000000","mask":"0000003f","cause":"10000000","sr":"2400ff01","dp":"00000008","type":1,"locked":0,"sp_due":"00000000","rsp":"80045dd8","rs":"00000012","rdp":"00000000","next":"80045d78","qvalid":0,"qcapacity":8,"thread":"80068f90","tasks":2}
PDOBS {"n":2097,"ev":"sp_write_before","pc":"80035fd8","count":"b27849c8","frame":3,"a":"00000400","b":"ffffffff","sp":"000002c3","mi":"00000000","mask":"0000003f","cause":"10000000","sr":"2400ff01","dp":"00000008","type":1,"locked":0,"sp_due":"00000000","rsp":"80045dd8","rs":"00000012","rdp":"00000000","next":"80045d78","qvalid":0,"qcapacity":8,"thread":"80068f90","tasks":2}
PDOBS {"n":2098,"ev":"sp_write_after","pc":"80035fd8","count":"b27849c8","frame":3,"a":"00000400","b":"ffffffff","sp":"000002c3","mi":"00000000","mask":"0000003f","cause":"10000000","sr":"2400ff01","dp":"00000008","type":1,"locked":0,"sp_due":"00000000","rsp":"80045dd8","rs":"00000012","rdp":"00000000","next":"80045d78","qvalid":0,"qcapacity":8,"thread":"80068f90","tasks":2}
PDOBS {"n":2099,"ev":"sp_write_before","pc":"80035fd8","count":"b2910ab6","frame":3,"a":"00000400","b":"ffffffff","sp":"000002c3","mi":"00000000","mask":"0000003f","cause":"10000000","sr":"2400ff01","dp":"00000008","type":1,"locked":0,"sp_due":"00000000","rsp":"80045dd8","rs":"00000012","rdp":"00000000","next":"80045d78","qvalid":0,"qcapacity":8,"thread":"80068f90","tasks":2}
PDOBS {"n":2100,"ev":"sp_write_after","pc":"80035fd8","count":"b2910ab6","frame":3,"a":"00000400","b":"ffffffff","sp":"000002c3","mi":"00000000","mask":"0000003f","cause":"10000000","sr":"2400ff01","dp":"00000008","type":1,"locked":0,"sp_due":"00000000","rsp":"80045dd8","rs":"00000012","rdp":"00000000","next":"80045d78","qvalid":0,"qcapacity":8,"thread":"80068f90","tasks":2}
PDOBS {"n":2101,"ev":"sp_write_before","pc":"80035fd8","count":"b2a9cb9c","frame":3,"a":"00000400","b":"ffffffff","sp":"000002c3","mi":"00000000","mask":"0000003f","cause":"10000000","sr":"2400ff01","dp":"00000008","type":1,"locked":0,"sp_due":"00000000","rsp":"80045dd8","rs":"00000012","rdp":"00000000","next":"80045d78","qvalid":0,"qcapacity":8,"thread":"80068f90","tasks":2}
PDOBS {"n":2102,"ev":"sp_write_after","pc":"80035fd8","count":"b2a9cb9c","frame":3,"a":"00000400","b":"ffffffff","sp":"000002c3","mi":"00000000","mask":"0000003f","cause":"10000000","sr":"2400ff01","dp":"00000008","type":1,"locked":0,"sp_due":"00000000","rsp":"80045dd8","rs":"00000012","rdp":"00000000","next":"80045d78","qvalid":0,"qcapacity":8,"thread":"80068f90","tasks":2}
PDOBS {"n":2103,"ev":"sp_write_before","pc":"80035fd8","count":"b2c28c8a","frame":3,"a":"00000400","b":"ffffffff","sp":"000002c3","mi":"00000000","mask":"0000003f","cause":"10000000","sr":"2400ff01","dp":"00000008","type":1,"locked":0,"sp_due":"00000000","rsp":"80045dd8","rs":"00000012","rdp":"00000000","next":"80045d78","qvalid":0,"qcapacity":8,"thread":"80068f90","tasks":2}
PDOBS {"n":2104,"ev":"sp_write_after","pc":"80035fd8","count":"b2c28c8a","frame":3,"a":"00000400","b":"ffffffff","sp":"000002c3","mi":"00000000","mask":"0000003f","cause":"10000000","sr":"2400ff01","dp":"00000008","type":1,"locked":0,"sp_due":"00000000","rsp":"80045dd8","rs":"00000012","rdp":"00000000","next":"80045d78","qvalid":0,"qcapacity":8,"thread":"80068f90","tasks":2}
PDOBS {"n":2105,"ev":"sp_write_before","pc":"80035fd8","count":"b2db4d70","frame":3,"a":"00000400","b":"ffffffff","sp":"000002c3","mi":"00000000","mask":"0000003f","cause":"10000000","sr":"2400ff01","dp":"00000008","type":1,"locked":0,"sp_due":"00000000","rsp":"80045dd8","rs":"00000012","rdp":"00000000","next":"80045d78","qvalid":0,"qcapacity":8,"thread":"80068f90","tasks":2}
PDOBS {"n":2106,"ev":"sp_write_after","pc":"80035fd8","count":"b2db4d70","frame":3,"a":"00000400","b":"ffffffff","sp":"000002c3","mi":"00000000","mask":"0000003f","cause":"10000000","sr":"2400ff01","dp":"00000008","type":1,"locked":0,"sp_due":"00000000","rsp":"80045dd8","rs":"00000012","rdp":"00000000","next":"80045d78","qvalid":0,"qcapacity":8,"thread":"80068f90","tasks":2}
PDOBS {"n":2107,"ev":"sp_write_before","pc":"80035fd8","count":"b2f40e5e","frame":3,"a":"00000400","b":"ffffffff","sp":"000002c3","mi":"00000000","mask":"0000003f","cause":"10000000","sr":"2400ff01","dp":"00000008","type":1,"locked":0,"sp_due":"00000000","rsp":"80045dd8","rs":"00000012","rdp":"00000000","next":"80045d78","qvalid":0,"qcapacity":8,"thread":"80068f90","tasks":2}
PDOBS {"n":2108,"ev":"sp_write_after","pc":"80035fd8","count":"b2f40e5e","frame":3,"a":"00000400","b":"ffffffff","sp":"000002c3","mi":"00000000","mask":"0000003f","cause":"10000000","sr":"2400ff01","dp":"00000008","type":1,"locked":0,"sp_due":"00000000","rsp":"80045dd8","rs":"00000012","rdp":"00000000","next":"80045d78","qvalid":0,"qcapacity":8,"thread":"80068f90","tasks":2}
PDOBS {"n":2109,"ev":"sp_write_before","pc":"80035fd8","count":"b30ccf44","frame":3,"a":"00000400","b":"ffffffff","sp":"000002c3","mi":"00000000","mask":"0000003f","cause":"10000000","sr":"2400ff01","dp":"00000008","type":1,"locked":0,"sp_due":"00000000","rsp":"80045dd8","rs":"00000012","rdp":"00000000","next":"80045d78","qvalid":0,"qcapacity":8,"thread":"80068f90","tasks":2}
PDOBS {"n":2110,"ev":"sp_write_after","pc":"80035fd8","count":"b30ccf44","frame":3,"a":"00000400","b":"ffffffff","sp":"000002c3","mi":"00000000","mask":"0000003f","cause":"10000000","sr":"2400ff01","dp":"00000008","type":1,"locked":0,"sp_due":"00000000","rsp":"80045dd8","rs":"00000012","rdp":"00000000","next":"80045d78","qvalid":0,"qcapacity":8,"thread":"80068f90","tasks":2}
PDOBS {"n":2111,"ev":"sp_write_before","pc":"80035fd8","count":"b325902e","frame":3,"a":"00000400","b":"ffffffff","sp":"000002c3","mi":"00000000","mask":"0000003f","cause":"10000000","sr":"2400ff01","dp":"00000008","type":1,"locked":0,"sp_due":"00000000","rsp":"80045dd8","rs":"00000012","rdp":"00000000","next":"80045d78","qvalid":0,"qcapacity":8,"thread":"80068f90","tasks":2}
PDOBS {"n":2112,"ev":"sp_write_after","pc":"80035fd8","count":"b325902e","frame":3,"a":"00000400","b":"ffffffff","sp":"000002c3","mi":"00000000","mask":"0000003f","cause":"10000000","sr":"2400ff01","dp":"00000008","type":1,"locked":0,"sp_due":"00000000","rsp":"80045dd8","rs":"00000012","rdp":"00000000","next":"80045d78","qvalid":0,"qcapacity":8,"thread":"80068f90","tasks":2}
PDOBS {"n":2113,"ev":"sp_write_before","pc":"80035fd8","count":"b33e511c","frame":3,"a":"00000400","b":"ffffffff","sp":"000002c3","mi":"00000000","mask":"0000003f","cause":"10000000","sr":"2400ff01","dp":"00000008","type":1,"locked":0,"sp_due":"00000000","rsp":"80045dd8","rs":"00000012","rdp":"00000000","next":"80045d78","qvalid":0,"qcapacity":8,"thread":"80068f90","tasks":2}
PDOBS {"n":2114,"ev":"sp_write_after","pc":"80035fd8","count":"b33e511c","frame":3,"a":"00000400","b":"ffffffff","sp":"000002c3","mi":"00000000","mask":"0000003f","cause":"10000000","sr":"2400ff01","dp":"00000008","type":1,"locked":0,"sp_due":"00000000","rsp":"80045dd8","rs":"00000012","rdp":"00000000","next":"80045d78","qvalid":0,"qcapacity":8,"thread":"80068f90","tasks":2}
PDOBS {"n":2115,"ev":"sp_write_before","pc":"80035fd8","count":"b3571206","frame":3,"a":"00000400","b":"ffffffff","sp":"000002c3","mi":"00000000","mask":"0000003f","cause":"10000000","sr":"2400ff01","dp":"00000008","type":1,"locked":0,"sp_due":"00000000","rsp":"80045dd8","rs":"00000012","rdp":"00000000","next":"80045d78","qvalid":0,"qcapacity":8,"thread":"80068f90","tasks":2}
PDOBS {"n":2116,"ev":"sp_write_after","pc":"80035fd8","count":"b3571206","frame":3,"a":"00000400","b":"ffffffff","sp":"000002c3","mi":"00000000","mask":"0000003f","cause":"10000000","sr":"2400ff01","dp":"00000008","type":1,"locked":0,"sp_due":"00000000","rsp":"80045dd8","rs":"00000012","rdp":"00000000","next":"80045d78","qvalid":0,"qcapacity":8,"thread":"80068f90","tasks":2}
PDOBS {"n":2117,"ev":"sp_write_before","pc":"80035fd8","count":"b36fd2ec","frame":3,"a":"00000400","b":"ffffffff","sp":"000002c3","mi":"00000000","mask":"0000003f","cause":"10000000","sr":"2400ff01","dp":"00000008","type":1,"locked":0,"sp_due":"00000000","rsp":"80045dd8","rs":"00000012","rdp":"00000000","next":"80045d78","qvalid":0,"qcapacity":8,"thread":"80068f90","tasks":2}
PDOBS {"n":2118,"ev":"sp_write_after","pc":"80035fd8","count":"b36fd2ec","frame":3,"a":"00000400","b":"ffffffff","sp":"000002c3","mi":"00000000","mask":"0000003f","cause":"10000000","sr":"2400ff01","dp":"00000008","type":1,"locked":0,"sp_due":"00000000","rsp":"80045dd8","rs":"00000012","rdp":"00000000","next":"80045d78","qvalid":0,"qcapacity":8,"thread":"80068f90","tasks":2}
PDOBS {"n":2119,"ev":"sp_write_before","pc":"80035fd8","count":"b38893d6","frame":3,"a":"00000400","b":"ffffffff","sp":"000002c3","mi":"00000000","mask":"0000003f","cause":"10000000","sr":"2400ff01","dp":"00000008","type":1,"locked":0,"sp_due":"00000000","rsp":"80045dd8","rs":"00000012","rdp":"00000000","next":"80045d78","qvalid":0,"qcapacity":8,"thread":"80068f90","tasks":2}
PDOBS {"n":2120,"ev":"sp_write_after","pc":"80035fd8","count":"b38893d6","frame":3,"a":"00000400","b":"ffffffff","sp":"000002c3","mi":"00000000","mask":"0000003f","cause":"10000000","sr":"2400ff01","dp":"00000008","type":1,"locked":0,"sp_due":"00000000","rsp":"80045dd8","rs":"00000012","rdp":"00000000","next":"80045d78","qvalid":0,"qcapacity":8,"thread":"80068f90","tasks":2}
PDOBS {"n":2121,"ev":"sp_write_before","pc":"80035fd8","count":"b3a154c0","frame":3,"a":"00000400","b":"ffffffff","sp":"000002c3","mi":"00000000","mask":"0000003f","cause":"10000000","sr":"2400ff01","dp":"00000008","type":1,"locked":0,"sp_due":"00000000","rsp":"80045dd8","rs":"00000012","rdp":"00000000","next":"80045d78","qvalid":0,"qcapacity":8,"thread":"80068f90","tasks":2}
PDOBS {"n":2122,"ev":"sp_write_after","pc":"80035fd8","count":"b3a154c0","frame":3,"a":"00000400","b":"ffffffff","sp":"000002c3","mi":"00000000","mask":"0000003f","cause":"10000000","sr":"2400ff01","dp":"00000008","type":1,"locked":0,"sp_due":"00000000","rsp":"80045dd8","rs":"00000012","rdp":"00000000","next":"80045d78","qvalid":0,"qcapacity":8,"thread":"80068f90","tasks":2}
PDOBS {"n":2123,"ev":"sp_write_before","pc":"80035fd8","count":"b3ba15b2","frame":3,"a":"00000400","b":"ffffffff","sp":"000002c3","mi":"00000000","mask":"0000003f","cause":"10000000","sr":"2400ff01","dp":"00000008","type":1,"locked":0,"sp_due":"00000000","rsp":"80045dd8","rs":"00000012","rdp":"00000000","next":"80045d78","qvalid":0,"qcapacity":8,"thread":"80068f90","tasks":2}
PDOBS {"n":2124,"ev":"sp_write_after","pc":"80035fd8","count":"b3ba15b2","frame":3,"a":"00000400","b":"ffffffff","sp":"000002c3","mi":"00000000","mask":"0000003f","cause":"10000000","sr":"2400ff01","dp":"00000008","type":1,"locked":0,"sp_due":"00000000","rsp":"80045dd8","rs":"00000012","rdp":"00000000","next":"80045d78","qvalid":0,"qcapacity":8,"thread":"80068f90","tasks":2}
PDOBS {"n":2125,"ev":"sp_write_before","pc":"80035fd8","count":"b3d2d694","frame":3,"a":"00000400","b":"ffffffff","sp":"000002c3","mi":"00000000","mask":"0000003f","cause":"10000000","sr":"2400ff01","dp":"00000008","type":1,"locked":0,"sp_due":"00000000","rsp":"80045dd8","rs":"00000012","rdp":"00000000","next":"80045d78","qvalid":0,"qcapacity":8,"thread":"80068f90","tasks":2}
PDOBS {"n":2126,"ev":"sp_write_after","pc":"80035fd8","count":"b3d2d694","frame":3,"a":"00000400","b":"ffffffff","sp":"000002c3","mi":"00000000","mask":"0000003f","cause":"10000000","sr":"2400ff01","dp":"00000008","type":1,"locked":0,"sp_due":"00000000","rsp":"80045dd8","rs":"00000012","rdp":"00000000","next":"80045d78","qvalid":0,"qcapacity":8,"thread":"80068f90","tasks":2}
PDOBS {"n":2127,"ev":"sp_write_before","pc":"80035fd8","count":"b3eb977e","frame":3,"a":"00000400","b":"ffffffff","sp":"000002c3","mi":"00000000","mask":"0000003f","cause":"10000000","sr":"2400ff01","dp":"00000008","type":1,"locked":0,"sp_due":"00000000","rsp":"80045dd8","rs":"00000012","rdp":"00000000","next":"80045d78","qvalid":0,"qcapacity":8,"thread":"80068f90","tasks":2}
PDOBS {"n":2128,"ev":"sp_write_after","pc":"80035fd8","count":"b3eb977e","frame":3,"a":"00000400","b":"ffffffff","sp":"000002c3","mi":"00000000","mask":"0000003f","cause":"10000000","sr":"2400ff01","dp":"00000008","type":1,"locked":0,"sp_due":"00000000","rsp":"80045dd8","rs":"00000012","rdp":"00000000","next":"80045d78","qvalid":0,"qcapacity":8,"thread":"80068f90","tasks":2}
PDOBS {"n":2129,"ev":"sp_write_before","pc":"80035fd8","count":"b4045868","frame":3,"a":"00000400","b":"ffffffff","sp":"000002c3","mi":"00000000","mask":"0000003f","cause":"10000000","sr":"2400ff01","dp":"00000008","type":1,"locked":0,"sp_due":"00000000","rsp":"80045dd8","rs":"00000012","rdp":"00000000","next":"80045d78","qvalid":0,"qcapacity":8,"thread":"80068f90","tasks":2}
PDOBS {"n":2130,"ev":"sp_write_after","pc":"80035fd8","count":"b4045868","frame":3,"a":"00000400","b":"ffffffff","sp":"000002c3","mi":"00000000","mask":"0000003f","cause":"10000000","sr":"2400ff01","dp":"00000008","type":1,"locked":0,"sp_due":"00000000","rsp":"80045dd8","rs":"00000012","rdp":"00000000","next":"80045d78","qvalid":0,"qcapacity":8,"thread":"80068f90","tasks":2}
PDOBS {"n":2131,"ev":"sp_write_before","pc":"80035fd8","count":"b41d1956","frame":3,"a":"00000400","b":"ffffffff","sp":"000002c3","mi":"00000000","mask":"0000003f","cause":"10000000","sr":"2400ff01","dp":"00000008","type":1,"locked":0,"sp_due":"00000000","rsp":"80045dd8","rs":"00000012","rdp":"00000000","next":"80045d78","qvalid":0,"qcapacity":8,"thread":"80068f90","tasks":2}
PDOBS {"n":2132,"ev":"sp_write_after","pc":"80035fd8","count":"b41d1956","frame":3,"a":"00000400","b":"ffffffff","sp":"000002c3","mi":"00000000","mask":"0000003f","cause":"10000000","sr":"2400ff01","dp":"00000008","type":1,"locked":0,"sp_due":"00000000","rsp":"80045dd8","rs":"00000012","rdp":"00000000","next":"80045d78","qvalid":0,"qcapacity":8,"thread":"80068f90","tasks":2}
PDOBS {"n":2133,"ev":"sp_write_before","pc":"80035fd8","count":"b435da40","frame":3,"a":"00000400","b":"ffffffff","sp":"000002c3","mi":"00000000","mask":"0000003f","cause":"10000000","sr":"2400ff01","dp":"00000008","type":1,"locked":0,"sp_due":"00000000","rsp":"80045dd8","rs":"00000012","rdp":"00000000","next":"80045d78","qvalid":0,"qcapacity":8,"thread":"80068f90","tasks":2}
PDOBS {"n":2134,"ev":"sp_write_after","pc":"80035fd8","count":"b435da40","frame":3,"a":"00000400","b":"ffffffff","sp":"000002c3","mi":"00000000","mask":"0000003f","cause":"10000000","sr":"2400ff01","dp":"00000008","type":1,"locked":0,"sp_due":"00000000","rsp":"80045dd8","rs":"00000012","rdp":"00000000","next":"80045d78","qvalid":0,"qcapacity":8,"thread":"80068f90","tasks":2}
PDOBS {"n":2135,"ev":"sp_write_before","pc":"80035fd8","count":"b44e9b26","frame":3,"a":"00000400","b":"ffffffff","sp":"000002c3","mi":"00000000","mask":"0000003f","cause":"10000000","sr":"2400ff01","dp":"00000008","type":1,"locked":0,"sp_due":"00000000","rsp":"80045dd8","rs":"00000012","rdp":"00000000","next":"80045d78","qvalid":0,"qcapacity":8,"thread":"80068f90","tasks":2}
PDOBS {"n":2136,"ev":"sp_write_after","pc":"80035fd8","count":"b44e9b26","frame":3,"a":"00000400","b":"ffffffff","sp":"000002c3","mi":"00000000","mask":"0000003f","cause":"10000000","sr":"2400ff01","dp":"00000008","type":1,"locked":0,"sp_due":"00000000","rsp":"80045dd8","rs":"00000012","rdp":"00000000","next":"80045d78","qvalid":0,"qcapacity":8,"thread":"80068f90","tasks":2}
PDOBS {"n":2137,"ev":"sp_write_before","pc":"80035fd8","count":"b4675c10","frame":3,"a":"00000400","b":"ffffffff","sp":"000002c3","mi":"00000000","mask":"0000003f","cause":"10000000","sr":"2400ff01","dp":"00000008","type":1,"locked":0,"sp_due":"00000000","rsp":"80045dd8","rs":"00000012","rdp":"00000000","next":"80045d78","qvalid":0,"qcapacity":8,"thread":"80068f90","tasks":2}
PDOBS {"n":2138,"ev":"sp_write_after","pc":"80035fd8","count":"b4675c10","frame":3,"a":"00000400","b":"ffffffff","sp":"000002c3","mi":"00000000","mask":"0000003f","cause":"10000000","sr":"2400ff01","dp":"00000008","type":1,"locked":0,"sp_due":"00000000","rsp":"80045dd8","rs":"00000012","rdp":"00000000","next":"80045d78","qvalid":0,"qcapacity":8,"thread":"80068f90","tasks":2}
PDOBS {"n":2139,"ev":"sp_write_before","pc":"80035fd8","count":"b4801cfe","frame":3,"a":"00000400","b":"ffffffff","sp":"000002c3","mi":"00000000","mask":"0000003f","cause":"10000000","sr":"2400ff01","dp":"00000008","type":1,"locked":0,"sp_due":"00000000","rsp":"80045dd8","rs":"00000012","rdp":"00000000","next":"80045d78","qvalid":0,"qcapacity":8,"thread":"80068f90","tasks":2}
PDOBS {"n":2140,"ev":"sp_write_after","pc":"80035fd8","count":"b4801cfe","frame":3,"a":"00000400","b":"ffffffff","sp":"000002c3","mi":"00000000","mask":"0000003f","cause":"10000000","sr":"2400ff01","dp":"00000008","type":1,"locked":0,"sp_due":"00000000","rsp":"80045dd8","rs":"00000012","rdp":"00000000","next":"80045d78","qvalid":0,"qcapacity":8,"thread":"80068f90","tasks":2}
PDOBS {"n":2141,"ev":"sp_write_before","pc":"80035fd8","count":"b498dde4","frame":3,"a":"00000400","b":"ffffffff","sp":"000002c3","mi":"00000000","mask":"0000003f","cause":"10000000","sr":"2400ff01","dp":"00000008","type":1,"locked":0,"sp_due":"00000000","rsp":"80045dd8","rs":"00000012","rdp":"00000000","next":"80045d78","qvalid":0,"qcapacity":8,"thread":"80068f90","tasks":2}
PDOBS {"n":2142,"ev":"sp_write_after","pc":"80035fd8","count":"b498dde4","frame":3,"a":"00000400","b":"ffffffff","sp":"000002c3","mi":"00000000","mask":"0000003f","cause":"10000000","sr":"2400ff01","dp":"00000008","type":1,"locked":0,"sp_due":"00000000","rsp":"80045dd8","rs":"00000012","rdp":"00000000","next":"80045d78","qvalid":0,"qcapacity":8,"thread":"80068f90","tasks":2}
PDOBS {"n":2143,"ev":"sp_write_before","pc":"80035fd8","count":"b4b19ed2","frame":3,"a":"00000400","b":"ffffffff","sp":"000002c3","mi":"00000000","mask":"0000003f","cause":"10000000","sr":"2400ff01","dp":"00000008","type":1,"locked":0,"sp_due":"00000000","rsp":"80045dd8","rs":"00000012","rdp":"00000000","next":"80045d78","qvalid":0,"qcapacity":8,"thread":"80068f90","tasks":2}
PDOBS {"n":2144,"ev":"sp_write_after","pc":"80035fd8","count":"b4b19ed2","frame":3,"a":"00000400","b":"ffffffff","sp":"000002c3","mi":"00000000","mask":"0000003f","cause":"10000000","sr":"2400ff01","dp":"00000008","type":1,"locked":0,"sp_due":"00000000","rsp":"80045dd8","rs":"00000012","rdp":"00000000","next":"80045d78","qvalid":0,"qcapacity":8,"thread":"80068f90","tasks":2}
PDOBS {"n":2145,"ev":"sp_write_before","pc":"80035fd8","count":"b4ca5fb8","frame":3,"a":"00000400","b":"ffffffff","sp":"000002c3","mi":"00000000","mask":"0000003f","cause":"10000000","sr":"2400ff01","dp":"00000008","type":1,"locked":0,"sp_due":"00000000","rsp":"80045dd8","rs":"00000012","rdp":"00000000","next":"80045d78","qvalid":0,"qcapacity":8,"thread":"80068f90","tasks":2}
PDOBS {"n":2146,"ev":"sp_write_after","pc":"80035fd8","count":"b4ca5fb8","frame":3,"a":"00000400","b":"ffffffff","sp":"000002c3","mi":"00000000","mask":"0000003f","cause":"10000000","sr":"2400ff01","dp":"00000008","type":1,"locked":0,"sp_due":"00000000","rsp":"80045dd8","rs":"00000012","rdp":"00000000","next":"80045d78","qvalid":0,"qcapacity":8,"thread":"80068f90","tasks":2}
PDOBS {"n":2147,"ev":"sp_write_before","pc":"80035fd8","count":"b4e320a6","frame":3,"a":"00000400","b":"ffffffff","sp":"000002c3","mi":"00000000","mask":"0000003f","cause":"10000000","sr":"2400ff01","dp":"00000008","type":1,"locked":0,"sp_due":"00000000","rsp":"80045dd8","rs":"00000012","rdp":"00000000","next":"80045d78","qvalid":0,"qcapacity":8,"thread":"80068f90","tasks":2}
PDOBS {"n":2148,"ev":"sp_write_after","pc":"80035fd8","count":"b4e320a6","frame":3,"a":"00000400","b":"ffffffff","sp":"000002c3","mi":"00000000","mask":"0000003f","cause":"10000000","sr":"2400ff01","dp":"00000008","type":1,"locked":0,"sp_due":"00000000","rsp":"80045dd8","rs":"00000012","rdp":"00000000","next":"80045d78","qvalid":0,"qcapacity":8,"thread":"80068f90","tasks":2}
PDOBS {"n":2149,"ev":"sp_write_before","pc":"80035fd8","count":"b4fbe18c","frame":3,"a":"00000400","b":"ffffffff","sp":"000002c3","mi":"00000000","mask":"0000003f","cause":"10000000","sr":"2400ff01","dp":"00000008","type":1,"locked":0,"sp_due":"00000000","rsp":"80045dd8","rs":"00000012","rdp":"00000000","next":"80045d78","qvalid":0,"qcapacity":8,"thread":"80068f90","tasks":2}
PDOBS {"n":2150,"ev":"sp_write_after","pc":"80035fd8","count":"b4fbe18c","frame":3,"a":"00000400","b":"ffffffff","sp":"000002c3","mi":"00000000","mask":"0000003f","cause":"10000000","sr":"2400ff01","dp":"00000008","type":1,"locked":0,"sp_due":"00000000","rsp":"80045dd8","rs":"00000012","rdp":"00000000","next":"80045d78","qvalid":0,"qcapacity":8,"thread":"80068f90","tasks":2}
PDOBS {"n":2151,"ev":"sp_write_before","pc":"80035fd8","count":"b514a276","frame":3,"a":"00000400","b":"ffffffff","sp":"000002c3","mi":"00000000","mask":"0000003f","cause":"10000000","sr":"2400ff01","dp":"00000008","type":1,"locked":0,"sp_due":"00000000","rsp":"80045dd8","rs":"00000012","rdp":"00000000","next":"80045d78","qvalid":0,"qcapacity":8,"thread":"80068f90","tasks":2}
PDOBS {"n":2152,"ev":"sp_write_after","pc":"80035fd8","count":"b514a276","frame":3,"a":"00000400","b":"ffffffff","sp":"000002c3","mi":"00000000","mask":"0000003f","cause":"10000000","sr":"2400ff01","dp":"00000008","type":1,"locked":0,"sp_due":"00000000","rsp":"80045dd8","rs":"00000012","rdp":"00000000","next":"80045d78","qvalid":0,"qcapacity":8,"thread":"80068f90","tasks":2}
PDOBS {"n":2153,"ev":"sp_write_before","pc":"80035fd8","count":"b52d6364","frame":3,"a":"00000400","b":"ffffffff","sp":"000002c3","mi":"00000000","mask":"0000003f","cause":"10000000","sr":"2400ff01","dp":"00000008","type":1,"locked":0,"sp_due":"00000000","rsp":"80045dd8","rs":"00000012","rdp":"00000000","next":"80045d78","qvalid":0,"qcapacity":8,"thread":"80068f90","tasks":2}
PDOBS {"n":2154,"ev":"sp_write_after","pc":"80035fd8","count":"b52d6364","frame":3,"a":"00000400","b":"ffffffff","sp":"000002c3","mi":"00000000","mask":"0000003f","cause":"10000000","sr":"2400ff01","dp":"00000008","type":1,"locked":0,"sp_due":"00000000","rsp":"80045dd8","rs":"00000012","rdp":"00000000","next":"80045d78","qvalid":0,"qcapacity":8,"thread":"80068f90","tasks":2}
PDOBS {"n":2155,"ev":"sp_write_before","pc":"80035fd8","count":"b546244e","frame":3,"a":"00000400","b":"ffffffff","sp":"000002c3","mi":"00000000","mask":"0000003f","cause":"10000000","sr":"2400ff01","dp":"00000008","type":1,"locked":0,"sp_due":"00000000","rsp":"80045dd8","rs":"00000012","rdp":"00000000","next":"80045d78","qvalid":0,"qcapacity":8,"thread":"80068f90","tasks":2}
PDOBS {"n":2156,"ev":"sp_write_after","pc":"80035fd8","count":"b546244e","frame":3,"a":"00000400","b":"ffffffff","sp":"000002c3","mi":"00000000","mask":"0000003f","cause":"10000000","sr":"2400ff01","dp":"00000008","type":1,"locked":0,"sp_due":"00000000","rsp":"80045dd8","rs":"00000012","rdp":"00000000","next":"80045d78","qvalid":0,"qcapacity":8,"thread":"80068f90","tasks":2}
PDOBS {"n":2157,"ev":"sp_write_before","pc":"80035fd8","count":"b55ee534","frame":3,"a":"00000400","b":"ffffffff","sp":"000002c3","mi":"00000000","mask":"0000003f","cause":"10000000","sr":"2400ff01","dp":"00000008","type":1,"locked":0,"sp_due":"00000000","rsp":"80045dd8","rs":"00000012","rdp":"00000000","next":"80045d78","qvalid":0,"qcapacity":8,"thread":"80068f90","tasks":2}
PDOBS {"n":2158,"ev":"sp_write_after","pc":"80035fd8","count":"b55ee534","frame":3,"a":"00000400","b":"ffffffff","sp":"000002c3","mi":"00000000","mask":"0000003f","cause":"10000000","sr":"2400ff01","dp":"00000008","type":1,"locked":0,"sp_due":"00000000","rsp":"80045dd8","rs":"00000012","rdp":"00000000","next":"80045d78","qvalid":0,"qcapacity":8,"thread":"80068f90","tasks":2}
PDOBS {"n":2159,"ev":"sp_write_before","pc":"80035fd8","count":"b577a61e","frame":3,"a":"00000400","b":"ffffffff","sp":"000002c3","mi":"00000000","mask":"0000003f","cause":"10000000","sr":"2400ff01","dp":"00000008","type":1,"locked":0,"sp_due":"00000000","rsp":"80045dd8","rs":"00000012","rdp":"00000000","next":"80045d78","qvalid":0,"qcapacity":8,"thread":"80068f90","tasks":2}
PDOBS {"n":2160,"ev":"sp_write_after","pc":"80035fd8","count":"b577a61e","frame":3,"a":"00000400","b":"ffffffff","sp":"000002c3","mi":"00000000","mask":"0000003f","cause":"10000000","sr":"2400ff01","dp":"00000008","type":1,"locked":0,"sp_due":"00000000","rsp":"80045dd8","rs":"00000012","rdp":"00000000","next":"80045d78","qvalid":0,"qcapacity":8,"thread":"80068f90","tasks":2}
PDOBS {"n":2161,"ev":"sp_write_before","pc":"80035fd8","count":"b5906708","frame":3,"a":"00000400","b":"ffffffff","sp":"000002c3","mi":"00000000","mask":"0000003f","cause":"10000000","sr":"2400ff01","dp":"00000008","type":1,"locked":0,"sp_due":"00000000","rsp":"80045dd8","rs":"00000012","rdp":"00000000","next":"80045d78","qvalid":0,"qcapacity":8,"thread":"80068f90","tasks":2}
PDOBS {"n":2162,"ev":"sp_write_after","pc":"80035fd8","count":"b5906708","frame":3,"a":"00000400","b":"ffffffff","sp":"000002c3","mi":"00000000","mask":"0000003f","cause":"10000000","sr":"2400ff01","dp":"00000008","type":1,"locked":0,"sp_due":"00000000","rsp":"80045dd8","rs":"00000012","rdp":"00000000","next":"80045d78","qvalid":0,"qcapacity":8,"thread":"80068f90","tasks":2}
PDOBS {"n":2163,"ev":"sp_write_before","pc":"80035fd8","count":"b5a927fa","frame":3,"a":"00000400","b":"ffffffff","sp":"000002c3","mi":"00000000","mask":"0000003f","cause":"10000000","sr":"2400ff01","dp":"00000008","type":1,"locked":0,"sp_due":"00000000","rsp":"80045dd8","rs":"00000012","rdp":"00000000","next":"80045d78","qvalid":0,"qcapacity":8,"thread":"80068f90","tasks":2}
PDOBS {"n":2164,"ev":"sp_write_after","pc":"80035fd8","count":"b5a927fa","frame":3,"a":"00000400","b":"ffffffff","sp":"000002c3","mi":"00000000","mask":"0000003f","cause":"10000000","sr":"2400ff01","dp":"00000008","type":1,"locked":0,"sp_due":"00000000","rsp":"80045dd8","rs":"00000012","rdp":"00000000","next":"80045d78","qvalid":0,"qcapacity":8,"thread":"80068f90","tasks":2}
PDOBS {"n":2165,"ev":"sp_write_before","pc":"80035fd8","count":"b5c1e8dc","frame":3,"a":"00000400","b":"ffffffff","sp":"000002c3","mi":"00000000","mask":"0000003f","cause":"10000000","sr":"2400ff01","dp":"00000008","type":1,"locked":0,"sp_due":"00000000","rsp":"80045dd8","rs":"00000012","rdp":"00000000","next":"80045d78","qvalid":0,"qcapacity":8,"thread":"80068f90","tasks":2}
PDOBS {"n":2166,"ev":"sp_write_after","pc":"80035fd8","count":"b5c1e8dc","frame":3,"a":"00000400","b":"ffffffff","sp":"000002c3","mi":"00000000","mask":"0000003f","cause":"10000000","sr":"2400ff01","dp":"00000008","type":1,"locked":0,"sp_due":"00000000","rsp":"80045dd8","rs":"00000012","rdp":"00000000","next":"80045d78","qvalid":0,"qcapacity":8,"thread":"80068f90","tasks":2}
PDOBS {"n":2167,"ev":"sp_write_before","pc":"80035fd8","count":"b5daa9c6","frame":3,"a":"00000400","b":"ffffffff","sp":"000002c3","mi":"00000000","mask":"0000003f","cause":"10000000","sr":"2400ff01","dp":"00000008","type":1,"locked":0,"sp_due":"00000000","rsp":"80045dd8","rs":"00000012","rdp":"00000000","next":"80045d78","qvalid":0,"qcapacity":8,"thread":"80068f90","tasks":2}
PDOBS {"n":2168,"ev":"sp_write_after","pc":"80035fd8","count":"b5daa9c6","frame":3,"a":"00000400","b":"ffffffff","sp":"000002c3","mi":"00000000","mask":"0000003f","cause":"10000000","sr":"2400ff01","dp":"00000008","type":1,"locked":0,"sp_due":"00000000","rsp":"80045dd8","rs":"00000012","rdp":"00000000","next":"80045d78","qvalid":0,"qcapacity":8,"thread":"80068f90","tasks":2}
PDOBS {"n":2169,"ev":"sp_write_before","pc":"80035fd8","count":"b5f36ab0","frame":3,"a":"00000400","b":"ffffffff","sp":"000002c3","mi":"00000000","mask":"0000003f","cause":"10000000","sr":"2400ff01","dp":"00000008","type":1,"locked":0,"sp_due":"00000000","rsp":"80045dd8","rs":"00000012","rdp":"00000000","next":"80045d78","qvalid":0,"qcapacity":8,"thread":"80068f90","tasks":2}
PDOBS {"n":2170,"ev":"sp_write_after","pc":"80035fd8","count":"b5f36ab0","frame":3,"a":"00000400","b":"ffffffff","sp":"000002c3","mi":"00000000","mask":"0000003f","cause":"10000000","sr":"2400ff01","dp":"00000008","type":1,"locked":0,"sp_due":"00000000","rsp":"80045dd8","rs":"00000012","rdp":"00000000","next":"80045d78","qvalid":0,"qcapacity":8,"thread":"80068f90","tasks":2}
PDOBS {"n":2171,"ev":"sp_write_before","pc":"80035fd8","count":"b60c2b9e","frame":3,"a":"00000400","b":"ffffffff","sp":"000002c3","mi":"00000000","mask":"0000003f","cause":"10000000","sr":"2400ff01","dp":"00000008","type":1,"locked":0,"sp_due":"00000000","rsp":"80045dd8","rs":"00000012","rdp":"00000000","next":"80045d78","qvalid":0,"qcapacity":8,"thread":"80068f90","tasks":2}
PDOBS {"n":2172,"ev":"sp_write_after","pc":"80035fd8","count":"b60c2b9e","frame":3,"a":"00000400","b":"ffffffff","sp":"000002c3","mi":"00000000","mask":"0000003f","cause":"10000000","sr":"2400ff01","dp":"00000008","type":1,"locked":0,"sp_due":"00000000","rsp":"80045dd8","rs":"00000012","rdp":"00000000","next":"80045d78","qvalid":0,"qcapacity":8,"thread":"80068f90","tasks":2}
PDOBS {"n":2173,"ev":"sp_write_before","pc":"80035fd8","count":"b624ec88","frame":3,"a":"00000400","b":"ffffffff","sp":"000002c3","mi":"00000000","mask":"0000003f","cause":"10000000","sr":"2400ff01","dp":"00000008","type":1,"locked":0,"sp_due":"00000000","rsp":"80045dd8","rs":"00000012","rdp":"00000000","next":"80045d78","qvalid":0,"qcapacity":8,"thread":"80068f90","tasks":2}
PDOBS {"n":2174,"ev":"sp_write_after","pc":"80035fd8","count":"b624ec88","frame":3,"a":"00000400","b":"ffffffff","sp":"000002c3","mi":"00000000","mask":"0000003f","cause":"10000000","sr":"2400ff01","dp":"00000008","type":1,"locked":0,"sp_due":"00000000","rsp":"80045dd8","rs":"00000012","rdp":"00000000","next":"80045d78","qvalid":0,"qcapacity":8,"thread":"80068f90","tasks":2}
PDOBS {"n":2175,"ev":"sp_write_before","pc":"80035fd8","count":"b63dad6e","frame":3,"a":"00000400","b":"ffffffff","sp":"000002c3","mi":"00000000","mask":"0000003f","cause":"10000000","sr":"2400ff01","dp":"00000008","type":1,"locked":0,"sp_due":"00000000","rsp":"80045dd8","rs":"00000012","rdp":"00000000","next":"80045d78","qvalid":0,"qcapacity":8,"thread":"80068f90","tasks":2}
PDOBS {"n":2176,"ev":"sp_write_after","pc":"80035fd8","count":"b63dad6e","frame":3,"a":"00000400","b":"ffffffff","sp":"000002c3","mi":"00000000","mask":"0000003f","cause":"10000000","sr":"2400ff01","dp":"00000008","type":1,"locked":0,"sp_due":"00000000","rsp":"80045dd8","rs":"00000012","rdp":"00000000","next":"80045d78","qvalid":0,"qcapacity":8,"thread":"80068f90","tasks":2}
PDOBS {"n":2177,"ev":"sp_write_before","pc":"80035fd8","count":"b6566e58","frame":3,"a":"00000400","b":"ffffffff","sp":"000002c3","mi":"00000000","mask":"0000003f","cause":"10000000","sr":"2400ff01","dp":"00000008","type":1,"locked":0,"sp_due":"00000000","rsp":"80045dd8","rs":"00000012","rdp":"00000000","next":"80045d78","qvalid":0,"qcapacity":8,"thread":"80068f90","tasks":2}
PDOBS {"n":2178,"ev":"sp_write_after","pc":"80035fd8","count":"b6566e58","frame":3,"a":"00000400","b":"ffffffff","sp":"000002c3","mi":"00000000","mask":"0000003f","cause":"10000000","sr":"2400ff01","dp":"00000008","type":1,"locked":0,"sp_due":"00000000","rsp":"80045dd8","rs":"00000012","rdp":"00000000","next":"80045d78","qvalid":0,"qcapacity":8,"thread":"80068f90","tasks":2}
PDOBS {"n":2179,"ev":"sp_write_before","pc":"80035fd8","count":"b66f2f46","frame":3,"a":"00000400","b":"ffffffff","sp":"000002c3","mi":"00000000","mask":"0000003f","cause":"10000000","sr":"2400ff01","dp":"00000008","type":1,"locked":0,"sp_due":"00000000","rsp":"80045dd8","rs":"00000012","rdp":"00000000","next":"80045d78","qvalid":0,"qcapacity":8,"thread":"80068f90","tasks":2}
PDOBS {"n":2180,"ev":"sp_write_after","pc":"80035fd8","count":"b66f2f46","frame":3,"a":"00000400","b":"ffffffff","sp":"000002c3","mi":"00000000","mask":"0000003f","cause":"10000000","sr":"2400ff01","dp":"00000008","type":1,"locked":0,"sp_due":"00000000","rsp":"80045dd8","rs":"00000012","rdp":"00000000","next":"80045d78","qvalid":0,"qcapacity":8,"thread":"80068f90","tasks":2}
PDOBS {"n":2181,"ev":"sp_write_before","pc":"80035fd8","count":"b687f02c","frame":3,"a":"00000400","b":"ffffffff","sp":"000002c3","mi":"00000000","mask":"0000003f","cause":"10000000","sr":"2400ff01","dp":"00000008","type":1,"locked":0,"sp_due":"00000000","rsp":"80045dd8","rs":"00000012","rdp":"00000000","next":"80045d78","qvalid":0,"qcapacity":8,"thread":"80068f90","tasks":2}
PDOBS {"n":2182,"ev":"sp_write_after","pc":"80035fd8","count":"b687f02c","frame":3,"a":"00000400","b":"ffffffff","sp":"000002c3","mi":"00000000","mask":"0000003f","cause":"10000000","sr":"2400ff01","dp":"00000008","type":1,"locked":0,"sp_due":"00000000","rsp":"80045dd8","rs":"00000012","rdp":"00000000","next":"80045d78","qvalid":0,"qcapacity":8,"thread":"80068f90","tasks":2}
PDOBS {"n":2183,"ev":"sp_write_before","pc":"80035fd8","count":"b6a0b11a","frame":3,"a":"00000400","b":"ffffffff","sp":"000002c3","mi":"00000000","mask":"0000003f","cause":"10000000","sr":"2400ff01","dp":"00000008","type":1,"locked":0,"sp_due":"00000000","rsp":"80045dd8","rs":"00000012","rdp":"00000000","next":"80045d78","qvalid":0,"qcapacity":8,"thread":"80068f90","tasks":2}
PDOBS {"n":2184,"ev":"sp_write_after","pc":"80035fd8","count":"b6a0b11a","frame":3,"a":"00000400","b":"ffffffff","sp":"000002c3","mi":"00000000","mask":"0000003f","cause":"10000000","sr":"2400ff01","dp":"00000008","type":1,"locked":0,"sp_due":"00000000","rsp":"80045dd8","rs":"00000012","rdp":"00000000","next":"80045d78","qvalid":0,"qcapacity":8,"thread":"80068f90","tasks":2}
PDOBS {"n":2185,"ev":"sp_write_before","pc":"80035fd8","count":"b6b97200","frame":3,"a":"00000400","b":"ffffffff","sp":"000002c3","mi":"00000000","mask":"0000003f","cause":"10000000","sr":"2400ff01","dp":"00000008","type":1,"locked":0,"sp_due":"00000000","rsp":"80045dd8","rs":"00000012","rdp":"00000000","next":"80045d78","qvalid":0,"qcapacity":8,"thread":"80068f90","tasks":2}
PDOBS {"n":2186,"ev":"sp_write_after","pc":"80035fd8","count":"b6b97200","frame":3,"a":"00000400","b":"ffffffff","sp":"000002c3","mi":"00000000","mask":"0000003f","cause":"10000000","sr":"2400ff01","dp":"00000008","type":1,"locked":0,"sp_due":"00000000","rsp":"80045dd8","rs":"00000012","rdp":"00000000","next":"80045d78","qvalid":0,"qcapacity":8,"thread":"80068f90","tasks":2}
PDOBS {"n":2187,"ev":"sp_write_before","pc":"80035fd8","count":"b6d232ee","frame":3,"a":"00000400","b":"ffffffff","sp":"000002c3","mi":"00000000","mask":"0000003f","cause":"10000000","sr":"2400ff01","dp":"00000008","type":1,"locked":0,"sp_due":"00000000","rsp":"80045dd8","rs":"00000012","rdp":"00000000","next":"80045d78","qvalid":0,"qcapacity":8,"thread":"80068f90","tasks":2}
PDOBS {"n":2188,"ev":"sp_write_after","pc":"80035fd8","count":"b6d232ee","frame":3,"a":"00000400","b":"ffffffff","sp":"000002c3","mi":"00000000","mask":"0000003f","cause":"10000000","sr":"2400ff01","dp":"00000008","type":1,"locked":0,"sp_due":"00000000","rsp":"80045dd8","rs":"00000012","rdp":"00000000","next":"80045d78","qvalid":0,"qcapacity":8,"thread":"80068f90","tasks":2}
PDOBS {"n":2189,"ev":"sp_write_before","pc":"80035fd8","count":"b6eaf3d4","frame":3,"a":"00000400","b":"ffffffff","sp":"000002c3","mi":"00000000","mask":"0000003f","cause":"10000000","sr":"2400ff01","dp":"00000008","type":1,"locked":0,"sp_due":"00000000","rsp":"80045dd8","rs":"00000012","rdp":"00000000","next":"80045d78","qvalid":0,"qcapacity":8,"thread":"80068f90","tasks":2}
PDOBS {"n":2190,"ev":"sp_write_after","pc":"80035fd8","count":"b6eaf3d4","frame":3,"a":"00000400","b":"ffffffff","sp":"000002c3","mi":"00000000","mask":"0000003f","cause":"10000000","sr":"2400ff01","dp":"00000008","type":1,"locked":0,"sp_due":"00000000","rsp":"80045dd8","rs":"00000012","rdp":"00000000","next":"80045d78","qvalid":0,"qcapacity":8,"thread":"80068f90","tasks":2}
PDOBS {"n":2191,"ev":"sp_write_before","pc":"80035fd8","count":"b703b4be","frame":3,"a":"00000400","b":"ffffffff","sp":"000002c3","mi":"00000000","mask":"0000003f","cause":"10000000","sr":"2400ff01","dp":"00000008","type":1,"locked":0,"sp_due":"00000000","rsp":"80045dd8","rs":"00000012","rdp":"00000000","next":"80045d78","qvalid":0,"qcapacity":8,"thread":"80068f90","tasks":2}
PDOBS {"n":2192,"ev":"sp_write_after","pc":"80035fd8","count":"b703b4be","frame":3,"a":"00000400","b":"ffffffff","sp":"000002c3","mi":"00000000","mask":"0000003f","cause":"10000000","sr":"2400ff01","dp":"00000008","type":1,"locked":0,"sp_due":"00000000","rsp":"80045dd8","rs":"00000012","rdp":"00000000","next":"80045d78","qvalid":0,"qcapacity":8,"thread":"80068f90","tasks":2}
PDOBS {"n":2193,"ev":"sp_write_before","pc":"80035fd8","count":"b71c75ac","frame":3,"a":"00000400","b":"ffffffff","sp":"000002c3","mi":"00000000","mask":"0000003f","cause":"10000000","sr":"2400ff01","dp":"00000008","type":1,"locked":0,"sp_due":"00000000","rsp":"80045dd8","rs":"00000012","rdp":"00000000","next":"80045d78","qvalid":0,"qcapacity":8,"thread":"80068f90","tasks":2}
PDOBS {"n":2194,"ev":"sp_write_after","pc":"80035fd8","count":"b71c75ac","frame":3,"a":"00000400","b":"ffffffff","sp":"000002c3","mi":"00000000","mask":"0000003f","cause":"10000000","sr":"2400ff01","dp":"00000008","type":1,"locked":0,"sp_due":"00000000","rsp":"80045dd8","rs":"00000012","rdp":"00000000","next":"80045d78","qvalid":0,"qcapacity":8,"thread":"80068f90","tasks":2}
PDOBS {"n":2195,"ev":"sp_write_before","pc":"80035fd8","count":"b7353696","frame":3,"a":"00000400","b":"ffffffff","sp":"000002c3","mi":"00000000","mask":"0000003f","cause":"10000000","sr":"2400ff01","dp":"00000008","type":1,"locked":0,"sp_due":"00000000","rsp":"80045dd8","rs":"00000012","rdp":"00000000","next":"80045d78","qvalid":0,"qcapacity":8,"thread":"80068f90","tasks":2}
PDOBS {"n":2196,"ev":"sp_write_after","pc":"80035fd8","count":"b7353696","frame":3,"a":"00000400","b":"ffffffff","sp":"000002c3","mi":"00000000","mask":"0000003f","cause":"10000000","sr":"2400ff01","dp":"00000008","type":1,"locked":0,"sp_due":"00000000","rsp":"80045dd8","rs":"00000012","rdp":"00000000","next":"80045d78","qvalid":0,"qcapacity":8,"thread":"80068f90","tasks":2}
PDOBS {"n":2197,"ev":"sp_write_before","pc":"80035fd8","count":"b74df77c","frame":3,"a":"00000400","b":"ffffffff","sp":"000002c3","mi":"00000000","mask":"0000003f","cause":"10000000","sr":"2400ff01","dp":"00000008","type":1,"locked":0,"sp_due":"00000000","rsp":"80045dd8","rs":"00000012","rdp":"00000000","next":"80045d78","qvalid":0,"qcapacity":8,"thread":"80068f90","tasks":2}
PDOBS {"n":2198,"ev":"sp_write_after","pc":"80035fd8","count":"b74df77c","frame":3,"a":"00000400","b":"ffffffff","sp":"000002c3","mi":"00000000","mask":"0000003f","cause":"10000000","sr":"2400ff01","dp":"00000008","type":1,"locked":0,"sp_due":"00000000","rsp":"80045dd8","rs":"00000012","rdp":"00000000","next":"80045d78","qvalid":0,"qcapacity":8,"thread":"80068f90","tasks":2}
PDOBS {"n":2199,"ev":"sp_write_before","pc":"80035fd8","count":"b766b866","frame":3,"a":"00000400","b":"ffffffff","sp":"000002c3","mi":"00000000","mask":"0000003f","cause":"10000000","sr":"2400ff01","dp":"00000008","type":1,"locked":0,"sp_due":"00000000","rsp":"80045dd8","rs":"00000012","rdp":"00000000","next":"80045d78","qvalid":0,"qcapacity":8,"thread":"80068f90","tasks":2}
PDOBS {"n":2200,"ev":"sp_write_after","pc":"80035fd8","count":"b766b866","frame":3,"a":"00000400","b":"ffffffff","sp":"000002c3","mi":"00000000","mask":"0000003f","cause":"10000000","sr":"2400ff01","dp":"00000008","type":1,"locked":0,"sp_due":"00000000","rsp":"80045dd8","rs":"00000012","rdp":"00000000","next":"80045d78","qvalid":0,"qcapacity":8,"thread":"80068f90","tasks":2}
PDOBS {"n":2201,"ev":"sp_write_before","pc":"80035fd8","count":"b77f7950","frame":3,"a":"00000400","b":"ffffffff","sp":"000002c3","mi":"00000000","mask":"0000003f","cause":"10000000","sr":"2400ff01","dp":"00000008","type":1,"locked":0,"sp_due":"00000000","rsp":"80045dd8","rs":"00000012","rdp":"00000000","next":"80045d78","qvalid":0,"qcapacity":8,"thread":"80068f90","tasks":2}
PDOBS {"n":2202,"ev":"sp_write_after","pc":"80035fd8","count":"b77f7950","frame":3,"a":"00000400","b":"ffffffff","sp":"000002c3","mi":"00000000","mask":"0000003f","cause":"10000000","sr":"2400ff01","dp":"00000008","type":1,"locked":0,"sp_due":"00000000","rsp":"80045dd8","rs":"00000012","rdp":"00000000","next":"80045d78","qvalid":0,"qcapacity":8,"thread":"80068f90","tasks":2}
PDOBS {"n":2203,"ev":"sp_write_before","pc":"80035fd8","count":"b7983a42","frame":3,"a":"00000400","b":"ffffffff","sp":"000002c3","mi":"00000000","mask":"0000003f","cause":"10000000","sr":"2400ff01","dp":"00000008","type":1,"locked":0,"sp_due":"00000000","rsp":"80045dd8","rs":"00000012","rdp":"00000000","next":"80045d78","qvalid":0,"qcapacity":8,"thread":"80068f90","tasks":2}
PDOBS {"n":2204,"ev":"sp_write_after","pc":"80035fd8","count":"b7983a42","frame":3,"a":"00000400","b":"ffffffff","sp":"000002c3","mi":"00000000","mask":"0000003f","cause":"10000000","sr":"2400ff01","dp":"00000008","type":1,"locked":0,"sp_due":"00000000","rsp":"80045dd8","rs":"00000012","rdp":"00000000","next":"80045d78","qvalid":0,"qcapacity":8,"thread":"80068f90","tasks":2}
PDOBS {"n":2205,"ev":"sp_write_before","pc":"80035fd8","count":"b7b0fb24","frame":3,"a":"00000400","b":"ffffffff","sp":"000002c3","mi":"00000000","mask":"0000003f","cause":"10000000","sr":"2400ff01","dp":"00000008","type":1,"locked":0,"sp_due":"00000000","rsp":"80045dd8","rs":"00000012","rdp":"00000000","next":"80045d78","qvalid":0,"qcapacity":8,"thread":"80068f90","tasks":2}
PDOBS {"n":2206,"ev":"sp_write_after","pc":"80035fd8","count":"b7b0fb24","frame":3,"a":"00000400","b":"ffffffff","sp":"000002c3","mi":"00000000","mask":"0000003f","cause":"10000000","sr":"2400ff01","dp":"00000008","type":1,"locked":0,"sp_due":"00000000","rsp":"80045dd8","rs":"00000012","rdp":"00000000","next":"80045d78","qvalid":0,"qcapacity":8,"thread":"80068f90","tasks":2}
PDOBS {"n":2207,"ev":"sp_write_before","pc":"80035fd8","count":"b7c9bc0e","frame":3,"a":"00000400","b":"ffffffff","sp":"000002c3","mi":"00000000","mask":"0000003f","cause":"10000000","sr":"2400ff01","dp":"00000008","type":1,"locked":0,"sp_due":"00000000","rsp":"80045dd8","rs":"00000012","rdp":"00000000","next":"80045d78","qvalid":0,"qcapacity":8,"thread":"80068f90","tasks":2}
PDOBS {"n":2208,"ev":"sp_write_after","pc":"80035fd8","count":"b7c9bc0e","frame":3,"a":"00000400","b":"ffffffff","sp":"000002c3","mi":"00000000","mask":"0000003f","cause":"10000000","sr":"2400ff01","dp":"00000008","type":1,"locked":0,"sp_due":"00000000","rsp":"80045dd8","rs":"00000012","rdp":"00000000","next":"80045d78","qvalid":0,"qcapacity":8,"thread":"80068f90","tasks":2}
PDOBS {"n":2209,"ev":"sp_write_before","pc":"80035fd8","count":"b7e27cf8","frame":3,"a":"00000400","b":"ffffffff","sp":"000002c3","mi":"00000000","mask":"0000003f","cause":"10000000","sr":"2400ff01","dp":"00000008","type":1,"locked":0,"sp_due":"00000000","rsp":"80045dd8","rs":"00000012","rdp":"00000000","next":"80045d78","qvalid":0,"qcapacity":8,"thread":"80068f90","tasks":2}
PDOBS {"n":2210,"ev":"sp_write_after","pc":"80035fd8","count":"b7e27cf8","frame":3,"a":"00000400","b":"ffffffff","sp":"000002c3","mi":"00000000","mask":"0000003f","cause":"10000000","sr":"2400ff01","dp":"00000008","type":1,"locked":0,"sp_due":"00000000","rsp":"80045dd8","rs":"00000012","rdp":"00000000","next":"80045d78","qvalid":0,"qcapacity":8,"thread":"80068f90","tasks":2}
PDOBS {"n":2211,"ev":"sp_write_before","pc":"80035fd8","count":"b7fb3de6","frame":3,"a":"00000400","b":"ffffffff","sp":"000002c3","mi":"00000000","mask":"0000003f","cause":"10000000","sr":"2400ff01","dp":"00000008","type":1,"locked":0,"sp_due":"00000000","rsp":"80045dd8","rs":"00000012","rdp":"00000000","next":"80045d78","qvalid":0,"qcapacity":8,"thread":"80068f90","tasks":2}
PDOBS {"n":2212,"ev":"sp_write_after","pc":"80035fd8","count":"b7fb3de6","frame":3,"a":"00000400","b":"ffffffff","sp":"000002c3","mi":"00000000","mask":"0000003f","cause":"10000000","sr":"2400ff01","dp":"00000008","type":1,"locked":0,"sp_due":"00000000","rsp":"80045dd8","rs":"00000012","rdp":"00000000","next":"80045d78","qvalid":0,"qcapacity":8,"thread":"80068f90","tasks":2}
PDOBS {"n":2213,"ev":"sp_write_before","pc":"80035fd8","count":"b813fed0","frame":3,"a":"00000400","b":"ffffffff","sp":"000002c3","mi":"00000000","mask":"0000003f","cause":"10000000","sr":"2400ff01","dp":"00000008","type":1,"locked":0,"sp_due":"00000000","rsp":"80045dd8","rs":"00000012","rdp":"00000000","next":"80045d78","qvalid":0,"qcapacity":8,"thread":"80068f90","tasks":2}
PDOBS {"n":2214,"ev":"sp_write_after","pc":"80035fd8","count":"b813fed0","frame":3,"a":"00000400","b":"ffffffff","sp":"000002c3","mi":"00000000","mask":"0000003f","cause":"10000000","sr":"2400ff01","dp":"00000008","type":1,"locked":0,"sp_due":"00000000","rsp":"80045dd8","rs":"00000012","rdp":"00000000","next":"80045d78","qvalid":0,"qcapacity":8,"thread":"80068f90","tasks":2}
PDOBS {"n":2215,"ev":"sp_write_before","pc":"80035fd8","count":"b82cbfb6","frame":3,"a":"00000400","b":"ffffffff","sp":"000002c3","mi":"00000000","mask":"0000003f","cause":"10000000","sr":"2400ff01","dp":"00000008","type":1,"locked":0,"sp_due":"00000000","rsp":"80045dd8","rs":"00000012","rdp":"00000000","next":"80045d78","qvalid":0,"qcapacity":8,"thread":"80068f90","tasks":2}
PDOBS {"n":2216,"ev":"sp_write_after","pc":"80035fd8","count":"b82cbfb6","frame":3,"a":"00000400","b":"ffffffff","sp":"000002c3","mi":"00000000","mask":"0000003f","cause":"10000000","sr":"2400ff01","dp":"00000008","type":1,"locked":0,"sp_due":"00000000","rsp":"80045dd8","rs":"00000012","rdp":"00000000","next":"80045d78","qvalid":0,"qcapacity":8,"thread":"80068f90","tasks":2}
PDOBS {"n":2217,"ev":"sp_write_before","pc":"80035fd8","count":"b84580a0","frame":3,"a":"00000400","b":"ffffffff","sp":"000002c3","mi":"00000000","mask":"0000003f","cause":"10000000","sr":"2400ff01","dp":"00000008","type":1,"locked":0,"sp_due":"00000000","rsp":"80045dd8","rs":"00000012","rdp":"00000000","next":"80045d78","qvalid":0,"qcapacity":8,"thread":"80068f90","tasks":2}
PDOBS {"n":2218,"ev":"sp_write_after","pc":"80035fd8","count":"b84580a0","frame":3,"a":"00000400","b":"ffffffff","sp":"000002c3","mi":"00000000","mask":"0000003f","cause":"10000000","sr":"2400ff01","dp":"00000008","type":1,"locked":0,"sp_due":"00000000","rsp":"80045dd8","rs":"00000012","rdp":"00000000","next":"80045d78","qvalid":0,"qcapacity":8,"thread":"80068f90","tasks":2}
PDOBS {"n":2219,"ev":"sp_write_before","pc":"80035fd8","count":"b85e418e","frame":3,"a":"00000400","b":"ffffffff","sp":"000002c3","mi":"00000000","mask":"0000003f","cause":"10000000","sr":"2400ff01","dp":"00000008","type":1,"locked":0,"sp_due":"00000000","rsp":"80045dd8","rs":"00000012","rdp":"00000000","next":"80045d78","qvalid":0,"qcapacity":8,"thread":"80068f90","tasks":2}
PDOBS {"n":2220,"ev":"sp_write_after","pc":"80035fd8","count":"b85e418e","frame":3,"a":"00000400","b":"ffffffff","sp":"000002c3","mi":"00000000","mask":"0000003f","cause":"10000000","sr":"2400ff01","dp":"00000008","type":1,"locked":0,"sp_due":"00000000","rsp":"80045dd8","rs":"00000012","rdp":"00000000","next":"80045d78","qvalid":0,"qcapacity":8,"thread":"80068f90","tasks":2}
PDOBS {"n":2221,"ev":"sp_write_before","pc":"80035fd8","count":"b8770274","frame":3,"a":"00000400","b":"ffffffff","sp":"000002c3","mi":"00000000","mask":"0000003f","cause":"10000000","sr":"2400ff01","dp":"00000008","type":1,"locked":0,"sp_due":"00000000","rsp":"80045dd8","rs":"00000012","rdp":"00000000","next":"80045d78","qvalid":0,"qcapacity":8,"thread":"80068f90","tasks":2}
PDOBS {"n":2222,"ev":"sp_write_after","pc":"80035fd8","count":"b8770274","frame":3,"a":"00000400","b":"ffffffff","sp":"000002c3","mi":"00000000","mask":"0000003f","cause":"10000000","sr":"2400ff01","dp":"00000008","type":1,"locked":0,"sp_due":"00000000","rsp":"80045dd8","rs":"00000012","rdp":"00000000","next":"80045d78","qvalid":0,"qcapacity":8,"thread":"80068f90","tasks":2}
PDOBS {"n":2223,"ev":"sp_write_before","pc":"80035fd8","count":"b88fc362","frame":3,"a":"00000400","b":"ffffffff","sp":"000002c3","mi":"00000000","mask":"0000003f","cause":"10000000","sr":"2400ff01","dp":"00000008","type":1,"locked":0,"sp_due":"00000000","rsp":"80045dd8","rs":"00000012","rdp":"00000000","next":"80045d78","qvalid":0,"qcapacity":8,"thread":"80068f90","tasks":2}
PDOBS {"n":2224,"ev":"sp_write_after","pc":"80035fd8","count":"b88fc362","frame":3,"a":"00000400","b":"ffffffff","sp":"000002c3","mi":"00000000","mask":"0000003f","cause":"10000000","sr":"2400ff01","dp":"00000008","type":1,"locked":0,"sp_due":"00000000","rsp":"80045dd8","rs":"00000012","rdp":"00000000","next":"80045d78","qvalid":0,"qcapacity":8,"thread":"80068f90","tasks":2}
PDOBS {"n":2225,"ev":"sp_write_before","pc":"80035fd8","count":"b8a88448","frame":3,"a":"00000400","b":"ffffffff","sp":"000002c3","mi":"00000000","mask":"0000003f","cause":"10000000","sr":"2400ff01","dp":"00000008","type":1,"locked":0,"sp_due":"00000000","rsp":"80045dd8","rs":"00000012","rdp":"00000000","next":"80045d78","qvalid":0,"qcapacity":8,"thread":"80068f90","tasks":2}
PDOBS {"n":2226,"ev":"sp_write_after","pc":"80035fd8","count":"b8a88448","frame":3,"a":"00000400","b":"ffffffff","sp":"000002c3","mi":"00000000","mask":"0000003f","cause":"10000000","sr":"2400ff01","dp":"00000008","type":1,"locked":0,"sp_due":"00000000","rsp":"80045dd8","rs":"00000012","rdp":"00000000","next":"80045d78","qvalid":0,"qcapacity":8,"thread":"80068f90","tasks":2}
PDOBS {"n":2227,"ev":"sp_write_before","pc":"80035fd8","count":"b8c14536","frame":3,"a":"00000400","b":"ffffffff","sp":"000002c3","mi":"00000000","mask":"0000003f","cause":"10000000","sr":"2400ff01","dp":"00000008","type":1,"locked":0,"sp_due":"00000000","rsp":"80045dd8","rs":"00000012","rdp":"00000000","next":"80045d78","qvalid":0,"qcapacity":8,"thread":"80068f90","tasks":2}
PDOBS {"n":2228,"ev":"sp_write_after","pc":"80035fd8","count":"b8c14536","frame":3,"a":"00000400","b":"ffffffff","sp":"000002c3","mi":"00000000","mask":"0000003f","cause":"10000000","sr":"2400ff01","dp":"00000008","type":1,"locked":0,"sp_due":"00000000","rsp":"80045dd8","rs":"00000012","rdp":"00000000","next":"80045d78","qvalid":0,"qcapacity":8,"thread":"80068f90","tasks":2}
PDOBS {"n":2229,"ev":"sp_write_before","pc":"80035fd8","count":"b8da061c","frame":3,"a":"00000400","b":"ffffffff","sp":"000002c3","mi":"00000000","mask":"0000003f","cause":"10000000","sr":"2400ff01","dp":"00000008","type":1,"locked":0,"sp_due":"00000000","rsp":"80045dd8","rs":"00000012","rdp":"00000000","next":"80045d78","qvalid":0,"qcapacity":8,"thread":"80068f90","tasks":2}
PDOBS {"n":2230,"ev":"sp_write_after","pc":"80035fd8","count":"b8da061c","frame":3,"a":"00000400","b":"ffffffff","sp":"000002c3","mi":"00000000","mask":"0000003f","cause":"10000000","sr":"2400ff01","dp":"00000008","type":1,"locked":0,"sp_due":"00000000","rsp":"80045dd8","rs":"00000012","rdp":"00000000","next":"80045d78","qvalid":0,"qcapacity":8,"thread":"80068f90","tasks":2}
PDOBS {"n":2231,"ev":"sp_write_before","pc":"80035fd8","count":"b8f2c706","frame":3,"a":"00000400","b":"ffffffff","sp":"000002c3","mi":"00000000","mask":"0000003f","cause":"10000000","sr":"2400ff01","dp":"00000008","type":1,"locked":0,"sp_due":"00000000","rsp":"80045dd8","rs":"00000012","rdp":"00000000","next":"80045d78","qvalid":0,"qcapacity":8,"thread":"80068f90","tasks":2}
PDOBS {"n":2232,"ev":"sp_write_after","pc":"80035fd8","count":"b8f2c706","frame":3,"a":"00000400","b":"ffffffff","sp":"000002c3","mi":"00000000","mask":"0000003f","cause":"10000000","sr":"2400ff01","dp":"00000008","type":1,"locked":0,"sp_due":"00000000","rsp":"80045dd8","rs":"00000012","rdp":"00000000","next":"80045d78","qvalid":0,"qcapacity":8,"thread":"80068f90","tasks":2}
PDOBS {"n":2233,"ev":"sp_write_before","pc":"80035fd8","count":"b90b87f4","frame":3,"a":"00000400","b":"ffffffff","sp":"000002c3","mi":"00000000","mask":"0000003f","cause":"10000000","sr":"2400ff01","dp":"00000008","type":1,"locked":0,"sp_due":"00000000","rsp":"80045dd8","rs":"00000012","rdp":"00000000","next":"80045d78","qvalid":0,"qcapacity":8,"thread":"80068f90","tasks":2}
PDOBS {"n":2234,"ev":"sp_write_after","pc":"80035fd8","count":"b90b87f4","frame":3,"a":"00000400","b":"ffffffff","sp":"000002c3","mi":"00000000","mask":"0000003f","cause":"10000000","sr":"2400ff01","dp":"00000008","type":1,"locked":0,"sp_due":"00000000","rsp":"80045dd8","rs":"00000012","rdp":"00000000","next":"80045d78","qvalid":0,"qcapacity":8,"thread":"80068f90","tasks":2}
PDOBS {"n":2235,"ev":"sp_write_before","pc":"80035fd8","count":"b92448de","frame":3,"a":"00000400","b":"ffffffff","sp":"000002c3","mi":"00000000","mask":"0000003f","cause":"10000000","sr":"2400ff01","dp":"00000008","type":1,"locked":0,"sp_due":"00000000","rsp":"80045dd8","rs":"00000012","rdp":"00000000","next":"80045d78","qvalid":0,"qcapacity":8,"thread":"80068f90","tasks":2}
PDOBS {"n":2236,"ev":"sp_write_after","pc":"80035fd8","count":"b92448de","frame":3,"a":"00000400","b":"ffffffff","sp":"000002c3","mi":"00000000","mask":"0000003f","cause":"10000000","sr":"2400ff01","dp":"00000008","type":1,"locked":0,"sp_due":"00000000","rsp":"80045dd8","rs":"00000012","rdp":"00000000","next":"80045d78","qvalid":0,"qcapacity":8,"thread":"80068f90","tasks":2}
PDOBS {"n":2237,"ev":"sp_write_before","pc":"80035fd8","count":"b93d09c4","frame":3,"a":"00000400","b":"ffffffff","sp":"000002c3","mi":"00000000","mask":"0000003f","cause":"10000000","sr":"2400ff01","dp":"00000008","type":1,"locked":0,"sp_due":"00000000","rsp":"80045dd8","rs":"00000012","rdp":"00000000","next":"80045d78","qvalid":0,"qcapacity":8,"thread":"80068f90","tasks":2}
PDOBS {"n":2238,"ev":"sp_write_after","pc":"80035fd8","count":"b93d09c4","frame":3,"a":"00000400","b":"ffffffff","sp":"000002c3","mi":"00000000","mask":"0000003f","cause":"10000000","sr":"2400ff01","dp":"00000008","type":1,"locked":0,"sp_due":"00000000","rsp":"80045dd8","rs":"00000012","rdp":"00000000","next":"80045d78","qvalid":0,"qcapacity":8,"thread":"80068f90","tasks":2}
PDOBS {"n":2239,"ev":"sp_write_before","pc":"80035fd8","count":"b955caae","frame":3,"a":"00000400","b":"ffffffff","sp":"000002c3","mi":"00000000","mask":"0000003f","cause":"10000000","sr":"2400ff01","dp":"00000008","type":1,"locked":0,"sp_due":"00000000","rsp":"80045dd8","rs":"00000012","rdp":"00000000","next":"80045d78","qvalid":0,"qcapacity":8,"thread":"80068f90","tasks":2}
PDOBS {"n":2240,"ev":"sp_write_after","pc":"80035fd8","count":"b955caae","frame":3,"a":"00000400","b":"ffffffff","sp":"000002c3","mi":"00000000","mask":"0000003f","cause":"10000000","sr":"2400ff01","dp":"00000008","type":1,"locked":0,"sp_due":"00000000","rsp":"80045dd8","rs":"00000012","rdp":"00000000","next":"80045d78","qvalid":0,"qcapacity":8,"thread":"80068f90","tasks":2}
PDOBS {"n":2241,"ev":"sp_write_before","pc":"80035fd8","count":"b96e8b98","frame":3,"a":"00000400","b":"ffffffff","sp":"000002c3","mi":"00000000","mask":"0000003f","cause":"10000000","sr":"2400ff01","dp":"00000008","type":1,"locked":0,"sp_due":"00000000","rsp":"80045dd8","rs":"00000012","rdp":"00000000","next":"80045d78","qvalid":0,"qcapacity":8,"thread":"80068f90","tasks":2}
PDOBS {"n":2242,"ev":"sp_write_after","pc":"80035fd8","count":"b96e8b98","frame":3,"a":"00000400","b":"ffffffff","sp":"000002c3","mi":"00000000","mask":"0000003f","cause":"10000000","sr":"2400ff01","dp":"00000008","type":1,"locked":0,"sp_due":"00000000","rsp":"80045dd8","rs":"00000012","rdp":"00000000","next":"80045d78","qvalid":0,"qcapacity":8,"thread":"80068f90","tasks":2}
PDOBS {"n":2243,"ev":"sp_write_before","pc":"80035fd8","count":"b9874c8a","frame":3,"a":"00000400","b":"ffffffff","sp":"000002c3","mi":"00000000","mask":"0000003f","cause":"10000000","sr":"2400ff01","dp":"00000008","type":1,"locked":0,"sp_due":"00000000","rsp":"80045dd8","rs":"00000012","rdp":"00000000","next":"80045d78","qvalid":0,"qcapacity":8,"thread":"80068f90","tasks":2}
PDOBS {"n":2244,"ev":"sp_write_after","pc":"80035fd8","count":"b9874c8a","frame":3,"a":"00000400","b":"ffffffff","sp":"000002c3","mi":"00000000","mask":"0000003f","cause":"10000000","sr":"2400ff01","dp":"00000008","type":1,"locked":0,"sp_due":"00000000","rsp":"80045dd8","rs":"00000012","rdp":"00000000","next":"80045d78","qvalid":0,"qcapacity":8,"thread":"80068f90","tasks":2}
PDOBS {"n":2245,"ev":"sp_write_before","pc":"80035fd8","count":"b9a00d6c","frame":3,"a":"00000400","b":"ffffffff","sp":"000002c3","mi":"00000000","mask":"0000003f","cause":"10000000","sr":"2400ff01","dp":"00000008","type":1,"locked":0,"sp_due":"00000000","rsp":"80045dd8","rs":"00000012","rdp":"00000000","next":"80045d78","qvalid":0,"qcapacity":8,"thread":"80068f90","tasks":2}
PDOBS {"n":2246,"ev":"sp_write_after","pc":"80035fd8","count":"b9a00d6c","frame":3,"a":"00000400","b":"ffffffff","sp":"000002c3","mi":"00000000","mask":"0000003f","cause":"10000000","sr":"2400ff01","dp":"00000008","type":1,"locked":0,"sp_due":"00000000","rsp":"80045dd8","rs":"00000012","rdp":"00000000","next":"80045d78","qvalid":0,"qcapacity":8,"thread":"80068f90","tasks":2}
PDOBS {"n":2247,"ev":"sp_write_before","pc":"80035fd8","count":"b9b8ce56","frame":3,"a":"00000400","b":"ffffffff","sp":"000002c3","mi":"00000000","mask":"0000003f","cause":"10000000","sr":"2400ff01","dp":"00000008","type":1,"locked":0,"sp_due":"00000000","rsp":"80045dd8","rs":"00000012","rdp":"00000000","next":"80045d78","qvalid":0,"qcapacity":8,"thread":"80068f90","tasks":2}
PDOBS {"n":2248,"ev":"sp_write_after","pc":"80035fd8","count":"b9b8ce56","frame":3,"a":"00000400","b":"ffffffff","sp":"000002c3","mi":"00000000","mask":"0000003f","cause":"10000000","sr":"2400ff01","dp":"00000008","type":1,"locked":0,"sp_due":"00000000","rsp":"80045dd8","rs":"00000012","rdp":"00000000","next":"80045d78","qvalid":0,"qcapacity":8,"thread":"80068f90","tasks":2}
PDOBS {"n":2249,"ev":"sp_write_before","pc":"80035fd8","count":"b9d18f40","frame":3,"a":"00000400","b":"ffffffff","sp":"000002c3","mi":"00000000","mask":"0000003f","cause":"10000000","sr":"2400ff01","dp":"00000008","type":1,"locked":0,"sp_due":"00000000","rsp":"80045dd8","rs":"00000012","rdp":"00000000","next":"80045d78","qvalid":0,"qcapacity":8,"thread":"80068f90","tasks":2}
PDOBS {"n":2250,"ev":"sp_write_after","pc":"80035fd8","count":"b9d18f40","frame":3,"a":"00000400","b":"ffffffff","sp":"000002c3","mi":"00000000","mask":"0000003f","cause":"10000000","sr":"2400ff01","dp":"00000008","type":1,"locked":0,"sp_due":"00000000","rsp":"80045dd8","rs":"00000012","rdp":"00000000","next":"80045d78","qvalid":0,"qcapacity":8,"thread":"80068f90","tasks":2}
PDOBS {"n":2251,"ev":"sp_write_before","pc":"80035fd8","count":"b9ea502e","frame":3,"a":"00000400","b":"ffffffff","sp":"000002c3","mi":"00000000","mask":"0000003f","cause":"10000000","sr":"2400ff01","dp":"00000008","type":1,"locked":0,"sp_due":"00000000","rsp":"80045dd8","rs":"00000012","rdp":"00000000","next":"80045d78","qvalid":0,"qcapacity":8,"thread":"80068f90","tasks":2}
PDOBS {"n":2252,"ev":"sp_write_after","pc":"80035fd8","count":"b9ea502e","frame":3,"a":"00000400","b":"ffffffff","sp":"000002c3","mi":"00000000","mask":"0000003f","cause":"10000000","sr":"2400ff01","dp":"00000008","type":1,"locked":0,"sp_due":"00000000","rsp":"80045dd8","rs":"00000012","rdp":"00000000","next":"80045d78","qvalid":0,"qcapacity":8,"thread":"80068f90","tasks":2}
PDOBS {"n":2253,"ev":"sp_write_before","pc":"80035fd8","count":"ba031118","frame":3,"a":"00000400","b":"ffffffff","sp":"000002c3","mi":"00000000","mask":"0000003f","cause":"10000000","sr":"2400ff01","dp":"00000008","type":1,"locked":0,"sp_due":"00000000","rsp":"80045dd8","rs":"00000012","rdp":"00000000","next":"80045d78","qvalid":0,"qcapacity":8,"thread":"80068f90","tasks":2}
PDOBS {"n":2254,"ev":"sp_write_after","pc":"80035fd8","count":"ba031118","frame":3,"a":"00000400","b":"ffffffff","sp":"000002c3","mi":"00000000","mask":"0000003f","cause":"10000000","sr":"2400ff01","dp":"00000008","type":1,"locked":0,"sp_due":"00000000","rsp":"80045dd8","rs":"00000012","rdp":"00000000","next":"80045d78","qvalid":0,"qcapacity":8,"thread":"80068f90","tasks":2}
PDOBS {"n":2255,"ev":"sp_write_before","pc":"80035fd8","count":"ba1bd1fe","frame":3,"a":"00000400","b":"ffffffff","sp":"000002c3","mi":"00000000","mask":"0000003f","cause":"10000000","sr":"2400ff01","dp":"00000008","type":1,"locked":0,"sp_due":"00000000","rsp":"80045dd8","rs":"00000012","rdp":"00000000","next":"80045d78","qvalid":0,"qcapacity":8,"thread":"80068f90","tasks":2}
PDOBS {"n":2256,"ev":"sp_write_after","pc":"80035fd8","count":"ba1bd1fe","frame":3,"a":"00000400","b":"ffffffff","sp":"000002c3","mi":"00000000","mask":"0000003f","cause":"10000000","sr":"2400ff01","dp":"00000008","type":1,"locked":0,"sp_due":"00000000","rsp":"80045dd8","rs":"00000012","rdp":"00000000","next":"80045d78","qvalid":0,"qcapacity":8,"thread":"80068f90","tasks":2}
PDOBS {"n":2257,"ev":"sp_write_before","pc":"80035fd8","count":"ba3492e8","frame":3,"a":"00000400","b":"ffffffff","sp":"000002c3","mi":"00000000","mask":"0000003f","cause":"10000000","sr":"2400ff01","dp":"00000008","type":1,"locked":0,"sp_due":"00000000","rsp":"80045dd8","rs":"00000012","rdp":"00000000","next":"80045d78","qvalid":0,"qcapacity":8,"thread":"80068f90","tasks":2}
PDOBS {"n":2258,"ev":"sp_write_after","pc":"80035fd8","count":"ba3492e8","frame":3,"a":"00000400","b":"ffffffff","sp":"000002c3","mi":"00000000","mask":"0000003f","cause":"10000000","sr":"2400ff01","dp":"00000008","type":1,"locked":0,"sp_due":"00000000","rsp":"80045dd8","rs":"00000012","rdp":"00000000","next":"80045d78","qvalid":0,"qcapacity":8,"thread":"80068f90","tasks":2}
PDOBS {"n":2259,"ev":"sp_write_before","pc":"80035fd8","count":"ba4d53d6","frame":3,"a":"00000400","b":"ffffffff","sp":"000002c3","mi":"00000000","mask":"0000003f","cause":"10000000","sr":"2400ff01","dp":"00000008","type":1,"locked":0,"sp_due":"00000000","rsp":"80045dd8","rs":"00000012","rdp":"00000000","next":"80045d78","qvalid":0,"qcapacity":8,"thread":"80068f90","tasks":2}
PDOBS {"n":2260,"ev":"sp_write_after","pc":"80035fd8","count":"ba4d53d6","frame":3,"a":"00000400","b":"ffffffff","sp":"000002c3","mi":"00000000","mask":"0000003f","cause":"10000000","sr":"2400ff01","dp":"00000008","type":1,"locked":0,"sp_due":"00000000","rsp":"80045dd8","rs":"00000012","rdp":"00000000","next":"80045d78","qvalid":0,"qcapacity":8,"thread":"80068f90","tasks":2}
PDOBS {"n":2261,"ev":"sp_write_before","pc":"80035fd8","count":"ba6614bc","frame":3,"a":"00000400","b":"ffffffff","sp":"000002c3","mi":"00000000","mask":"0000003f","cause":"10000000","sr":"2400ff01","dp":"00000008","type":1,"locked":0,"sp_due":"00000000","rsp":"80045dd8","rs":"00000012","rdp":"00000000","next":"80045d78","qvalid":0,"qcapacity":8,"thread":"80068f90","tasks":2}
PDOBS {"n":2262,"ev":"sp_write_after","pc":"80035fd8","count":"ba6614bc","frame":3,"a":"00000400","b":"ffffffff","sp":"000002c3","mi":"00000000","mask":"0000003f","cause":"10000000","sr":"2400ff01","dp":"00000008","type":1,"locked":0,"sp_due":"00000000","rsp":"80045dd8","rs":"00000012","rdp":"00000000","next":"80045d78","qvalid":0,"qcapacity":8,"thread":"80068f90","tasks":2}
PDOBS {"n":2263,"ev":"sp_write_before","pc":"80035fd8","count":"ba7ed5aa","frame":3,"a":"00000400","b":"ffffffff","sp":"000002c3","mi":"00000000","mask":"0000003f","cause":"10000000","sr":"2400ff01","dp":"00000008","type":1,"locked":0,"sp_due":"00000000","rsp":"80045dd8","rs":"00000012","rdp":"00000000","next":"80045d78","qvalid":0,"qcapacity":8,"thread":"80068f90","tasks":2}
PDOBS {"n":2264,"ev":"sp_write_after","pc":"80035fd8","count":"ba7ed5aa","frame":3,"a":"00000400","b":"ffffffff","sp":"000002c3","mi":"00000000","mask":"0000003f","cause":"10000000","sr":"2400ff01","dp":"00000008","type":1,"locked":0,"sp_due":"00000000","rsp":"80045dd8","rs":"00000012","rdp":"00000000","next":"80045d78","qvalid":0,"qcapacity":8,"thread":"80068f90","tasks":2}
PDOBS {"n":2265,"ev":"sp_write_before","pc":"80035fd8","count":"ba979690","frame":3,"a":"00000400","b":"ffffffff","sp":"000002c3","mi":"00000000","mask":"0000003f","cause":"10000000","sr":"2400ff01","dp":"00000008","type":1,"locked":0,"sp_due":"00000000","rsp":"80045dd8","rs":"00000012","rdp":"00000000","next":"80045d78","qvalid":0,"qcapacity":8,"thread":"80068f90","tasks":2}
PDOBS {"n":2266,"ev":"sp_write_after","pc":"80035fd8","count":"ba979690","frame":3,"a":"00000400","b":"ffffffff","sp":"000002c3","mi":"00000000","mask":"0000003f","cause":"10000000","sr":"2400ff01","dp":"00000008","type":1,"locked":0,"sp_due":"00000000","rsp":"80045dd8","rs":"00000012","rdp":"00000000","next":"80045d78","qvalid":0,"qcapacity":8,"thread":"80068f90","tasks":2}
PDOBS {"n":2267,"ev":"sp_write_before","pc":"80035fd8","count":"bab0577e","frame":3,"a":"00000400","b":"ffffffff","sp":"000002c3","mi":"00000000","mask":"0000003f","cause":"10000000","sr":"2400ff01","dp":"00000008","type":1,"locked":0,"sp_due":"00000000","rsp":"80045dd8","rs":"00000012","rdp":"00000000","next":"80045d78","qvalid":0,"qcapacity":8,"thread":"80068f90","tasks":2}
PDOBS {"n":2268,"ev":"sp_write_after","pc":"80035fd8","count":"bab0577e","frame":3,"a":"00000400","b":"ffffffff","sp":"000002c3","mi":"00000000","mask":"0000003f","cause":"10000000","sr":"2400ff01","dp":"00000008","type":1,"locked":0,"sp_due":"00000000","rsp":"80045dd8","rs":"00000012","rdp":"00000000","next":"80045d78","qvalid":0,"qcapacity":8,"thread":"80068f90","tasks":2}
PDOBS {"n":2269,"ev":"sp_write_before","pc":"80035fd8","count":"bac91864","frame":3,"a":"00000400","b":"ffffffff","sp":"000002c3","mi":"00000000","mask":"0000003f","cause":"10000000","sr":"2400ff01","dp":"00000008","type":1,"locked":0,"sp_due":"00000000","rsp":"80045dd8","rs":"00000012","rdp":"00000000","next":"80045d78","qvalid":0,"qcapacity":8,"thread":"80068f90","tasks":2}
PDOBS {"n":2270,"ev":"sp_write_after","pc":"80035fd8","count":"bac91864","frame":3,"a":"00000400","b":"ffffffff","sp":"000002c3","mi":"00000000","mask":"0000003f","cause":"10000000","sr":"2400ff01","dp":"00000008","type":1,"locked":0,"sp_due":"00000000","rsp":"80045dd8","rs":"00000012","rdp":"00000000","next":"80045d78","qvalid":0,"qcapacity":8,"thread":"80068f90","tasks":2}
PDOBS {"n":2271,"ev":"sp_write_before","pc":"80035fd8","count":"bae1d94e","frame":3,"a":"00000400","b":"ffffffff","sp":"000002c3","mi":"00000000","mask":"0000003f","cause":"10000000","sr":"2400ff01","dp":"00000008","type":1,"locked":0,"sp_due":"00000000","rsp":"80045dd8","rs":"00000012","rdp":"00000000","next":"80045d78","qvalid":0,"qcapacity":8,"thread":"80068f90","tasks":2}
PDOBS {"n":2272,"ev":"sp_write_after","pc":"80035fd8","count":"bae1d94e","frame":3,"a":"00000400","b":"ffffffff","sp":"000002c3","mi":"00000000","mask":"0000003f","cause":"10000000","sr":"2400ff01","dp":"00000008","type":1,"locked":0,"sp_due":"00000000","rsp":"80045dd8","rs":"00000012","rdp":"00000000","next":"80045d78","qvalid":0,"qcapacity":8,"thread":"80068f90","tasks":2}
PDOBS {"n":2273,"ev":"sp_write_before","pc":"80035fd8","count":"bafa9a3c","frame":3,"a":"00000400","b":"ffffffff","sp":"000002c3","mi":"00000000","mask":"0000003f","cause":"10000000","sr":"2400ff01","dp":"00000008","type":1,"locked":0,"sp_due":"00000000","rsp":"80045dd8","rs":"00000012","rdp":"00000000","next":"80045d78","qvalid":0,"qcapacity":8,"thread":"80068f90","tasks":2}
PDOBS {"n":2274,"ev":"sp_write_after","pc":"80035fd8","count":"bafa9a3c","frame":3,"a":"00000400","b":"ffffffff","sp":"000002c3","mi":"00000000","mask":"0000003f","cause":"10000000","sr":"2400ff01","dp":"00000008","type":1,"locked":0,"sp_due":"00000000","rsp":"80045dd8","rs":"00000012","rdp":"00000000","next":"80045d78","qvalid":0,"qcapacity":8,"thread":"80068f90","tasks":2}
PDOBS {"n":2275,"ev":"sp_write_before","pc":"80035fd8","count":"bb135b26","frame":3,"a":"00000400","b":"ffffffff","sp":"000002c3","mi":"00000000","mask":"0000003f","cause":"10000000","sr":"2400ff01","dp":"00000008","type":1,"locked":0,"sp_due":"00000000","rsp":"80045dd8","rs":"00000012","rdp":"00000000","next":"80045d78","qvalid":0,"qcapacity":8,"thread":"80068f90","tasks":2}
PDOBS {"n":2276,"ev":"sp_write_after","pc":"80035fd8","count":"bb135b26","frame":3,"a":"00000400","b":"ffffffff","sp":"000002c3","mi":"00000000","mask":"0000003f","cause":"10000000","sr":"2400ff01","dp":"00000008","type":1,"locked":0,"sp_due":"00000000","rsp":"80045dd8","rs":"00000012","rdp":"00000000","next":"80045d78","qvalid":0,"qcapacity":8,"thread":"80068f90","tasks":2}
PDOBS {"n":2277,"ev":"sp_write_before","pc":"80035fd8","count":"bb2c1c0c","frame":3,"a":"00000400","b":"ffffffff","sp":"000002c3","mi":"00000000","mask":"0000003f","cause":"10000000","sr":"2400ff01","dp":"00000008","type":1,"locked":0,"sp_due":"00000000","rsp":"80045dd8","rs":"00000012","rdp":"00000000","next":"80045d78","qvalid":0,"qcapacity":8,"thread":"80068f90","tasks":2}
PDOBS {"n":2278,"ev":"sp_write_after","pc":"80035fd8","count":"bb2c1c0c","frame":3,"a":"00000400","b":"ffffffff","sp":"000002c3","mi":"00000000","mask":"0000003f","cause":"10000000","sr":"2400ff01","dp":"00000008","type":1,"locked":0,"sp_due":"00000000","rsp":"80045dd8","rs":"00000012","rdp":"00000000","next":"80045d78","qvalid":0,"qcapacity":8,"thread":"80068f90","tasks":2}
PDOBS {"n":2279,"ev":"sp_write_before","pc":"80035fd8","count":"bb44dcf6","frame":3,"a":"00000400","b":"ffffffff","sp":"000002c3","mi":"00000000","mask":"0000003f","cause":"10000000","sr":"2400ff01","dp":"00000008","type":1,"locked":0,"sp_due":"00000000","rsp":"80045dd8","rs":"00000012","rdp":"00000000","next":"80045d78","qvalid":0,"qcapacity":8,"thread":"80068f90","tasks":2}
PDOBS {"n":2280,"ev":"sp_write_after","pc":"80035fd8","count":"bb44dcf6","frame":3,"a":"00000400","b":"ffffffff","sp":"000002c3","mi":"00000000","mask":"0000003f","cause":"10000000","sr":"2400ff01","dp":"00000008","type":1,"locked":0,"sp_due":"00000000","rsp":"80045dd8","rs":"00000012","rdp":"00000000","next":"80045d78","qvalid":0,"qcapacity":8,"thread":"80068f90","tasks":2}
PDOBS {"n":2281,"ev":"sp_write_before","pc":"80035fd8","count":"bb5d9de0","frame":3,"a":"00000400","b":"ffffffff","sp":"000002c3","mi":"00000000","mask":"0000003f","cause":"10000000","sr":"2400ff01","dp":"00000008","type":1,"locked":0,"sp_due":"00000000","rsp":"80045dd8","rs":"00000012","rdp":"00000000","next":"80045d78","qvalid":0,"qcapacity":8,"thread":"80068f90","tasks":2}
PDOBS {"n":2282,"ev":"sp_write_after","pc":"80035fd8","count":"bb5d9de0","frame":3,"a":"00000400","b":"ffffffff","sp":"000002c3","mi":"00000000","mask":"0000003f","cause":"10000000","sr":"2400ff01","dp":"00000008","type":1,"locked":0,"sp_due":"00000000","rsp":"80045dd8","rs":"00000012","rdp":"00000000","next":"80045d78","qvalid":0,"qcapacity":8,"thread":"80068f90","tasks":2}
PDOBS {"n":2283,"ev":"sp_write_before","pc":"80035fd8","count":"bb765ed2","frame":3,"a":"00000400","b":"ffffffff","sp":"000002c3","mi":"00000000","mask":"0000003f","cause":"10000000","sr":"2400ff01","dp":"00000008","type":1,"locked":0,"sp_due":"00000000","rsp":"80045dd8","rs":"00000012","rdp":"00000000","next":"80045d78","qvalid":0,"qcapacity":8,"thread":"80068f90","tasks":2}
PDOBS {"n":2284,"ev":"sp_write_after","pc":"80035fd8","count":"bb765ed2","frame":3,"a":"00000400","b":"ffffffff","sp":"000002c3","mi":"00000000","mask":"0000003f","cause":"10000000","sr":"2400ff01","dp":"00000008","type":1,"locked":0,"sp_due":"00000000","rsp":"80045dd8","rs":"00000012","rdp":"00000000","next":"80045d78","qvalid":0,"qcapacity":8,"thread":"80068f90","tasks":2}
PDOBS {"n":2285,"ev":"sp_write_before","pc":"80035fd8","count":"bb8f1fb4","frame":3,"a":"00000400","b":"ffffffff","sp":"000002c3","mi":"00000000","mask":"0000003f","cause":"10000000","sr":"2400ff01","dp":"00000008","type":1,"locked":0,"sp_due":"00000000","rsp":"80045dd8","rs":"00000012","rdp":"00000000","next":"80045d78","qvalid":0,"qcapacity":8,"thread":"80068f90","tasks":2}
PDOBS {"n":2286,"ev":"sp_write_after","pc":"80035fd8","count":"bb8f1fb4","frame":3,"a":"00000400","b":"ffffffff","sp":"000002c3","mi":"00000000","mask":"0000003f","cause":"10000000","sr":"2400ff01","dp":"00000008","type":1,"locked":0,"sp_due":"00000000","rsp":"80045dd8","rs":"00000012","rdp":"00000000","next":"80045d78","qvalid":0,"qcapacity":8,"thread":"80068f90","tasks":2}
PDOBS {"n":2287,"ev":"sp_write_before","pc":"80035fd8","count":"bba7e09e","frame":3,"a":"00000400","b":"ffffffff","sp":"000002c3","mi":"00000000","mask":"0000003f","cause":"10000000","sr":"2400ff01","dp":"00000008","type":1,"locked":0,"sp_due":"00000000","rsp":"80045dd8","rs":"00000012","rdp":"00000000","next":"80045d78","qvalid":0,"qcapacity":8,"thread":"80068f90","tasks":2}
PDOBS {"n":2288,"ev":"sp_write_after","pc":"80035fd8","count":"bba7e09e","frame":3,"a":"00000400","b":"ffffffff","sp":"000002c3","mi":"00000000","mask":"0000003f","cause":"10000000","sr":"2400ff01","dp":"00000008","type":1,"locked":0,"sp_due":"00000000","rsp":"80045dd8","rs":"00000012","rdp":"00000000","next":"80045d78","qvalid":0,"qcapacity":8,"thread":"80068f90","tasks":2}
PDOBS {"n":2289,"ev":"sp_write_before","pc":"80035fd8","count":"bbc0a188","frame":3,"a":"00000400","b":"ffffffff","sp":"000002c3","mi":"00000000","mask":"0000003f","cause":"10000000","sr":"2400ff01","dp":"00000008","type":1,"locked":0,"sp_due":"00000000","rsp":"80045dd8","rs":"00000012","rdp":"00000000","next":"80045d78","qvalid":0,"qcapacity":8,"thread":"80068f90","tasks":2}
PDOBS {"n":2290,"ev":"sp_write_after","pc":"80035fd8","count":"bbc0a188","frame":3,"a":"00000400","b":"ffffffff","sp":"000002c3","mi":"00000000","mask":"0000003f","cause":"10000000","sr":"2400ff01","dp":"00000008","type":1,"locked":0,"sp_due":"00000000","rsp":"80045dd8","rs":"00000012","rdp":"00000000","next":"80045d78","qvalid":0,"qcapacity":8,"thread":"80068f90","tasks":2}
PDOBS {"n":2291,"ev":"sp_write_before","pc":"80035fd8","count":"bbd96276","frame":3,"a":"00000400","b":"ffffffff","sp":"000002c3","mi":"00000000","mask":"0000003f","cause":"10000000","sr":"2400ff01","dp":"00000008","type":1,"locked":0,"sp_due":"00000000","rsp":"80045dd8","rs":"00000012","rdp":"00000000","next":"80045d78","qvalid":0,"qcapacity":8,"thread":"80068f90","tasks":2}
PDOBS {"n":2292,"ev":"sp_write_after","pc":"80035fd8","count":"bbd96276","frame":3,"a":"00000400","b":"ffffffff","sp":"000002c3","mi":"00000000","mask":"0000003f","cause":"10000000","sr":"2400ff01","dp":"00000008","type":1,"locked":0,"sp_due":"00000000","rsp":"80045dd8","rs":"00000012","rdp":"00000000","next":"80045d78","qvalid":0,"qcapacity":8,"thread":"80068f90","tasks":2}
PDOBS {"n":2293,"ev":"sp_write_before","pc":"80035fd8","count":"bbf22360","frame":3,"a":"00000400","b":"ffffffff","sp":"000002c3","mi":"00000000","mask":"0000003f","cause":"10000000","sr":"2400ff01","dp":"00000008","type":1,"locked":0,"sp_due":"00000000","rsp":"80045dd8","rs":"00000012","rdp":"00000000","next":"80045d78","qvalid":0,"qcapacity":8,"thread":"80068f90","tasks":2}
PDOBS {"n":2294,"ev":"sp_write_after","pc":"80035fd8","count":"bbf22360","frame":3,"a":"00000400","b":"ffffffff","sp":"000002c3","mi":"00000000","mask":"0000003f","cause":"10000000","sr":"2400ff01","dp":"00000008","type":1,"locked":0,"sp_due":"00000000","rsp":"80045dd8","rs":"00000012","rdp":"00000000","next":"80045d78","qvalid":0,"qcapacity":8,"thread":"80068f90","tasks":2}
PDOBS {"n":2295,"ev":"sp_write_before","pc":"80035fd8","count":"bc0ae446","frame":3,"a":"00000400","b":"ffffffff","sp":"000002c3","mi":"00000000","mask":"0000003f","cause":"10000000","sr":"2400ff01","dp":"00000008","type":1,"locked":0,"sp_due":"00000000","rsp":"80045dd8","rs":"00000012","rdp":"00000000","next":"80045d78","qvalid":0,"qcapacity":8,"thread":"80068f90","tasks":2}
PDOBS {"n":2296,"ev":"sp_write_after","pc":"80035fd8","count":"bc0ae446","frame":3,"a":"00000400","b":"ffffffff","sp":"000002c3","mi":"00000000","mask":"0000003f","cause":"10000000","sr":"2400ff01","dp":"00000008","type":1,"locked":0,"sp_due":"00000000","rsp":"80045dd8","rs":"00000012","rdp":"00000000","next":"80045d78","qvalid":0,"qcapacity":8,"thread":"80068f90","tasks":2}
PDOBS {"n":2297,"ev":"sp_write_before","pc":"80035fd8","count":"bc23a530","frame":3,"a":"00000400","b":"ffffffff","sp":"000002c3","mi":"00000000","mask":"0000003f","cause":"10000000","sr":"2400ff01","dp":"00000008","type":1,"locked":0,"sp_due":"00000000","rsp":"80045dd8","rs":"00000012","rdp":"00000000","next":"80045d78","qvalid":0,"qcapacity":8,"thread":"80068f90","tasks":2}
PDOBS {"n":2298,"ev":"sp_write_after","pc":"80035fd8","count":"bc23a530","frame":3,"a":"00000400","b":"ffffffff","sp":"000002c3","mi":"00000000","mask":"0000003f","cause":"10000000","sr":"2400ff01","dp":"00000008","type":1,"locked":0,"sp_due":"00000000","rsp":"80045dd8","rs":"00000012","rdp":"00000000","next":"80045d78","qvalid":0,"qcapacity":8,"thread":"80068f90","tasks":2}
PDOBS {"n":2299,"ev":"sp_write_before","pc":"80035fd8","count":"bc3c661e","frame":3,"a":"00000400","b":"ffffffff","sp":"000002c3","mi":"00000000","mask":"0000003f","cause":"10000000","sr":"2400ff01","dp":"00000008","type":1,"locked":0,"sp_due":"00000000","rsp":"80045dd8","rs":"00000012","rdp":"00000000","next":"80045d78","qvalid":0,"qcapacity":8,"thread":"80068f90","tasks":2}
PDOBS {"n":2300,"ev":"sp_write_after","pc":"80035fd8","count":"bc3c661e","frame":3,"a":"00000400","b":"ffffffff","sp":"000002c3","mi":"00000000","mask":"0000003f","cause":"10000000","sr":"2400ff01","dp":"00000008","type":1,"locked":0,"sp_due":"00000000","rsp":"80045dd8","rs":"00000012","rdp":"00000000","next":"80045d78","qvalid":0,"qcapacity":8,"thread":"80068f90","tasks":2}
PDOBS {"n":2301,"ev":"sp_write_before","pc":"80035fd8","count":"bc552704","frame":3,"a":"00000400","b":"ffffffff","sp":"000002c3","mi":"00000000","mask":"0000003f","cause":"10000000","sr":"2400ff01","dp":"00000008","type":1,"locked":0,"sp_due":"00000000","rsp":"80045dd8","rs":"00000012","rdp":"00000000","next":"80045d78","qvalid":0,"qcapacity":8,"thread":"80068f90","tasks":2}
PDOBS {"n":2302,"ev":"sp_write_after","pc":"80035fd8","count":"bc552704","frame":3,"a":"00000400","b":"ffffffff","sp":"000002c3","mi":"00000000","mask":"0000003f","cause":"10000000","sr":"2400ff01","dp":"00000008","type":1,"locked":0,"sp_due":"00000000","rsp":"80045dd8","rs":"00000012","rdp":"00000000","next":"80045d78","qvalid":0,"qcapacity":8,"thread":"80068f90","tasks":2}
PDOBS {"n":2303,"ev":"sp_write_before","pc":"80035fd8","count":"bc6de7f2","frame":3,"a":"00000400","b":"ffffffff","sp":"000002c3","mi":"00000000","mask":"0000003f","cause":"10000000","sr":"2400ff01","dp":"00000008","type":1,"locked":0,"sp_due":"00000000","rsp":"80045dd8","rs":"00000012","rdp":"00000000","next":"80045d78","qvalid":0,"qcapacity":8,"thread":"80068f90","tasks":2}
PDOBS {"n":2304,"ev":"sp_write_after","pc":"80035fd8","count":"bc6de7f2","frame":3,"a":"00000400","b":"ffffffff","sp":"000002c3","mi":"00000000","mask":"0000003f","cause":"10000000","sr":"2400ff01","dp":"00000008","type":1,"locked":0,"sp_due":"00000000","rsp":"80045dd8","rs":"00000012","rdp":"00000000","next":"80045d78","qvalid":0,"qcapacity":8,"thread":"80068f90","tasks":2}
PDOBS {"n":2305,"ev":"sp_write_before","pc":"80035fd8","count":"bc86a8d8","frame":3,"a":"00000400","b":"ffffffff","sp":"000002c3","mi":"00000000","mask":"0000003f","cause":"10000000","sr":"2400ff01","dp":"00000008","type":1,"locked":0,"sp_due":"00000000","rsp":"80045dd8","rs":"00000012","rdp":"00000000","next":"80045d78","qvalid":0,"qcapacity":8,"thread":"80068f90","tasks":2}
PDOBS {"n":2306,"ev":"sp_write_after","pc":"80035fd8","count":"bc86a8d8","frame":3,"a":"00000400","b":"ffffffff","sp":"000002c3","mi":"00000000","mask":"0000003f","cause":"10000000","sr":"2400ff01","dp":"00000008","type":1,"locked":0,"sp_due":"00000000","rsp":"80045dd8","rs":"00000012","rdp":"00000000","next":"80045d78","qvalid":0,"qcapacity":8,"thread":"80068f90","tasks":2}
FRAME 3000 video=453 640x480 seconds=54.8
DONE frames=3000 ram=8388608 save=296960 state=16790604
PDOBS {"n":2307,"ev":"sp_write_before","pc":"80035fd8","count":"bc9f69c6","frame":3,"a":"00000400","b":"ffffffff","sp":"000002c3","mi":"00000000","mask":"0000003f","cause":"10000000","sr":"2400ff01","dp":"00000008","type":1,"locked":0,"sp_due":"00000000","rsp":"80045dd8","rs":"00000012","rdp":"00000000","next":"80045d78","qvalid":0,"qcapacity":8,"thread":"80068f90","tasks":2}
PDOBS {"n":2308,"ev":"sp_write_after","pc":"80035fd8","count":"bc9f69c6","frame":3,"a":"00000400","b":"ffffffff","sp":"000002c3","mi":"00000000","mask":"0000003f","cause":"10000000","sr":"2400ff01","dp":"00000008","type":1,"locked":0,"sp_due":"00000000","rsp":"80045dd8","rs":"00000012","rdp":"00000000","next":"80045d78","qvalid":0,"qcapacity":8,"thread":"80068f90","tasks":2}
